Entity,Code,Year,Official development assistance (ODA) and private grants by donor - Net disbursements,990658-annotations
Adaptation Fund,,2010,22450000,
Adaptation Fund,,2011,46350000,
Adaptation Fund,,2012,24060000,
Adaptation Fund,,2013,6790000,
Adaptation Fund,,2014,40230000,
Adaptation Fund,,2015,47860000,
Adaptation Fund,,2016,43760000,
Adaptation Fund,,2017,33480000,
Adaptation Fund,,2018,51300000,
Adaptation Fund,,2019,67650000,
Adaptation Fund,,2020,78820000,
Adaptation Fund,,2021,61590000,
Adaptation Fund,,2022,67690000,
African Development Bank,,2001,107130000,
African Development Bank,,2002,146300000,
African Development Bank,,2003,111550000,
African Development Bank,,2004,182020000,
African Development Bank,,2005,196290000,
African Development Bank,,2006,208630000,
African Development Bank,,2007,187410000,
African Development Bank,,2008,179800000,
African Development Bank,,2009,176240000,
African Development Bank,,2010,132899990,
African Development Bank,,2011,123230000,
African Development Bank,,2012,115480000,
African Development Bank,,2013,142690000,
African Development Bank,,2014,136800000,
African Development Bank,,2015,136180000,
African Development Bank,,2016,177670000,
African Development Bank,,2017,130060000,
African Development Bank,,2018,102480000,
African Development Bank,,2019,13950000,
African Development Bank,,2020,7060000,
African Development Bank,,2021,8720000,
African Development Bank,,2022,5670000,
"African Development Bank, Total",,1965,-450000,
"African Development Bank, Total",,1966,-276400000,
"African Development Bank, Total",,1967,-270980000,
"African Development Bank, Total",,1975,14930000,
"African Development Bank, Total",,1976,39710000,
"African Development Bank, Total",,1977,90420000,
"African Development Bank, Total",,1978,118210000,
"African Development Bank, Total",,1979,144600000,
"African Development Bank, Total",,1980,232370000,
"African Development Bank, Total",,1981,224270000,
"African Development Bank, Total",,1982,311090000,
"African Development Bank, Total",,1983,400860000,
"African Development Bank, Total",,1984,287709980,
"African Development Bank, Total",,1985,542100000,
"African Development Bank, Total",,1986,576040000,
"African Development Bank, Total",,1987,683310000,
"African Development Bank, Total",,1988,597179970,
"African Development Bank, Total",,1989,829320000,
"African Development Bank, Total",,1990,927950000,
"African Development Bank, Total",,1991,925490000,
"African Development Bank, Total",,1992,950480000,
"African Development Bank, Total",,1993,978990000,
"African Development Bank, Total",,1994,805739970,
"African Development Bank, Total",,1995,694900030,
"African Development Bank, Total",,1996,769500000,
"African Development Bank, Total",,1997,816170000,
"African Development Bank, Total",,1998,811610000,
"African Development Bank, Total",,1999,637250000,
"African Development Bank, Total",,2000,432440000,
"African Development Bank, Total",,2001,745220000,
"African Development Bank, Total",,2002,1055560060,
"African Development Bank, Total",,2003,745480000,
"African Development Bank, Total",,2004,1299100000,
"African Development Bank, Total",,2005,1202540000,
"African Development Bank, Total",,2006,2489110000,
"African Development Bank, Total",,2007,1514310000,
"African Development Bank, Total",,2008,1829040000,
"African Development Bank, Total",,2009,2897830100,
"African Development Bank, Total",,2010,1907670000,
"African Development Bank, Total",,2011,2235860200,
"African Development Bank, Total",,2012,2476120000,
"African Development Bank, Total",,2013,2315920000,
"African Development Bank, Total",,2014,2032230000,
"African Development Bank, Total",,2015,2401840000,
"African Development Bank, Total",,2016,2425830100,
"African Development Bank, Total",,2017,2764129800,
"African Development Bank, Total",,2018,2160909800,
"African Development Bank, Total",,2019,1748250000,
"African Development Bank, Total",,2020,2487730000,
"African Development Bank, Total",,2021,1919260000,
"African Development Bank, Total",,2022,888610000,
African Development Fund,,1965,-450000,
African Development Fund,,1966,-276400000,
African Development Fund,,1967,-270980000,
African Development Fund,,1975,14930000,
African Development Fund,,1976,39710000,
African Development Fund,,1977,90420000,
African Development Fund,,1978,118210000,
African Development Fund,,1979,144600000,
African Development Fund,,1980,232370000,
African Development Fund,,1981,224270000,
African Development Fund,,1982,311090000,
African Development Fund,,1983,400860000,
African Development Fund,,1984,287709980,
African Development Fund,,1985,542100000,
African Development Fund,,1986,576040000,
African Development Fund,,1987,683310000,
African Development Fund,,1988,597179970,
African Development Fund,,1989,829320000,
African Development Fund,,1990,927950000,
African Development Fund,,1991,925490000,
African Development Fund,,1992,950480000,
African Development Fund,,1993,978990000,
African Development Fund,,1994,805739970,
African Development Fund,,1995,694900030,
African Development Fund,,1996,769500000,
African Development Fund,,1997,816170000,
African Development Fund,,1998,811610000,
African Development Fund,,1999,637250000,
African Development Fund,,2000,432440000,
African Development Fund,,2001,638090050,
African Development Fund,,2002,909260000,
African Development Fund,,2003,633930000,
African Development Fund,,2004,1117079900,
African Development Fund,,2005,1006250000,
African Development Fund,,2006,2280490000,
African Development Fund,,2007,1326900000,
African Development Fund,,2008,1649239900,
African Development Fund,,2009,2721590000,
African Development Fund,,2010,1774770000,
African Development Fund,,2011,2112629900,
African Development Fund,,2012,2360629800,
African Development Fund,,2013,2173230000,
African Development Fund,,2014,1895430000,
African Development Fund,,2015,2265660000,
African Development Fund,,2016,2248160000,
African Development Fund,,2017,2634070000,
African Development Fund,,2018,2058430000,
African Development Fund,,2019,1734290000,
African Development Fund,,2020,2480660000,
African Development Fund,,2021,1910530000,
African Development Fund,,2022,882940000,
Arab Bank for Economic Development in Africa,,1976,8200000,
Arab Bank for Economic Development in Africa,,1977,26220000,
Arab Bank for Economic Development in Africa,,1978,87070000,
Arab Bank for Economic Development in Africa,,1979,109780000,
Arab Bank for Economic Development in Africa,,1980,87190000,
Arab Bank for Economic Development in Africa,,1981,69540000,
Arab Bank for Economic Development in Africa,,1982,77310000,
Arab Bank for Economic Development in Africa,,1983,70190000,
Arab Bank for Economic Development in Africa,,1984,43870000,
Arab Bank for Economic Development in Africa,,1985,24520000,
Arab Bank for Economic Development in Africa,,1986,62840000,
Arab Bank for Economic Development in Africa,,1987,14960000,
Arab Bank for Economic Development in Africa,,1988,-10150000,
Arab Bank for Economic Development in Africa,,1989,-20480000,
Arab Bank for Economic Development in Africa,,1990,-16330000,
Arab Bank for Economic Development in Africa,,1991,25020000,
Arab Bank for Economic Development in Africa,,1992,19900000,
Arab Bank for Economic Development in Africa,,1993,5880000,
Arab Bank for Economic Development in Africa,,1994,1590000,
Arab Bank for Economic Development in Africa,,1999,32040000,
Arab Bank for Economic Development in Africa,,2000,18960000,
Arab Bank for Economic Development in Africa,,2001,47600000,
Arab Bank for Economic Development in Africa,,2004,59050000,
Arab Bank for Economic Development in Africa,,2005,63680000,
Arab Bank for Economic Development in Africa,,2006,81750000,
Arab Bank for Economic Development in Africa,,2007,112470000,
Arab Bank for Economic Development in Africa,,2008,104080000,
Arab Bank for Economic Development in Africa,,2009,92320000,
Arab Bank for Economic Development in Africa,,2010,79110000,
Arab Bank for Economic Development in Africa,,2011,46030000,
Arab Bank for Economic Development in Africa,,2012,71990000,
Arab Bank for Economic Development in Africa,,2013,81070000,
Arab Bank for Economic Development in Africa,,2014,55570000,
Arab Bank for Economic Development in Africa,,2015,78140000,
Arab Fund,,1974,28930000,
Arab Fund,,1975,155760000,
Arab Fund,,1976,237220000,
Arab Fund,,1977,298920000,
Arab Fund,,1978,549990000,
Arab Fund,,1979,278690020,
Arab Fund,,1980,176510000,
Arab Fund,,1981,220700000,
Arab Fund,,1982,156970000,
Arab Fund,,1983,164030000,
Arab Fund,,1984,96660000,
Arab Fund,,1985,105060000,
Arab Fund,,1986,153700000,
Arab Fund,,1987,141140000,
Arab Fund,,1988,142540000,
Arab Fund,,1989,272980000,
Arab Fund,,1990,133740010,
Arab Fund,,1991,204860000,
Arab Fund,,1992,343720000,
Arab Fund,,1993,291589980,
Arab Fund,,1994,365120000,
Arab Fund,,2008,620349950,
Arab Fund,,2009,281230000,
Arab Fund,,2010,498070000,
Arab Fund,,2011,296400000,
Arab Fund,,2012,305840000,
Arab Fund,,2013,385260000,
Arab Fund,,2014,356420000,
Arab Fund,,2015,60210000,
Arab Fund,,2016,52950000,
Arab Fund,,2017,6100000,
Arab Fund,,2018,146760000,
Arab Fund,,2019,352750000,
Arab Fund,,2020,406309980,
Arab Fund,,2021,96490000,
Arab Fund,,2022,-44130000,
Arcadia Fund,,2015,5300000,
Arcadia Fund,,2016,19770000,
Arcadia Fund,,2017,50200000,
Arcadia Fund,,2018,55220000,
Arcadia Fund,,2019,58690000,
Arcadia Fund,,2020,18260000,
Arcadia Fund,,2021,51250000,
Arcadia Fund,,2022,38140000,
Arcus Foundation,,2015,17300000,
Arcus Foundation,,2016,19040000,
Arcus Foundation,,2017,18210000,
Arcus Foundation,,2018,18350000,
Arcus Foundation,,2019,17130000,
Arcus Foundation,,2020,21500000,
Arcus Foundation,,2021,20410000,
Arcus Foundation,,2022,20980000,
Asian Development Bank,,2012,722770050,
Asian Development Bank,,2013,1001160000,
Asian Development Bank,,2014,1470420100,
Asian Development Bank,,2015,1591360000,
Asian Development Bank,,2016,1522420100,
Asian Development Bank,,2017,1199890000,
Asian Development Bank,,2018,732990000,
Asian Development Bank,,2019,1651410000,
Asian Development Bank,,2020,2894520000,
Asian Development Bank,,2021,1413719900,
Asian Development Bank,,2022,1535870000,
Asian Forest Cooperation Organization,,2022,3690000,
Asian Infrastructure Investment Bank,,2018,230000,
Asian Infrastructure Investment Bank,,2019,1760000,
Asian Infrastructure Investment Bank,,2020,2560000,
Asian Infrastructure Investment Bank,,2021,1940000,
Asian Infrastructure Investment Bank,,2022,4210000,
Australia,AUS,1960,669824200,
Australia,AUS,1961,798427900,
Australia,AUS,1962,824690750,
Australia,AUS,1963,1040219840,
Australia,AUS,1964,1054626240,
Australia,AUS,1965,1218380800,
Australia,AUS,1966,1313583200,
Australia,AUS,1967,1546114200,
Australia,AUS,1968,1485076700,
Australia,AUS,1969,1651905900,
Australia,AUS,1970,1788900100,
Australia,AUS,1971,1680127700,
Australia,AUS,1972,1933925200,
Australia,AUS,1973,1543724800,
Australia,AUS,1974,1860684800,
Australia,AUS,1975,2282532400,
Australia,AUS,1976,1482410900,
Australia,AUS,1977,1580054000,
Australia,AUS,1978,2080678900,
Australia,AUS,1979,2080061000,
Australia,AUS,1980,1971068300,
Australia,AUS,1981,1730974700,
Australia,AUS,1982,2379048400,
Australia,AUS,1983,2106242700,
Australia,AUS,1984,2108071800,
Australia,AUS,1985,2411913700,
Australia,AUS,1986,2368940300,
Australia,AUS,1987,1766812900,
Australia,AUS,1988,2565938400,
Australia,AUS,1989,2176242000,
Australia,AUS,1990,1969928200,
Australia,AUS,1991,2124525200,
Australia,AUS,1992,2163750100,
Australia,AUS,1993,2172832300,
Australia,AUS,1994,2283649500,
Australia,AUS,1995,2394931200,
Australia,AUS,1996,1997970800,
Australia,AUS,1997,2053536900,
Australia,AUS,1998,2185727200,
Australia,AUS,1999,2148060400,
Australia,AUS,2000,2308374500,
Australia,AUS,2001,2211425500,
Australia,AUS,2002,2314017500,
Australia,AUS,2003,2320946000,
Australia,AUS,2004,2365596700,
Australia,AUS,2005,2512795000,
Australia,AUS,2006,3059612200,
Australia,AUS,2007,3313616000,
Australia,AUS,2008,3494732300,
Australia,AUS,2009,3440430000,
Australia,AUS,2010,3848673800,
Australia,AUS,2011,4254683600,
Australia,AUS,2012,4630055400,
Australia,AUS,2013,4397910500,
Australia,AUS,2014,4243829500,
Australia,AUS,2015,4087278300,
Australia,AUS,2016,3836527400,
Australia,AUS,2017,3329339000,
Australia,AUS,2018,3464234500,
Australia,AUS,2019,3309269500,
Australia,AUS,2020,3293140200,
Australia,AUS,2021,3534767600,
Australia,AUS,2022,3078790100,
Australia,AUS,2023,3245239600,
Austria,AUT,1960,1442955,
Austria,AUT,1961,39868636,
Austria,AUT,1962,30333656,
Austria,AUT,1963,53519732,
Austria,AUT,1964,81493816,
Austria,AUT,1965,127273340,
Austria,AUT,1966,142086200,
Austria,AUT,1967,165011250,
Austria,AUT,1968,174353470,
Austria,AUT,1969,147232160,
Austria,AUT,1970,102957760,
Austria,AUT,1971,108063620,
Austria,AUT,1972,134914450,
Austria,AUT,1973,239427020,
Austria,AUT,1974,309581730,
Austria,AUT,1975,359556480,
Austria,AUT,1976,220479330,
Austria,AUT,1977,419820800,
Austria,AUT,1978,495623780,
Austria,AUT,1979,373315230,
Austria,AUT,1980,463328450,
Austria,AUT,1981,660300300,
Austria,AUT,1982,719414340,
Austria,AUT,1983,490073200,
Austria,AUT,1984,597364100,
Austria,AUT,1985,823042300,
Austria,AUT,1986,469422430,
Austria,AUT,1987,386003780,
Austria,AUT,1988,556455200,
Austria,AUT,1989,542851400,
Austria,AUT,1990,269457760,
Austria,AUT,1991,467138020,
Austria,AUT,1992,294972220,
Austria,AUT,1993,306758100,
Austria,AUT,1994,460989220,
Austria,AUT,1995,766417340,
Austria,AUT,1996,676400300,
Austria,AUT,1997,723575230,
Austria,AUT,1998,678032960,
Austria,AUT,1999,756797200,
Austria,AUT,2000,771075900,
Austria,AUT,2001,1120863000,
Austria,AUT,2002,865214340,
Austria,AUT,2003,691401340,
Austria,AUT,2004,829994940,
Austria,AUT,2005,1878773000,
Austria,AUT,2006,1739308500,
Austria,AUT,2007,1883706000,
Austria,AUT,2008,1661929000,
Austria,AUT,2009,1125850900,
Austria,AUT,2010,1241981600,
Austria,AUT,2011,1068523200,
Austria,AUT,2012,1127216300,
Austria,AUT,2013,1137876600,
Austria,AUT,2014,1174697700,
Austria,AUT,2015,1472911100,
Austria,AUT,2016,1792681500,
Austria,AUT,2017,1332364700,
Austria,AUT,2018,1164312800,
Austria,AUT,2019,1272027400,
Austria,AUT,2020,1310260200,
Austria,AUT,2021,1397019900,
Austria,AUT,2022,1836060000,
Austria,AUT,2023,1655278500,
Azerbaijan,AZE,2014,15805594,
Azerbaijan,AZE,2015,14263368,
Azerbaijan,AZE,2016,14878634,
Azerbaijan,AZE,2017,20379964,
Azerbaijan,AZE,2018,29517486,
Azerbaijan,AZE,2019,27488712,
Azerbaijan,AZE,2020,45617844,
Azerbaijan,AZE,2022,43992400,
Belgium,BEL,1960,1028772740,
Belgium,BEL,1961,928310340,
Belgium,BEL,1962,690806850,
Belgium,BEL,1963,767126140,
Belgium,BEL,1964,654207400,
Belgium,BEL,1965,883893100,
Belgium,BEL,1966,638426900,
Belgium,BEL,1967,719561400,
Belgium,BEL,1968,698570800,
Belgium,BEL,1969,889247900,
Belgium,BEL,1970,866738240,
Belgium,BEL,1971,981036900,
Belgium,BEL,1972,1104386800,
Belgium,BEL,1973,1109758800,
Belgium,BEL,1974,1139885300,
Belgium,BEL,1975,1335199700,
Belgium,BEL,1976,1173107200,
Belgium,BEL,1977,1105222700,
Belgium,BEL,1978,1344196900,
Belgium,BEL,1979,1435084000,
Belgium,BEL,1980,1273306000,
Belgium,BEL,1981,1485139100,
Belgium,BEL,1982,1475986300,
Belgium,BEL,1983,1501183200,
Belgium,BEL,1984,1497679600,
Belgium,BEL,1985,1453087400,
Belgium,BEL,1986,1319358300,
Belgium,BEL,1987,1363362000,
Belgium,BEL,1988,1148657900,
Belgium,BEL,1989,1374957300,
Belgium,BEL,1990,1434475400,
Belgium,BEL,1991,1331756000,
Belgium,BEL,1992,1268528000,
Belgium,BEL,1993,1220935700,
Belgium,BEL,1994,1039891140,
Belgium,BEL,1995,1287214800,
Belgium,BEL,1996,1188311300,
Belgium,BEL,1997,1138588200,
Belgium,BEL,1998,1311941900,
Belgium,BEL,1999,1170993800,
Belgium,BEL,2000,1431675300,
Belgium,BEL,2001,1528619300,
Belgium,BEL,2002,1765759600,
Belgium,BEL,2003,2501201400,
Belgium,BEL,2004,1762084500,
Belgium,BEL,2005,2315131000,
Belgium,BEL,2006,2257130500,
Belgium,BEL,2007,2003416200,
Belgium,BEL,2008,2281780200,
Belgium,BEL,2009,2571560700,
Belgium,BEL,2010,3054460400,
Belgium,BEL,2011,2671006200,
Belgium,BEL,2012,2336628000,
Belgium,BEL,2013,2218556200,
Belgium,BEL,2014,2339062500,
Belgium,BEL,2015,2149259500,
Belgium,BEL,2016,2555176700,
Belgium,BEL,2017,2350230800,
Belgium,BEL,2018,2363326700,
Belgium,BEL,2019,2302035200,
Belgium,BEL,2020,2395805200,
Belgium,BEL,2021,2494621000,
Belgium,BEL,2022,2687449900,
Belgium,BEL,2023,2699045000,
Bernard van Leer Foundation,,2017,15480000,
Bernard van Leer Foundation,,2018,14570000,
Bernard van Leer Foundation,,2019,14840000,
Bernard van Leer Foundation,,2020,14310000,
Bernard van Leer Foundation,,2021,13200000,
Bernard van Leer Foundation,,2022,11460000,
Bezos Earth Fund,,2020,322690020,
Bezos Earth Fund,,2021,352560000,
Bezos Earth Fund,,2022,169910000,
Bill & Melinda Gates Foundation,,2009,3302810000,
Bill & Melinda Gates Foundation,,2010,2594270000,
Bill & Melinda Gates Foundation,,2011,3412950000,
Bill & Melinda Gates Foundation,,2012,3313970000,
Bill & Melinda Gates Foundation,,2013,3468930000,
Bill & Melinda Gates Foundation,,2014,3505510000,
Bill & Melinda Gates Foundation,,2015,3914520000,
Bill & Melinda Gates Foundation,,2016,4493310000,
Bill & Melinda Gates Foundation,,2017,4423899600,
Bill & Melinda Gates Foundation,,2018,4603270000,
Bill & Melinda Gates Foundation,,2019,4601629700,
Bill & Melinda Gates Foundation,,2020,5113490400,
Bill & Melinda Gates Foundation,,2021,5098180000,
Bill & Melinda Gates Foundation,,2022,4932040000,
Bloomberg Family Foundation,,2017,213270000,
Bloomberg Family Foundation,,2018,245350000,
Bloomberg Family Foundation,,2019,162120000,
Bloomberg Family Foundation,,2020,217060000,
Bloomberg Family Foundation,,2021,295989980,
Bloomberg Family Foundation,,2022,387900000,
Bulgaria,BGR,2010,42213972,
Bulgaria,BGR,2011,47611628,
Bulgaria,BGR,2012,40315964,
Bulgaria,BGR,2013,49487652,
Bulgaria,BGR,2014,48441956,
Bulgaria,BGR,2015,45046270,
Bulgaria,BGR,2016,74958184,
Bulgaria,BGR,2017,67531700,
Bulgaria,BGR,2018,71295760,
Bulgaria,BGR,2019,69267320,
Bulgaria,BGR,2020,88110900,
Bulgaria,BGR,2021,88459730,
Bulgaria,BGR,2022,232451150,
Bulgaria,BGR,2023,162651040,
CGIAR,,2022,82850000,
Canada,CAN,1960,525943100,
Canada,CAN,1961,509529540,
Canada,CAN,1962,364893800,
Canada,CAN,1963,558887500,
Canada,CAN,1964,655441150,
Canada,CAN,1965,781973500,
Canada,CAN,1966,1486416400,
Canada,CAN,1967,1439482600,
Canada,CAN,1968,1378330100,
Canada,CAN,1969,1456848500,
Canada,CAN,1970,2112125000,
Canada,CAN,1971,2251116500,
Canada,CAN,1972,2507189800,
Canada,CAN,1973,2539004200,
Canada,CAN,1974,2996243500,
Canada,CAN,1975,3455919000,
Canada,CAN,1976,3089659100,
Canada,CAN,1977,3489292000,
Canada,CAN,1978,3746372400,
Canada,CAN,1979,3482338300,
Canada,CAN,1980,3223205000,
Canada,CAN,1981,3312238000,
Canada,CAN,1982,3151681000,
Canada,CAN,1983,3555967700,
Canada,CAN,1984,4102799400,
Canada,CAN,1985,4203370200,
Canada,CAN,1986,4309713400,
Canada,CAN,1987,4365874000,
Canada,CAN,1988,4825821700,
Canada,CAN,1989,4383191000,
Canada,CAN,1990,4447639000,
Canada,CAN,1991,4468186000,
Canada,CAN,1992,4486952000,
Canada,CAN,1993,4510721000,
Canada,CAN,1994,4412600300,
Canada,CAN,1995,3983650600,
Canada,CAN,1996,3379971800,
Canada,CAN,1997,3864456700,
Canada,CAN,1998,3461369900,
Canada,CAN,1999,3400623600,
Canada,CAN,2000,3329699600,
Canada,CAN,2001,3002015500,
Canada,CAN,2002,3931360500,
Canada,CAN,2003,3440213500,
Canada,CAN,2004,3962612500,
Canada,CAN,2005,5171838500,
Canada,CAN,2006,4628001000,
Canada,CAN,2007,4701071000,
Canada,CAN,2008,5318097400,
Canada,CAN,2009,4819315700,
Canada,CAN,2010,5514827300,
Canada,CAN,2011,5369315300,
Canada,CAN,2012,5547348000,
Canada,CAN,2013,4922296300,
Canada,CAN,2014,4437441500,
Canada,CAN,2015,5225628000,
Canada,CAN,2016,4941606400,
Canada,CAN,2017,5168344600,
Canada,CAN,2018,5474151000,
Canada,CAN,2019,5392190000,
Canada,CAN,2020,5818318300,
Canada,CAN,2021,6459481000,
Canada,CAN,2022,9274140000,
Canada,CAN,2023,9416793000,
Caribbean Development Bank,,1973,3510000,
Caribbean Development Bank,,1974,12760000,
Caribbean Development Bank,,1975,60420000,
Caribbean Development Bank,,1976,36650000,
Caribbean Development Bank,,1977,41080000,
Caribbean Development Bank,,1978,58880000,
Caribbean Development Bank,,1979,66699996,
Caribbean Development Bank,,1980,104240000,
Caribbean Development Bank,,1981,96240000,
Caribbean Development Bank,,1982,92040000,
Caribbean Development Bank,,1983,78270000,
Caribbean Development Bank,,1984,41470000,
Caribbean Development Bank,,1985,52670000,
Caribbean Development Bank,,1986,52880000,
Caribbean Development Bank,,1987,65480004,
Caribbean Development Bank,,1988,57120000,
Caribbean Development Bank,,1989,65180000,
Caribbean Development Bank,,1990,59570000,
Caribbean Development Bank,,1991,36710000,
Caribbean Development Bank,,1992,34100000,
Caribbean Development Bank,,1993,23830000,
Caribbean Development Bank,,1994,33419998,
Caribbean Development Bank,,1995,-28950000,
Caribbean Development Bank,,1996,730000,
Caribbean Development Bank,,1997,420000,
Caribbean Development Bank,,1998,4360000,
Caribbean Development Bank,,1999,16250000,
Caribbean Development Bank,,2000,28650000,
Caribbean Development Bank,,2001,48570000,
Caribbean Development Bank,,2002,92770000,
Caribbean Development Bank,,2003,32210000,
Caribbean Development Bank,,2004,44470000,
Caribbean Development Bank,,2005,32820000,
Caribbean Development Bank,,2006,36350000,
Caribbean Development Bank,,2007,43450000,
Caribbean Development Bank,,2008,65059996,
Caribbean Development Bank,,2009,71480000,
Caribbean Development Bank,,2010,57570000,
Caribbean Development Bank,,2011,38060000,
Caribbean Development Bank,,2012,42440000,
Caribbean Development Bank,,2013,64690004,
Caribbean Development Bank,,2014,86360000,
Caribbean Development Bank,,2015,31900000,
Caribbean Development Bank,,2016,-26610000,
Caribbean Development Bank,,2017,5380000,
Caribbean Development Bank,,2018,18690000,
Caribbean Development Bank,,2019,191190000,
Caribbean Development Bank,,2020,163170000,
Caribbean Development Bank,,2021,119200000,
Caribbean Development Bank,,2022,7670000,
Carnegie Corporation of New York,,2017,28500000,
Carnegie Corporation of New York,,2018,21300000,
Carnegie Corporation of New York,,2019,27180000,
Carnegie Corporation of New York,,2020,22150000,
Carnegie Corporation of New York,,2021,15560000,
Carnegie Corporation of New York,,2022,23620000,
Center of Excellence in Finance,,2016,980000,
Center of Excellence in Finance,,2017,980000,
Center of Excellence in Finance,,2018,1230000,
Center of Excellence in Finance,,2019,1190000,
Center of Excellence in Finance,,2020,1170000,
Center of Excellence in Finance,,2021,1150000,
Center of Excellence in Finance,,2022,1050000,
Central American Bank for Economic Integration,,2020,490269980,
Central American Bank for Economic Integration,,2021,290180000,
Central American Bank for Economic Integration,,2022,1226400000,
Central Emergency Response Fund,,2017,453840000,
Central Emergency Response Fund,,2018,520940000,
Central Emergency Response Fund,,2019,569550000,
Central Emergency Response Fund,,2020,871800000,
Central Emergency Response Fund,,2021,531580030,
Central Emergency Response Fund,,2022,734650050,
Children's Investment Fund Foundation,,2017,227750000,
Children's Investment Fund Foundation,,2018,246110000,
Children's Investment Fund Foundation,,2019,289560000,
Children's Investment Fund Foundation,,2020,362829980,
Children's Investment Fund Foundation,,2021,332490000,
Children's Investment Fund Foundation,,2022,397400000,
Citi Foundation,,2017,29350000,
Citi Foundation,,2018,31870000,
Citi Foundation,,2019,30530000,
Citi Foundation,,2020,32960000,
Citi Foundation,,2021,20880000,
Climate Investment Funds,,2013,150550000,
Climate Investment Funds,,2014,348549980,
Climate Investment Funds,,2015,451860000,
Climate Investment Funds,,2016,56850000,
Climate Investment Funds,,2017,371589980,
Climate Investment Funds,,2018,422800000,
Climate Investment Funds,,2019,70580000,
Climate Investment Funds,,2020,616820030,
Climate Investment Funds,,2021,211620000,
Climate Investment Funds,,2022,222710000,
Comic Relief,,2013,42080000,
Comic Relief,,2014,62140000,
Comic Relief,,2015,65170000,
Comic Relief,,2016,48560000,
Comic Relief,,2017,54870000,
Comic Relief,,2018,37550000,
Comic Relief,,2019,49060000,
Comic Relief,,2020,27080000,
Comic Relief,,2021,22780000,
Conrad N. Hilton Foundation,,2013,46130000,
Conrad N. Hilton Foundation,,2014,49900000,
Conrad N. Hilton Foundation,,2015,54110000,
Conrad N. Hilton Foundation,,2016,53070000,
Conrad N. Hilton Foundation,,2017,59670000,
Conrad N. Hilton Foundation,,2018,53530000,
Conrad N. Hilton Foundation,,2019,47930000,
Conrad N. Hilton Foundation,,2020,75190000,
Conrad N. Hilton Foundation,,2021,147410000,
Conrad N. Hilton Foundation,,2022,200540000,
Council of Europe Development Bank,,2010,16260000,
Council of Europe Development Bank,,2011,129380010,
Council of Europe Development Bank,,2012,93380000,
Council of Europe Development Bank,,2013,117050000,
Council of Europe Development Bank,,2014,68480000,
Council of Europe Development Bank,,2015,47010000,
Council of Europe Development Bank,,2016,92220000,
Council of Europe Development Bank,,2017,67660000,
Council of Europe Development Bank,,2018,6950000,
Council of Europe Development Bank,,2019,43920000,
Council of Europe Development Bank,,2020,-9700000,
Council of Europe Development Bank,,2021,-6520000,
Council of Europe Development Bank,,2022,-47570000,
Croatia,HRV,2012,21555670,
Croatia,HRV,2013,44932596,
Croatia,HRV,2014,71752220,
Croatia,HRV,2015,56580230,
Croatia,HRV,2016,45012576,
Croatia,HRV,2017,58188164,
Croatia,HRV,2018,82109816,
Croatia,HRV,2019,76917450,
Croatia,HRV,2020,79142080,
Croatia,HRV,2021,85132790,
Croatia,HRV,2022,138217390,
Croatia,HRV,2023,141279860,
Cyprus,CYP,2005,17832904,
Cyprus,CYP,2006,29709524,
Cyprus,CYP,2007,37082692,
Cyprus,CYP,2008,37998076,
Cyprus,CYP,2009,47954150,
Cyprus,CYP,2010,53348700,
Cyprus,CYP,2011,37012680,
Cyprus,CYP,2012,25309748,
Cyprus,CYP,2013,20323326,
Cyprus,CYP,2014,18423272,
Cyprus,CYP,2015,20074370,
Cyprus,CYP,2018,26020352,
Cyprus,CYP,2019,21154128,
Cyprus,CYP,2020,15243637,
Cyprus,CYP,2021,19834544,
Cyprus,CYP,2022,13705465,
Cyprus,CYP,2023,17211954,
Czechia,CZE,1993,69692800,
Czechia,CZE,1994,78246296,
Czechia,CZE,1998,38981350,
Czechia,CZE,1999,37123556,
Czechia,CZE,2000,44459340,
Czechia,CZE,2001,68371810,
Czechia,CZE,2002,98271390,
Czechia,CZE,2003,166175180,
Czechia,CZE,2004,174458340,
Czechia,CZE,2005,202803800,
Czechia,CZE,2006,226127220,
Czechia,CZE,2007,218151760,
Czechia,CZE,2008,254703490,
Czechia,CZE,2009,234151260,
Czechia,CZE,2010,252954900,
Czechia,CZE,2011,257916750,
Czechia,CZE,2012,246485420,
Czechia,CZE,2013,233718270,
Czechia,CZE,2014,243271760,
Czechia,CZE,2015,267691170,
Czechia,CZE,2016,343977060,
Czechia,CZE,2017,379690900,
Czechia,CZE,2018,345385660,
Czechia,CZE,2019,355248060,
Czechia,CZE,2020,333496830,
Czechia,CZE,2021,368978750,
Czechia,CZE,2022,1051260000,
Czechia,CZE,2023,689296400,
DAC EU members (OECD),,1960,11605083000,
DAC EU members (OECD),,1961,13006537000,
DAC EU members (OECD),,1962,13169264000,
DAC EU members (OECD),,1963,11234262000,
DAC EU members (OECD),,1964,11276677000,
DAC EU members (OECD),,1965,10988760000,
DAC EU members (OECD),,1966,10814903000,
DAC EU members (OECD),,1967,12663011000,
DAC EU members (OECD),,1968,12900721000,
DAC EU members (OECD),,1969,13998894000,
DAC EU members (OECD),,1970,13990109000,
DAC EU members (OECD),,1971,15063818000,
DAC EU members (OECD),,1972,14967575000,
DAC EU members (OECD),,1973,15294874000,
DAC EU members (OECD),,1974,17393822000,
DAC EU members (OECD),,1975,18486030000,
DAC EU members (OECD),,1976,18353467000,
DAC EU members (OECD),,1977,18424523000,
DAC EU members (OECD),,1978,20334944000,
DAC EU members (OECD),,1979,22960407000,
DAC EU members (OECD),,1980,24512450000,
DAC EU members (OECD),,1981,27273079000,
DAC EU members (OECD),,1982,29282214000,
DAC EU members (OECD),,1983,28014633000,
DAC EU members (OECD),,1984,30808834000,
DAC EU members (OECD),,1985,31587607000,
DAC EU members (OECD),,1986,32811086000,
DAC EU members (OECD),,1987,32553980000,
DAC EU members (OECD),,1988,33962620000,
DAC EU members (OECD),,1989,37400030000,
DAC EU members (OECD),,1990,36913940000,
DAC EU members (OECD),,1991,38635094000,
DAC EU members (OECD),,1992,39674550000,
DAC EU members (OECD),,1993,38135054000,
DAC EU members (OECD),,1994,37374185000,
DAC EU members (OECD),,1995,34182121000,
DAC EU members (OECD),,1996,34931913000,
DAC EU members (OECD),,1997,32599759000,
DAC EU members (OECD),,1998,33618784000,
DAC EU members (OECD),,1999,34092368000,
DAC EU members (OECD),,2000,34537325000,
DAC EU members (OECD),,2001,36727947000,
DAC EU members (OECD),,2002,38946656000,
DAC EU members (OECD),,2003,39328950000,
DAC EU members (OECD),,2004,39991750000,
DAC EU members (OECD),,2005,50809143000,
DAC EU members (OECD),,2006,51250380000,
DAC EU members (OECD),,2007,50996650000,
DAC EU members (OECD),,2008,54560027000,
DAC EU members (OECD),,2009,53056827000,
DAC EU members (OECD),,2010,55549514000,
DAC EU members (OECD),,2011,53815288000,
DAC EU members (OECD),,2012,49380962000,
DAC EU members (OECD),,2013,49477400000,
DAC EU members (OECD),,2014,51722070000,
DAC EU members (OECD),,2015,59770946000,
DAC EU members (OECD),,2016,69770160000,
DAC EU members (OECD),,2017,69056300000,
DAC EU members (OECD),,2018,68205650000,
DAC EU members (OECD),,2019,66596800000,
DAC EU members (OECD),,2020,75170546000,
DAC EU members (OECD),,2021,77378430000,
DAC EU members (OECD),,2022,94996000000,
DAC EU members (OECD),,2023,84907800000,
DAC EU members + EC (OECD),,1960,11605083000,
DAC EU members + EC (OECD),,1961,13006537000,
DAC EU members + EC (OECD),,1962,13169264000,
DAC EU members + EC (OECD),,1963,11234262000,
DAC EU members + EC (OECD),,1964,11276677000,
DAC EU members + EC (OECD),,1965,10988760000,
DAC EU members + EC (OECD),,1966,10814903000,
DAC EU members + EC (OECD),,1967,12663011000,
DAC EU members + EC (OECD),,1968,12900721000,
DAC EU members + EC (OECD),,1969,13998894000,
DAC EU members + EC (OECD),,1970,15472400000,
DAC EU members + EC (OECD),,1971,16767078000,
DAC EU members + EC (OECD),,1972,16495316000,
DAC EU members + EC (OECD),,1973,17435494000,
DAC EU members + EC (OECD),,1974,20318208000,
DAC EU members + EC (OECD),,1975,21470157000,
DAC EU members + EC (OECD),,1976,20596412000,
DAC EU members + EC (OECD),,1977,20625443000,
DAC EU members + EC (OECD),,1978,23001539000,
DAC EU members + EC (OECD),,1979,26637690000,
DAC EU members + EC (OECD),,1980,27786365000,
DAC EU members + EC (OECD),,1981,32097266000,
DAC EU members + EC (OECD),,1982,33271927000,
DAC EU members + EC (OECD),,1983,32226300000,
DAC EU members + EC (OECD),,1984,35575000000,
DAC EU members + EC (OECD),,1985,36381650000,
DAC EU members + EC (OECD),,1986,37259047000,
DAC EU members + EC (OECD),,1987,36336427000,
DAC EU members + EC (OECD),,1988,39287665000,
DAC EU members + EC (OECD),,1989,42462510000,
DAC EU members + EC (OECD),,1990,41381966000,
DAC EU members + EC (OECD),,1991,44508205000,
DAC EU members + EC (OECD),,1992,45984784000,
DAC EU members + EC (OECD),,1993,44063265000,
DAC EU members + EC (OECD),,1994,44294810000,
DAC EU members + EC (OECD),,1995,41039745000,
DAC EU members + EC (OECD),,1996,41933005000,
DAC EU members + EC (OECD),,1997,40054477000,
DAC EU members + EC (OECD),,1998,40890140000,
DAC EU members + EC (OECD),,1999,41346413000,
DAC EU members + EC (OECD),,2000,42771948000,
DAC EU members + EC (OECD),,2001,46763643000,
DAC EU members + EC (OECD),,2002,47452940000,
DAC EU members + EC (OECD),,2003,48468650000,
DAC EU members + EC (OECD),,2004,49884676000,
DAC EU members + EC (OECD),,2005,61284140000,
DAC EU members + EC (OECD),,2006,62346270000,
DAC EU members + EC (OECD),,2007,62275707000,
DAC EU members + EC (OECD),,2008,66464055000,
DAC EU members + EC (OECD),,2009,65631650000,
DAC EU members + EC (OECD),,2010,67878298000,
DAC EU members + EC (OECD),,2011,69669020000,
DAC EU members + EC (OECD),,2012,66403447000,
DAC EU members + EC (OECD),,2013,64268485000,
DAC EU members + EC (OECD),,2014,66908094000,
DAC EU members + EC (OECD),,2015,74648860000,
DAC EU members + EC (OECD),,2016,88281490000,
DAC EU members + EC (OECD),,2017,86317924000,
DAC EU members + EC (OECD),,2018,85111990000,
DAC EU members + EC (OECD),,2019,82226840000,
DAC EU members + EC (OECD),,2020,95957795000,
DAC EU members + EC (OECD),,2021,96577700000,
DAC EU members + EC (OECD),,2022,122161865000,
DAC EU members + EC (OECD),,2023,119595620000,
DAC countries (OECD),,1960,39434265000,Major aid donors in the OECD plus EU institutions
DAC countries (OECD),,1961,43254125000,Major aid donors in the OECD plus EU institutions
DAC countries (OECD),,1962,44315406000,Major aid donors in the OECD plus EU institutions
DAC countries (OECD),,1963,44838300000,Major aid donors in the OECD plus EU institutions
DAC countries (OECD),,1964,45147670000,Major aid donors in the OECD plus EU institutions
DAC countries (OECD),,1965,48290720000,Major aid donors in the OECD plus EU institutions
DAC countries (OECD),,1966,46915817000,Major aid donors in the OECD plus EU institutions
DAC countries (OECD),,1967,45280630000,Major aid donors in the OECD plus EU institutions
DAC countries (OECD),,1968,47672430000,Major aid donors in the OECD plus EU institutions
DAC countries (OECD),,1969,45820890000,Major aid donors in the OECD plus EU institutions
DAC countries (OECD),,1970,43907936000,Major aid donors in the OECD plus EU institutions
DAC countries (OECD),,1971,44583050000,Major aid donors in the OECD plus EU institutions
DAC countries (OECD),,1972,49179300000,Major aid donors in the OECD plus EU institutions
DAC countries (OECD),,1973,41828897000,Major aid donors in the OECD plus EU institutions
DAC countries (OECD),,1974,48856924000,Major aid donors in the OECD plus EU institutions
DAC countries (OECD),,1975,51611816000,Major aid donors in the OECD plus EU institutions
DAC countries (OECD),,1976,50060722000,Major aid donors in the OECD plus EU institutions
DAC countries (OECD),,1977,51946086000,Major aid donors in the OECD plus EU institutions
DAC countries (OECD),,1978,57999483000,Major aid donors in the OECD plus EU institutions
DAC countries (OECD),,1979,57706020000,Major aid donors in the OECD plus EU institutions
DAC countries (OECD),,1980,64060432000,Major aid donors in the OECD plus EU institutions
DAC countries (OECD),,1981,61290160000,Major aid donors in the OECD plus EU institutions
DAC countries (OECD),,1982,69204620000,Major aid donors in the OECD plus EU institutions
DAC countries (OECD),,1983,68351460000,Major aid donors in the OECD plus EU institutions
DAC countries (OECD),,1984,73140460000,Major aid donors in the OECD plus EU institutions
DAC countries (OECD),,1985,74737010000,Major aid donors in the OECD plus EU institutions
DAC countries (OECD),,1986,76420960000,Major aid donors in the OECD plus EU institutions
DAC countries (OECD),,1987,74546780000,Major aid donors in the OECD plus EU institutions
DAC countries (OECD),,1988,80481890000,Major aid donors in the OECD plus EU institutions
DAC countries (OECD),,1989,77173910000,Major aid donors in the OECD plus EU institutions
DAC countries (OECD),,1990,83645090000,Major aid donors in the OECD plus EU institutions
DAC countries (OECD),,1991,86133424000,Major aid donors in the OECD plus EU institutions
DAC countries (OECD),,1992,87514930000,Major aid donors in the OECD plus EU institutions
DAC countries (OECD),,1993,80699605000,Major aid donors in the OECD plus EU institutions
DAC countries (OECD),,1994,80639910000,Major aid donors in the OECD plus EU institutions
DAC countries (OECD),,1995,71850200000,Major aid donors in the OECD plus EU institutions
DAC countries (OECD),,1996,72543540000,Major aid donors in the OECD plus EU institutions
DAC countries (OECD),,1997,67382116000,Major aid donors in the OECD plus EU institutions
DAC countries (OECD),,1998,73753100000,Major aid donors in the OECD plus EU institutions
DAC countries (OECD),,1999,74468430000,Major aid donors in the OECD plus EU institutions
DAC countries (OECD),,2000,77779390000,Major aid donors in the OECD plus EU institutions
DAC countries (OECD),,2001,80449044000,Major aid donors in the OECD plus EU institutions
DAC countries (OECD),,2002,86650000000,Major aid donors in the OECD plus EU institutions
DAC countries (OECD),,2003,91392310000,Major aid donors in the OECD plus EU institutions
DAC countries (OECD),,2004,97453850000,Major aid donors in the OECD plus EU institutions
DAC countries (OECD),,2005,128044770000,Major aid donors in the OECD plus EU institutions
DAC countries (OECD),,2006,120578240000,Major aid donors in the OECD plus EU institutions
DAC countries (OECD),,2007,111720810000,Major aid donors in the OECD plus EU institutions
DAC countries (OECD),,2008,124793570000,Major aid donors in the OECD plus EU institutions
DAC countries (OECD),,2009,127241410000,Major aid donors in the OECD plus EU institutions
DAC countries (OECD),,2010,134012090000,Major aid donors in the OECD plus EU institutions
DAC countries (OECD),,2011,133040050000,Major aid donors in the OECD plus EU institutions
DAC countries (OECD),,2012,128269120000,Major aid donors in the OECD plus EU institutions
DAC countries (OECD),,2013,134486720000,Major aid donors in the OECD plus EU institutions
DAC countries (OECD),,2014,136977030000,Major aid donors in the OECD plus EU institutions
DAC countries (OECD),,2015,144884480000,Major aid donors in the OECD plus EU institutions
DAC countries (OECD),,2016,160663860000,Major aid donors in the OECD plus EU institutions
DAC countries (OECD),,2017,159806520000,Major aid donors in the OECD plus EU institutions
DAC countries (OECD),,2018,156286070000,Major aid donors in the OECD plus EU institutions
DAC countries (OECD),,2019,155283360000,Major aid donors in the OECD plus EU institutions
DAC countries (OECD),,2020,167216640000,Major aid donors in the OECD plus EU institutions
DAC countries (OECD),,2021,179391250000,Major aid donors in the OECD plus EU institutions
DAC countries (OECD),,2022,213359510000,Major aid donors in the OECD plus EU institutions
DAC countries (OECD),,2023,212906890000,Major aid donors in the OECD plus EU institutions
David and Lucile Packard Foundation,,2017,139950000,
David and Lucile Packard Foundation,,2018,141730000,
David and Lucile Packard Foundation,,2019,135900000,
David and Lucile Packard Foundation,,2020,162490000,
David and Lucile Packard Foundation,,2021,217210000,
David and Lucile Packard Foundation,,2022,107110000,
Denmark,DNK,1960,90761470,
Denmark,DNK,1961,133244250,
Denmark,DNK,1962,79996620,
Denmark,DNK,1963,106697760,
Denmark,DNK,1964,155366690,
Denmark,DNK,1965,124270550,
Denmark,DNK,1966,219002300,
Denmark,DNK,1967,260851710,
Denmark,DNK,1968,292521700,
Denmark,DNK,1969,518024960,
Denmark,DNK,1970,516307070,
Denmark,DNK,1971,597059800,
Denmark,DNK,1972,659531300,
Denmark,DNK,1973,709768600,
Denmark,DNK,1974,807506900,
Denmark,DNK,1975,820547700,
Denmark,DNK,1976,824762900,
Denmark,DNK,1977,904646600,
Denmark,DNK,1978,1146072200,
Denmark,DNK,1979,1214316700,
Denmark,DNK,1980,1247308500,
Denmark,DNK,1981,1194590000,
Denmark,DNK,1982,1306036400,
Denmark,DNK,1983,1270427800,
Denmark,DNK,1984,1542565200,
Denmark,DNK,1985,1482154400,
Denmark,DNK,1986,1748921300,
Denmark,DNK,1987,1744911200,
Denmark,DNK,1988,1772132500,
Denmark,DNK,1989,1864434400,
Denmark,DNK,1990,1921977500,
Denmark,DNK,1991,1982638200,
Denmark,DNK,1992,2136003200,
Denmark,DNK,1993,2195107000,
Denmark,DNK,1994,2288479500,
Denmark,DNK,1995,2233963500,
Denmark,DNK,1996,2474958300,
Denmark,DNK,1997,2551584300,
Denmark,DNK,1998,2661318700,
Denmark,DNK,1999,2774611700,
Denmark,DNK,2000,2996437500,
Denmark,DNK,2001,2953184800,
Denmark,DNK,2002,2748831700,
Denmark,DNK,2003,2403689500,
Denmark,DNK,2004,2497811700,
Denmark,DNK,2005,2516370700,
Denmark,DNK,2006,2590729700,
Denmark,DNK,2007,2654049000,
Denmark,DNK,2008,2647499800,
Denmark,DNK,2009,2731208400,
Denmark,DNK,2010,2842899000,
Denmark,DNK,2011,2749692200,
Denmark,DNK,2012,2665007000,
Denmark,DNK,2013,2786150000,
Denmark,DNK,2014,2830007600,
Denmark,DNK,2015,2881261800,
Denmark,DNK,2016,2656091100,
Denmark,DNK,2017,2660351500,
Denmark,DNK,2018,2658164700,
Denmark,DNK,2019,2740541700,
Denmark,DNK,2020,2714090000,
Denmark,DNK,2021,2798376000,
Denmark,DNK,2022,2764330000,
Denmark,DNK,2023,2979962400,
Dutch Postcode Lottery,,2016,248990000,
Dutch Postcode Lottery,,2017,266310000,
Dutch Postcode Lottery,,2018,252700000,
Dutch Postcode Lottery,,2019,247600000,
Dutch Postcode Lottery,,2020,222760000,
Dutch Postcode Lottery,,2021,196640000,
Dutch Postcode Lottery,,2022,190900000,
EU institutions (OECD),,1960,37910000,
EU institutions (OECD),,1961,178950000,
EU institutions (OECD),,1962,547490000,
EU institutions (OECD),,1963,627290000,
EU institutions (OECD),,1964,817490000,
EU institutions (OECD),,1965,962660000,
EU institutions (OECD),,1966,1165740000,
EU institutions (OECD),,1967,1131880100,
EU institutions (OECD),,1968,1432119900,
EU institutions (OECD),,1969,985640000,
EU institutions (OECD),,1970,1482291100,
EU institutions (OECD),,1971,1703259900,
EU institutions (OECD),,1972,1527742300,
EU institutions (OECD),,1973,2140620500,
EU institutions (OECD),,1974,2924384800,
EU institutions (OECD),,1975,2984125400,
EU institutions (OECD),,1976,2242943500,
EU institutions (OECD),,1977,2200921000,
EU institutions (OECD),,1978,2666597400,
EU institutions (OECD),,1979,3677285400,
EU institutions (OECD),,1980,3273915400,
EU institutions (OECD),,1981,4824185300,
EU institutions (OECD),,1982,3989712000,
EU institutions (OECD),,1983,4211668000,
EU institutions (OECD),,1984,4766167000,
EU institutions (OECD),,1985,4794045000,
EU institutions (OECD),,1986,4447962000,
EU institutions (OECD),,1987,3782443300,
EU institutions (OECD),,1988,5325043000,
EU institutions (OECD),,1989,5062480000,
EU institutions (OECD),,1990,4468026000,
EU institutions (OECD),,1991,5873110000,
EU institutions (OECD),,1992,6310237700,
EU institutions (OECD),,1993,5928212000,
EU institutions (OECD),,1994,6920623000,
EU institutions (OECD),,1995,6857624000,
EU institutions (OECD),,1996,7001091000,
EU institutions (OECD),,1997,7454715000,
EU institutions (OECD),,1998,7271356400,
EU institutions (OECD),,1999,7254049000,
EU institutions (OECD),,2000,8234625000,
EU institutions (OECD),,2001,10035701000,
EU institutions (OECD),,2002,8506280400,
EU institutions (OECD),,2003,9139701000,
EU institutions (OECD),,2004,9892926000,
EU institutions (OECD),,2005,10474997000,
EU institutions (OECD),,2006,11095891000,
EU institutions (OECD),,2007,11279058000,
EU institutions (OECD),,2008,11904028000,
EU institutions (OECD),,2009,12574817000,
EU institutions (OECD),,2010,12328784000,
EU institutions (OECD),,2011,15853738000,
EU institutions (OECD),,2012,17022482000,
EU institutions (OECD),,2013,14791085000,
EU institutions (OECD),,2014,15186023000,
EU institutions (OECD),,2015,14877914000,
EU institutions (OECD),,2016,18511335000,
EU institutions (OECD),,2017,17261623000,
EU institutions (OECD),,2018,16906338000,
EU institutions (OECD),,2019,15630041000,
EU institutions (OECD),,2020,20787250000,
EU institutions (OECD),,2021,19199277000,
EU institutions (OECD),,2022,27165870000,
EU institutions (OECD),,2023,34687820000,
East Timor,TLS,2014,3354210,
East Timor,TLS,2015,4402274,
Estonia,EST,1998,445663,
Estonia,EST,1999,1076924,
Estonia,EST,2000,1684021,
Estonia,EST,2001,1529823,
Estonia,EST,2002,3538687,
Estonia,EST,2003,2458411,
Estonia,EST,2004,9542190,
Estonia,EST,2005,17675444,
Estonia,EST,2006,23740190,
Estonia,EST,2007,22198458,
Estonia,EST,2008,26688468,
Estonia,EST,2009,23694606,
Estonia,EST,2010,24781136,
Estonia,EST,2011,28824424,
Estonia,EST,2012,28775678,
Estonia,EST,2013,35315376,
Estonia,EST,2014,41925170,
Estonia,EST,2015,45019176,
Estonia,EST,2016,56559964,
Estonia,EST,2017,52946720,
Estonia,EST,2018,54736060,
Estonia,EST,2019,55318680,
Estonia,EST,2020,56588780,
Estonia,EST,2021,62217664,
Estonia,EST,2022,200930000,
Estonia,EST,2023,97706380,
European Bank for Reconstruction and Development,,1994,14570000,
European Bank for Reconstruction and Development,,1995,18310000,
European Bank for Reconstruction and Development,,1996,23840000,
European Bank for Reconstruction and Development,,1997,23360000,
European Bank for Reconstruction and Development,,1998,32580002,
European Bank for Reconstruction and Development,,1999,15320000,
European Bank for Reconstruction and Development,,2000,6700000,
European Bank for Reconstruction and Development,,2001,25830000,
European Bank for Reconstruction and Development,,2002,64850000,
European Bank for Reconstruction and Development,,2003,69260000,
European Bank for Reconstruction and Development,,2004,64960000,
European Bank for Reconstruction and Development,,2005,58700000,
European Bank for Reconstruction and Development,,2006,12630000,
European Bank for Reconstruction and Development,,2007,8470000,
European Bank for Reconstruction and Development,,2008,7220000,
Finland,FIN,1961,18729978,
Finland,FIN,1962,20858400,
Finland,FIN,1963,25404622,
Finland,FIN,1964,22003100,
Finland,FIN,1965,16114437,
Finland,FIN,1966,26166058,
Finland,FIN,1967,31309340,
Finland,FIN,1968,38464804,
Finland,FIN,1969,107526080,
Finland,FIN,1970,52603236,
Finland,FIN,1971,95534140,
Finland,FIN,1972,133749380,
Finland,FIN,1973,147540820,
Finland,FIN,1974,160677380,
Finland,FIN,1975,175553360,
Finland,FIN,1976,171844100,
Finland,FIN,1977,157052850,
Finland,FIN,1978,166936270,
Finland,FIN,1979,238985820,
Finland,FIN,1980,256186940,
Finland,FIN,1981,323653250,
Finland,FIN,1982,356012450,
Finland,FIN,1983,403263650,
Finland,FIN,1984,465056400,
Finland,FIN,1985,540183300,
Finland,FIN,1986,625616960,
Finland,FIN,1987,715692500,
Finland,FIN,1988,886877100,
Finland,FIN,1989,996274800,
Finland,FIN,1990,1011492800,
Finland,FIN,1991,1158328400,
Finland,FIN,1992,881666000,
Finland,FIN,1993,609487300,
Finland,FIN,1994,446269100,
Finland,FIN,1995,479418000,
Finland,FIN,1996,530353820,
Finland,FIN,1997,544477200,
Finland,FIN,1998,569276500,
Finland,FIN,1999,618800800,
Finland,FIN,2000,626642000,
Finland,FIN,2001,654794600,
Finland,FIN,2002,732380400,
Finland,FIN,2003,736789950,
Finland,FIN,2004,810764200,
Finland,FIN,2005,1065276740,
Finland,FIN,2006,966941600,
Finland,FIN,2007,1014783700,
Finland,FIN,2008,1110367200,
Finland,FIN,2009,1250680200,
Finland,FIN,2010,1354152200,
Finland,FIN,2011,1325895200,
Finland,FIN,2012,1307345500,
Finland,FIN,2013,1342254000,
Finland,FIN,2014,1504986400,
Finland,FIN,2015,1395895900,
Finland,FIN,2016,1150934100,
Finland,FIN,2017,1145438800,
Finland,FIN,2018,973810940,
Finland,FIN,2019,1181457200,
Finland,FIN,2020,1269644000,
Finland,FIN,2021,1403389000,
Finland,FIN,2022,1615080000,
Finland,FIN,2023,1513824500,
Fondation Botnar,,2017,26160000,
Fondation Botnar,,2018,48830000,
Fondation Botnar,,2019,43050000,
Fondation Botnar,,2020,62280000,
Fondation Botnar,,2021,68810000,
Fondation Botnar,,2022,60410000,
Food and Agriculture Organization (FAO),,2013,450280000,
Food and Agriculture Organization (FAO),,2017,485670000,
Food and Agriculture Organization (FAO),,2018,413060000,
Food and Agriculture Organization (FAO),,2019,482010020,
Food and Agriculture Organization (FAO),,2020,436940000,
Food and Agriculture Organization (FAO),,2021,418610000,
Food and Agriculture Organization (FAO),,2022,429250000,
Ford Foundation,,2017,288269980,
Ford Foundation,,2018,260299980,
Ford Foundation,,2019,222490000,
Ford Foundation,,2020,266310000,
Ford Foundation,,2021,303940000,
Ford Foundation,,2022,310510000,
France,FRA,1960,7215147500,
France,FRA,1961,7676629500,
France,FRA,1962,7630354000,
France,FRA,1963,6282825700,
France,FRA,1964,6098046500,
France,FRA,1965,5377925600,
France,FRA,1966,5183962000,
France,FRA,1967,5584055000,
France,FRA,1968,5561466400,
France,FRA,1969,6088823000,
France,FRA,1970,4722912000,
France,FRA,1971,4881914400,
France,FRA,1972,4996608000,
France,FRA,1973,4527800000,
France,FRA,1974,4817706000,
France,FRA,1975,4793968000,
France,FRA,1976,4627216000,
France,FRA,1977,4521898500,
France,FRA,1978,4710044700,
France,FRA,1979,5352584700,
France,FRA,1980,5635321300,
France,FRA,1981,6655981600,
France,FRA,1982,7388914000,
France,FRA,1983,7453551600,
France,FRA,1984,8304819000,
France,FRA,1985,8385745000,
France,FRA,1986,7937657300,
France,FRA,1987,8728021000,
France,FRA,1988,8725303000,
France,FRA,1989,9610207000,
France,FRA,1990,9864638000,
France,FRA,1991,10274386000,
France,FRA,1992,10586830000,
France,FRA,1993,10662518000,
France,FRA,1994,11088090000,
France,FRA,1995,9826200000,
France,FRA,1996,8767257000,
France,FRA,1997,8394653000,
France,FRA,1998,7651096000,
France,FRA,1999,7825744000,
France,FRA,2000,6484767000,
France,FRA,2001,6690556000,
France,FRA,2002,8140051000,
France,FRA,2003,8812762000,
France,FRA,2004,9213034000,
France,FRA,2005,10692263000,
France,FRA,2006,10957370000,
France,FRA,2007,9133386000,
France,FRA,2008,9345360000,
France,FRA,2009,11176066000,
France,FRA,2010,11914167000,
France,FRA,2011,11314330000,
France,FRA,2012,11197738000,
France,FRA,2013,10140438000,
France,FRA,2014,9449603000,
France,FRA,2015,9511687000,
France,FRA,2016,10102636000,
France,FRA,2017,11611254000,
France,FRA,2018,12442864000,
France,FRA,2019,12090119000,
France,FRA,2020,15430270000,
France,FRA,2021,15308805000,
France,FRA,2022,17558930000,
France,FRA,2023,15408689000,
G7 countries (OECD),,1960,36921010000,"Canada, France, Germany, Italy, Japan, UK and US"
G7 countries (OECD),,1961,40140415000,"Canada, France, Germany, Italy, Japan, UK and US"
G7 countries (OECD),,1962,41399976000,"Canada, France, Germany, Italy, Japan, UK and US"
G7 countries (OECD),,1963,41863823000,"Canada, France, Germany, Italy, Japan, UK and US"
G7 countries (OECD),,1964,42004740000,"Canada, France, Germany, Italy, Japan, UK and US"
G7 countries (OECD),,1965,44480365000,"Canada, France, Germany, Italy, Japan, UK and US"
G7 countries (OECD),,1966,42782050000,"Canada, France, Germany, Italy, Japan, UK and US"
G7 countries (OECD),,1967,40623657000,"Canada, France, Germany, Italy, Japan, UK and US"
G7 countries (OECD),,1968,42618910000,"Canada, France, Germany, Italy, Japan, UK and US"
G7 countries (OECD),,1969,39678600000,"Canada, France, Germany, Italy, Japan, UK and US"
G7 countries (OECD),,1970,37402360000,"Canada, France, Germany, Italy, Japan, UK and US"
G7 countries (OECD),,1971,37858013000,"Canada, France, Germany, Italy, Japan, UK and US"
G7 countries (OECD),,1972,41116873000,"Canada, France, Germany, Italy, Japan, UK and US"
G7 countries (OECD),,1973,34221040000,"Canada, France, Germany, Italy, Japan, UK and US"
G7 countries (OECD),,1974,39816016000,"Canada, France, Germany, Italy, Japan, UK and US"
G7 countries (OECD),,1975,40628410000,"Canada, France, Germany, Italy, Japan, UK and US"
G7 countries (OECD),,1976,39640980000,"Canada, France, Germany, Italy, Japan, UK and US"
G7 countries (OECD),,1977,40586265000,"Canada, France, Germany, Italy, Japan, UK and US"
G7 countries (OECD),,1978,45581283000,"Canada, France, Germany, Italy, Japan, UK and US"
G7 countries (OECD),,1979,44156424000,"Canada, France, Germany, Italy, Japan, UK and US"
G7 countries (OECD),,1980,50161650000,"Canada, France, Germany, Italy, Japan, UK and US"
G7 countries (OECD),,1981,46566590000,"Canada, France, Germany, Italy, Japan, UK and US"
G7 countries (OECD),,1982,52796310000,"Canada, France, Germany, Italy, Japan, UK and US"
G7 countries (OECD),,1983,53380837000,"Canada, France, Germany, Italy, Japan, UK and US"
G7 countries (OECD),,1984,56984277000,"Canada, France, Germany, Italy, Japan, UK and US"
G7 countries (OECD),,1985,57825223000,"Canada, France, Germany, Italy, Japan, UK and US"
G7 countries (OECD),,1986,58808010000,"Canada, France, Germany, Italy, Japan, UK and US"
G7 countries (OECD),,1987,57528873000,"Canada, France, Germany, Italy, Japan, UK and US"
G7 countries (OECD),,1988,62085206000,"Canada, France, Germany, Italy, Japan, UK and US"
G7 countries (OECD),,1989,58245566000,"Canada, France, Germany, Italy, Japan, UK and US"
G7 countries (OECD),,1990,64179786000,"Canada, France, Germany, Italy, Japan, UK and US"
G7 countries (OECD),,1991,65600946000,"Canada, France, Germany, Italy, Japan, UK and US"
G7 countries (OECD),,1992,66259390000,"Canada, France, Germany, Italy, Japan, UK and US"
G7 countries (OECD),,1993,60751565000,"Canada, France, Germany, Italy, Japan, UK and US"
G7 countries (OECD),,1994,60156633000,"Canada, France, Germany, Italy, Japan, UK and US"
G7 countries (OECD),,1995,51311380000,"Canada, France, Germany, Italy, Japan, UK and US"
G7 countries (OECD),,1996,51797262000,"Canada, France, Germany, Italy, Japan, UK and US"
G7 countries (OECD),,1997,45737935000,"Canada, France, Germany, Italy, Japan, UK and US"
G7 countries (OECD),,1998,51011273000,"Canada, France, Germany, Italy, Japan, UK and US"
G7 countries (OECD),,1999,50693665000,"Canada, France, Germany, Italy, Japan, UK and US"
G7 countries (OECD),,2000,52654027000,"Canada, France, Germany, Italy, Japan, UK and US"
G7 countries (OECD),,2001,53571564000,"Canada, France, Germany, Italy, Japan, UK and US"
G7 countries (OECD),,2002,59419170000,"Canada, France, Germany, Italy, Japan, UK and US"
G7 countries (OECD),,2003,63738495000,"Canada, France, Germany, Italy, Japan, UK and US"
G7 countries (OECD),,2004,69037060000,"Canada, France, Germany, Italy, Japan, UK and US"
G7 countries (OECD),,2005,94745960000,"Canada, France, Germany, Italy, Japan, UK and US"
G7 countries (OECD),,2006,85784690000,"Canada, France, Germany, Italy, Japan, UK and US"
G7 countries (OECD),,2007,75123160000,"Canada, France, Germany, Italy, Japan, UK and US"
G7 countries (OECD),,2008,85813630000,"Canada, France, Germany, Italy, Japan, UK and US"
G7 countries (OECD),,2009,87589010000,"Canada, France, Germany, Italy, Japan, UK and US"
G7 countries (OECD),,2010,93533520000,"Canada, France, Germany, Italy, Japan, UK and US"
G7 countries (OECD),,2011,94395260000,"Canada, France, Germany, Italy, Japan, UK and US"
G7 countries (OECD),,2012,91574510000,"Canada, France, Germany, Italy, Japan, UK and US"
G7 countries (OECD),,2013,97037820000,"Canada, France, Germany, Italy, Japan, UK and US"
G7 countries (OECD),,2014,99019350000,"Canada, France, Germany, Italy, Japan, UK and US"
G7 countries (OECD),,2015,103112650000,"Canada, France, Germany, Italy, Japan, UK and US"
G7 countries (OECD),,2016,117180600000,"Canada, France, Germany, Italy, Japan, UK and US"
G7 countries (OECD),,2017,120350384000,"Canada, France, Germany, Italy, Japan, UK and US"
G7 countries (OECD),,2018,116404770000,"Canada, France, Germany, Italy, Japan, UK and US"
G7 countries (OECD),,2019,114649450000,"Canada, France, Germany, Italy, Japan, UK and US"
G7 countries (OECD),,2020,124985926000,"Canada, France, Germany, Italy, Japan, UK and US"
G7 countries (OECD),,2021,137315450000,"Canada, France, Germany, Italy, Japan, UK and US"
G7 countries (OECD),,2022,162820950000,"Canada, France, Germany, Italy, Japan, UK and US"
G7 countries (OECD),,2023,162559000000,"Canada, France, Germany, Italy, Japan, UK and US"
Gatsby Charitable Foundation,,2013,18730000,
Gatsby Charitable Foundation,,2014,7850000,
Gatsby Charitable Foundation,,2015,18850000,
Gatsby Charitable Foundation,,2016,8840000,
Gatsby Charitable Foundation,,2017,13320000,
Gatsby Charitable Foundation,,2018,14360000,
Gatsby Charitable Foundation,,2019,20100000,
Gatsby Charitable Foundation,,2020,18000000,
German Postcode Lottery,,2021,6600000,
German Postcode Lottery,,2022,12180000,
Germany,DEU,1960,1784010400,
Germany,DEU,1961,2689712400,
Germany,DEU,1962,2849616100,
Germany,DEU,1963,2646292500,
Germany,DEU,1964,3021521700,
Germany,DEU,1965,2908814000,
Germany,DEU,1966,2589025000,
Germany,DEU,1967,3083260000,
Germany,DEU,1968,3303252000,
Germany,DEU,1969,3243907300,
Germany,DEU,1970,4339202600,
Germany,DEU,1971,4718781000,
Germany,DEU,1972,4552210000,
Germany,DEU,1973,4891047000,
Germany,DEU,1974,5741465000,
Germany,DEU,1975,6089539000,
Germany,DEU,1976,5690768400,
Germany,DEU,1977,5485374500,
Germany,DEU,1978,6266013700,
Germany,DEU,1979,7925080600,
Germany,DEU,1980,7832688600,
Germany,DEU,1981,8338001000,
Germany,DEU,1982,8483868000,
Germany,DEU,1983,8751244000,
Germany,DEU,1984,8377549000,
Germany,DEU,1985,8971982000,
Germany,DEU,1986,8369756700,
Germany,DEU,1987,7836766700,
Germany,DEU,1988,8113021000,
Germany,DEU,1989,8830073000,
Germany,DEU,1990,9374966000,
Germany,DEU,1991,10177966000,
Germany,DEU,1992,10017129000,
Germany,DEU,1993,9359562000,
Germany,DEU,1994,8826880000,
Germany,DEU,1995,8433246000,
Germany,DEU,1996,8893687000,
Germany,DEU,1997,7875837400,
Germany,DEU,1998,7562657000,
Germany,DEU,1999,7771407000,
Germany,DEU,2000,8233533400,
Germany,DEU,2001,8296444400,
Germany,DEU,2002,8298669000,
Germany,DEU,2003,8704844000,
Germany,DEU,2004,8694992000,
Germany,DEU,2005,11583374000,
Germany,DEU,2006,11823596000,
Germany,DEU,2007,12547865000,
Germany,DEU,2008,13424305000,
Germany,DEU,2009,11796056000,
Germany,DEU,2010,13247737000,
Germany,DEU,2011,13549363000,
Germany,DEU,2012,13260019000,
Germany,DEU,2013,13844061000,
Germany,DEU,2014,15833581000,
Germany,DEU,2015,20135310000,
Germany,DEU,2016,27483075000,
Germany,DEU,2017,26849354000,
Germany,DEU,2018,25810072000,
Germany,DEU,2019,25035952000,
Germany,DEU,2020,29342513000,
Germany,DEU,2021,30384521000,
Germany,DEU,2022,36444680000,
Germany,DEU,2023,32194992000,
Global Alliance for Vaccines and Immunization,,2007,995000000,
Global Alliance for Vaccines and Immunization,,2008,729570000,
Global Alliance for Vaccines and Immunization,,2009,494800000,
Global Alliance for Vaccines and Immunization,,2010,804380000,
Global Alliance for Vaccines and Immunization,,2011,806420000,
Global Alliance for Vaccines and Immunization,,2012,1078050000,
Global Alliance for Vaccines and Immunization,,2013,1539080000,
Global Alliance for Vaccines and Immunization,,2014,1408100000,
Global Alliance for Vaccines and Immunization,,2015,1898689900,
Global Alliance for Vaccines and Immunization,,2016,1483250000,
Global Alliance for Vaccines and Immunization,,2017,1787479900,
Global Alliance for Vaccines and Immunization,,2018,1593470000,
Global Alliance for Vaccines and Immunization,,2019,2186010000,
Global Alliance for Vaccines and Immunization,,2020,2004030100,
Global Alliance for Vaccines and Immunization,,2021,1555000000,
Global Alliance for Vaccines and Immunization,,2022,1900260000,
Global Environment Facility,,1992,117320000,
Global Environment Facility,,1993,182960000,
Global Environment Facility,,1994,177280000,
Global Environment Facility,,1995,158550000,
Global Environment Facility,,1996,207450000,
Global Environment Facility,,1997,182710000,
Global Environment Facility,,1998,229940000,
Global Environment Facility,,1999,316350000,
Global Environment Facility,,2000,426420000,
Global Environment Facility,,2001,558980000,
Global Environment Facility,,2002,595250000,
Global Environment Facility,,2003,524099970,
Global Environment Facility,,2004,525229980,
Global Environment Facility,,2005,561090050,
Global Environment Facility,,2006,566590000,
Global Environment Facility,,2007,546260030,
Global Environment Facility,,2008,628290000,
Global Environment Facility,,2009,723349950,
Global Environment Facility,,2010,754090050,
Global Environment Facility,,2011,655909950,
Global Environment Facility,,2012,676870000,
Global Environment Facility,,2013,749300000,
Global Environment Facility,,2014,837469950,
Global Environment Facility,,2015,894840000,
Global Environment Facility,,2016,942550000,
Global Environment Facility,,2017,479400000,
Global Environment Facility,,2018,471140000,
Global Environment Facility,,2019,291260000,
Global Environment Facility,,2020,408600000,
Global Environment Facility,,2021,457320000,
Global Environment Facility,,2022,508610000,
Global Fund,,2003,284140000,
Global Fund,,2004,709630000,
Global Fund,,2005,1188360000,
Global Fund,,2006,1429239900,
Global Fund,,2007,1729350000,
Global Fund,,2008,2199919900,
Global Fund,,2009,2458930000,
Global Fund,,2010,3131350000,
Global Fund,,2011,2570100200,
Global Fund,,2012,3337530000,
Global Fund,,2013,3933250000,
Global Fund,,2014,2833850000,
Global Fund,,2015,3491410000,
Global Fund,,2016,3929230000,
Global Fund,,2017,4586480000,
Global Fund,,2018,3312889900,
Global Fund,,2019,3711690000,
Global Fund,,2020,4320140300,
Global Fund,,2021,4877710000,
Global Fund,,2022,5226550000,
Global Green Growth Institute,,2013,15670000,
Global Green Growth Institute,,2014,15450000,
Global Green Growth Institute,,2015,9980000,
Global Green Growth Institute,,2016,26540000,
Global Green Growth Institute,,2017,22390000,
Global Green Growth Institute,,2018,19330000,
Global Green Growth Institute,,2019,8800000,
Global Green Growth Institute,,2020,5150000,
Global Green Growth Institute,,2021,3310000,
Global Green Growth Institute,,2022,2570000,
Gordon and Betty Moore Foundation,,2017,58460000,
Gordon and Betty Moore Foundation,,2018,132910000,
Gordon and Betty Moore Foundation,,2019,54670000,
Gordon and Betty Moore Foundation,,2020,67270000,
Gordon and Betty Moore Foundation,,2021,105710000,
Gordon and Betty Moore Foundation,,2022,93190000,
Greece,GRC,1996,201349840,
Greece,GRC,1997,204125760,
Greece,GRC,1998,233437280,
Greece,GRC,1999,248569020,
Greece,GRC,2000,351869200,
Greece,GRC,2001,319591230,
Greece,GRC,2002,402613760,
Greece,GRC,2003,425761380,
Greece,GRC,2004,332804300,
Greece,GRC,2005,389681540,
Greece,GRC,2006,411415460,
Greece,GRC,2007,430840400,
Greece,GRC,2008,550199200,
Greece,GRC,2009,479835100,
Greece,GRC,2010,422536540,
Greece,GRC,2011,333542660,
Greece,GRC,2012,278879100,
Greece,GRC,2013,201259260,
Greece,GRC,2014,212564930,
Greece,GRC,2015,245990800,
Greece,GRC,2016,383182800,
Greece,GRC,2017,318936320,
Greece,GRC,2018,282614800,
Greece,GRC,2019,376323680,
Greece,GRC,2020,330142240,
Greece,GRC,2021,326190900,
Greece,GRC,2022,360440000,
Greece,GRC,2023,299599330,
Green Climate Fund,,2015,450000,
Green Climate Fund,,2016,3350000,
Green Climate Fund,,2017,68850000,
Green Climate Fund,,2018,140130000,
Green Climate Fund,,2019,272450020,
Green Climate Fund,,2020,452470000,
Green Climate Fund,,2021,630270000,
Green Climate Fund,,2022,501530000,
H&M Foundation,,2013,970000,
H&M Foundation,,2014,9970000,
H&M Foundation,,2015,14220000,
H&M Foundation,,2016,14410000,
H&M Foundation,,2017,17470000,
H&M Foundation,,2018,15930000,
H&M Foundation,,2019,17170000,
H&M Foundation,,2020,15080000,
H&M Foundation,,2021,8470000,
H&M Foundation,,2022,5370000,
Howard G. Buffett Foundation,,2017,163560000,
Howard G. Buffett Foundation,,2018,117410000,
Howard G. Buffett Foundation,,2019,176420000,
Howard G. Buffett Foundation,,2020,105310000,
Howard G. Buffett Foundation,,2021,138540000,
Howard G. Buffett Foundation,,2022,237850000,
Hungary,HUN,1975,111894450,
Hungary,HUN,1976,215143170,
Hungary,HUN,1977,172443820,
Hungary,HUN,1978,113396824,
Hungary,HUN,1979,72879980,
Hungary,HUN,1980,164848860,
Hungary,HUN,1981,154557120,
Hungary,HUN,1982,203014900,
Hungary,HUN,1983,168497630,
Hungary,HUN,1984,198002110,
Hungary,HUN,1985,217027330,
Hungary,HUN,1986,184883630,
Hungary,HUN,1987,87976960,
Hungary,HUN,1988,133808000,
Hungary,HUN,1989,43778810,
Hungary,HUN,1990,20005122,
Hungary,HUN,1991,18371674,
Hungary,HUN,1992,554616,
Hungary,HUN,2003,29111826,
Hungary,HUN,2004,82671360,
Hungary,HUN,2005,113520200,
Hungary,HUN,2006,172001680,
Hungary,HUN,2007,98517544,
Hungary,HUN,2008,92917170,
Hungary,HUN,2009,111837864,
Hungary,HUN,2010,110028760,
Hungary,HUN,2011,127563220,
Hungary,HUN,2012,117537224,
Hungary,HUN,2013,123070170,
Hungary,HUN,2014,138779890,
Hungary,HUN,2015,175029600,
Hungary,HUN,2016,222980080,
Hungary,HUN,2017,156041660,
Hungary,HUN,2018,280800640,
Hungary,HUN,2019,315619360,
Hungary,HUN,2020,420985950,
Hungary,HUN,2021,405293000,
Hungary,HUN,2022,371280000,
Hungary,HUN,2023,255012690,
IFAD,,1979,6940000,
IFAD,,1980,130119990,
IFAD,,1981,186020000,
IFAD,,1982,265420020,
IFAD,,1983,365620000,
IFAD,,1984,440160000,
IFAD,,1985,697020000,
IFAD,,1986,607610000,
IFAD,,1987,669330050,
IFAD,,1988,173050000,
IFAD,,1989,197160000,
IFAD,,1990,377250000,
IFAD,,1991,173170000,
IFAD,,1992,109060000,
IFAD,,1993,117540000,
IFAD,,1994,98120000,
IFAD,,1995,104650000,
IFAD,,1996,198140000,
IFAD,,1997,150790000,
IFAD,,1998,190380000,
IFAD,,1999,181900000,
IFAD,,2000,206490000,
IFAD,,2001,253230000,
IFAD,,2002,219320000,
IFAD,,2003,204080000,
IFAD,,2004,199900000,
IFAD,,2005,234610000,
IFAD,,2006,258400000,
IFAD,,2007,342380000,
IFAD,,2008,352320000,
IFAD,,2009,242110000,
IFAD,,2010,295960000,
IFAD,,2011,376060000,
IFAD,,2012,452690020,
IFAD,,2013,431790000,
IFAD,,2014,318930000,
IFAD,,2015,348860000,
IFAD,,2016,472130020,
IFAD,,2017,497029980,
IFAD,,2018,426650000,
IFAD,,2019,546760000,
IFAD,,2020,425240000,
IFAD,,2021,366240000,
IFAD,,2022,497090000,
IKEA Foundation,,2015,8770000,
IKEA Foundation,,2016,44380000,
IKEA Foundation,,2017,96780000,
IKEA Foundation,,2018,120910000,
IKEA Foundation,,2019,198420000,
IKEA Foundation,,2020,162520000,
IKEA Foundation,,2021,259829980,
IKEA Foundation,,2022,260410000,
IMF (Concessional Trust Funds),,1986,-1137590000,
IMF (Concessional Trust Funds),,1987,-347829980,
IMF (Concessional Trust Funds),,1988,-210980000,
IMF (Concessional Trust Funds),,1989,1210160000,
IMF (Concessional Trust Funds),,1990,494560000,
IMF (Concessional Trust Funds),,1991,1434030100,
IMF (Concessional Trust Funds),,1992,1028130000,
IMF (Concessional Trust Funds),,1993,270490000,
IMF (Concessional Trust Funds),,1994,1345750000,
IMF (Concessional Trust Funds),,1995,1957700000,
IMF (Concessional Trust Funds),,1996,429010020,
IMF (Concessional Trust Funds),,1997,244420000,
IMF (Concessional Trust Funds),,1998,552770050,
IMF (Concessional Trust Funds),,1999,342950000,
IMF (Concessional Trust Funds),,2000,-43910000,
IMF (Concessional Trust Funds),,2001,658690000,
IMF (Concessional Trust Funds),,2002,1331890000,
IMF (Concessional Trust Funds),,2003,501400000,
IMF (Concessional Trust Funds),,2004,80960000,
IMF (Concessional Trust Funds),,2005,-310810000,
IMF (Concessional Trust Funds),,2006,442420000,
IMF (Concessional Trust Funds),,2007,-76270000,
IMF (Concessional Trust Funds),,2008,311690020,
IMF (Concessional Trust Funds),,2009,1923510000,
IMF (Concessional Trust Funds),,2010,1282300000,
IMF (Concessional Trust Funds),,2011,760140000,
IMF (Concessional Trust Funds),,2012,776330050,
IMF (Concessional Trust Funds),,2013,618280000,
IMF (Concessional Trust Funds),,2014,179040000,
IMF (Concessional Trust Funds),,2015,553770050,
IMF (Concessional Trust Funds),,2016,-143320000,
IMF (Concessional Trust Funds),,2017,59630000,
IMF (Concessional Trust Funds),,2018,-141610000,
IMF (Concessional Trust Funds),,2019,260970000,
IMF (Concessional Trust Funds),,2020,8936030000,
IMF (Concessional Trust Funds),,2021,3655660000,
IMF (Concessional Trust Funds),,2022,1631959900,
Iceland,ISL,1990,3420606,
Iceland,ISL,1991,13597331,
Iceland,ISL,1992,7881595,
Iceland,ISL,1993,12373385,
Iceland,ISL,1994,11174302,
Iceland,ISL,1997,13616015,
Iceland,ISL,1998,11923202,
Iceland,ISL,1999,12412000,
Iceland,ISL,2000,14772958,
Iceland,ISL,2001,19025058,
Iceland,ISL,2002,21907052,
Iceland,ISL,2003,25483630,
Iceland,ISL,2004,27347808,
Iceland,ISL,2005,30476244,
Iceland,ISL,2006,47487300,
Iceland,ISL,2007,48509030,
Iceland,ISL,2008,61603064,
Iceland,ISL,2009,53615940,
Iceland,ISL,2010,41723496,
Iceland,ISL,2011,34173036,
Iceland,ISL,2012,36381324,
Iceland,ISL,2013,46485052,
Iceland,ISL,2014,45594784,
Iceland,ISL,2015,51888490,
Iceland,ISL,2016,68469030,
Iceland,ISL,2017,69732984,
Iceland,ISL,2018,74856340,
Iceland,ISL,2019,67182130,
Iceland,ISL,2020,67215384,
Iceland,ISL,2021,72411150,
Iceland,ISL,2022,94380000,
Iceland,ISL,2023,110526760,
Inter-American Development Bank,,2012,1425790100,
Inter-American Development Bank,,2013,1923450000,
Inter-American Development Bank,,2014,1711440000,
Inter-American Development Bank,,2015,2097360100,
Inter-American Development Bank,,2016,1597840000,
Inter-American Development Bank,,2017,1175400100,
Inter-American Development Bank,,2018,909070000,
Inter-American Development Bank,,2019,562250000,
Inter-American Development Bank,,2020,600780000,
Inter-American Development Bank,,2021,686380000,
Inter-American Development Bank,,2022,1298820000,
International Atomic Energy Agency,,2006,83960000,
International Atomic Energy Agency,,2007,77090000,
International Atomic Energy Agency,,2008,76840000,
International Atomic Energy Agency,,2009,68370000,
International Atomic Energy Agency,,2010,91600000,
International Atomic Energy Agency,,2011,69110000,
International Atomic Energy Agency,,2012,69550000,
International Atomic Energy Agency,,2013,78700000,
International Atomic Energy Agency,,2014,73720000,
International Atomic Energy Agency,,2015,70080000,
International Atomic Energy Agency,,2016,79260000,
International Atomic Energy Agency,,2017,82900000,
International Atomic Energy Agency,,2018,93280000,
International Atomic Energy Agency,,2019,87590000,
International Atomic Energy Agency,,2020,68710000,
International Atomic Energy Agency,,2021,70260000,
International Atomic Energy Agency,,2022,94150000,
International Bank for Reconstruction and Development,,1976,59290000,
International Bank for Reconstruction and Development,,1977,132840000,
International Bank for Reconstruction and Development,,1978,228990000,
International Bank for Reconstruction and Development,,1979,281060000,
International Bank for Reconstruction and Development,,1980,259070000,
International Bank for Reconstruction and Development,,1981,218840000,
International Bank for Reconstruction and Development,,1982,147500000,
International Bank for Reconstruction and Development,,1983,120590000,
International Bank for Reconstruction and Development,,1984,105860000,
International Bank for Reconstruction and Development,,1985,87150000,
International Bank for Reconstruction and Development,,1986,8180000.5,
International Bank for Reconstruction and Development,,1987,800000,
International Centre for Genetic Engineering and Biotechnology,,2021,3840000,
International Centre for Genetic Engineering and Biotechnology,,2022,4030000.2,
International Commission on Missing Persons,,2021,840000,
International Commission on Missing Persons,,2022,519999.97,
International Development Association,,1960,-230250000,
International Development Association,,1961,-335730020,
International Development Association,,1962,-256109980,
International Development Association,,1963,294650000,
International Development Association,,1964,748400000,
International Development Association,,1965,2009189900,
International Development Association,,1966,1967120000,
International Development Association,,1967,2610179800,
International Development Association,,1968,900990000,
International Development Association,,1969,1661520000,
International Development Association,,1970,1064780000,
International Development Association,,1971,1760340000,
International Development Association,,1972,1649560000,
International Development Association,,1973,2977790000,
International Development Association,,1974,3938090000,
International Development Association,,1975,4190180000,
International Development Association,,1976,4886060000,
International Development Association,,1977,3893090000,
International Development Association,,1978,3028560100,
International Development Association,,1979,3357810200,
International Development Association,,1980,3741730000,
International Development Association,,1981,4750890000,
International Development Association,,1982,6012370000,
International Development Association,,1983,5933060000,
International Development Association,,1984,6441210000,
International Development Association,,1985,6706660400,
International Development Association,,1986,7053250000,
International Development Association,,1987,6458140000,
International Development Association,,1988,6072430000,
International Development Association,,1989,5499290000,
International Development Association,,1990,6020000000,
International Development Association,,1991,6378670000,
International Development Association,,1992,6758100000,
International Development Association,,1993,6408400000,
International Development Association,,1994,7667500000,
International Development Association,,1995,6011490300,
International Development Association,,1996,7446729700,
International Development Association,,1997,7274370000,
International Development Association,,1998,6798070000,
International Development Association,,1999,6264290000,
International Development Association,,2000,5636300000,
International Development Association,,2001,7532339700,
International Development Association,,2002,9104740000,
International Development Association,,2003,7231450000,
International Development Association,,2004,9176120000,
International Development Association,,2005,8038790000,
International Development Association,,2006,7184120300,
International Development Association,,2010,8151570000,
International Development Association,,2011,6937799700,
International Development Association,,2012,6984440000,
International Development Association,,2013,8145440000,
International Development Association,,2014,10214010000,
International Development Association,,2015,11066231000,
International Development Association,,2016,8979490000,
International Development Association,,2017,10323441000,
International Development Association,,2018,11338960000,
International Development Association,,2019,13421660000,
International Development Association,,2020,15929780000,
International Development Association,,2021,13156530000,
International Development Association,,2022,16319700000,
International Labour Organization (ILO),,2012,240230000,
International Labour Organization (ILO),,2013,297390000,
International Labour Organization (ILO),,2014,221810000,
International Labour Organization (ILO),,2015,314470000,
International Labour Organization (ILO),,2016,265480020,
International Labour Organization (ILO),,2017,292610000,
International Labour Organization (ILO),,2018,235760000,
International Labour Organization (ILO),,2019,297370000,
International Labour Organization (ILO),,2020,222670000,
International Labour Organization (ILO),,2021,247460000,
International Labour Organization (ILO),,2022,241950000,
International Monetary Fund,,1977,603789950,
International Monetary Fund,,1978,2602290000,
International Monetary Fund,,1979,1788170000,
International Monetary Fund,,1980,3967430000,
International Monetary Fund,,1981,1074150000,
International Monetary Fund,,1982,227160000,
International Monetary Fund,,1983,-122870000,
International Monetary Fund,,1984,-341280000,
International Monetary Fund,,1985,-768400000,
International Monetary Fund,,1986,-1137590000,
International Monetary Fund,,1987,-347829980,
International Monetary Fund,,1988,-210980000,
International Monetary Fund,,1989,1210160000,
International Monetary Fund,,1990,494560000,
International Monetary Fund,,1991,1434030100,
International Monetary Fund,,1992,1028130000,
International Monetary Fund,,1993,270490000,
International Monetary Fund,,1994,1345750000,
International Monetary Fund,,1995,1957700000,
International Monetary Fund,,1996,429010020,
International Monetary Fund,,1997,244420000,
International Monetary Fund,,1998,552770050,
International Monetary Fund,,1999,342950000,
International Monetary Fund,,2000,-43910000,
International Monetary Fund,,2001,658690000,
International Monetary Fund,,2002,1331890000,
International Monetary Fund,,2003,501400000,
International Monetary Fund,,2004,80960000,
International Monetary Fund,,2005,-310810000,
International Monetary Fund,,2006,442420000,
International Monetary Fund,,2007,-76270000,
International Monetary Fund,,2008,311690020,
International Monetary Fund,,2009,1923510000,
International Monetary Fund,,2010,1282300000,
International Monetary Fund,,2011,760140000,
International Monetary Fund,,2012,776330050,
International Monetary Fund,,2013,618280000,
International Monetary Fund,,2014,179040000,
International Monetary Fund,,2015,553770050,
International Monetary Fund,,2016,-143320000,
International Monetary Fund,,2017,59630000,
International Monetary Fund,,2018,-141610000,
International Monetary Fund,,2019,260970000,
International Monetary Fund,,2020,8936030000,
International Monetary Fund,,2021,3655660000,
International Monetary Fund,,2022,1631959900,
Ireland,IRL,1974,36167920,
Ireland,IRL,1975,40026292,
Ireland,IRL,1976,45149276,
Ireland,IRL,1977,41536484,
Ireland,IRL,1978,102094050,
Ireland,IRL,1979,97323240,
Ireland,IRL,1980,86641960,
Ireland,IRL,1981,87521496,
Ireland,IRL,1982,142853700,
Ireland,IRL,1983,103898520,
Ireland,IRL,1984,118256010,
Ireland,IRL,1985,130699660,
Ireland,IRL,1986,154007250,
Ireland,IRL,1987,111666410,
Ireland,IRL,1988,116427130,
Ireland,IRL,1989,102005170,
Ireland,IRL,1990,103560650,
Ireland,IRL,1991,132229160,
Ireland,IRL,1992,118173390,
Ireland,IRL,1993,150585760,
Ireland,IRL,1994,194763860,
Ireland,IRL,1995,248209650,
Ireland,IRL,1996,281757000,
Ireland,IRL,1997,298512450,
Ireland,IRL,1998,316125300,
Ireland,IRL,1999,392781220,
Ireland,IRL,2000,402747100,
Ireland,IRL,2001,475668320,
Ireland,IRL,2002,594993800,
Ireland,IRL,2003,611060860,
Ireland,IRL,2004,665034800,
Ireland,IRL,2005,764646700,
Ireland,IRL,2006,1044498900,
Ireland,IRL,2007,1102916100,
Ireland,IRL,2008,1172841100,
Ireland,IRL,2009,960139300,
Ireland,IRL,2010,920380600,
Ireland,IRL,2011,881827500,
Ireland,IRL,2012,829479360,
Ireland,IRL,2013,835008100,
Ireland,IRL,2014,800024400,
Ireland,IRL,2015,762079360,
Ireland,IRL,2016,856565900,
Ireland,IRL,2017,871546100,
Ireland,IRL,2018,917280260,
Ireland,IRL,2019,977554000,
Ireland,IRL,2020,977838140,
Ireland,IRL,2021,1095003300,
Ireland,IRL,2022,2410230000,
Ireland,IRL,2023,2643418600,
Islamic Development Bank,,1977,4300000,
Islamic Development Bank,,1978,31110000,
Islamic Development Bank,,1979,40450000,
Islamic Development Bank,,1980,57550000,
Islamic Development Bank,,1981,60000000,
Islamic Development Bank,,1982,51190000,
Islamic Development Bank,,1983,79660000,
Islamic Development Bank,,1984,72770000,
Islamic Development Bank,,1985,95640000,
Islamic Development Bank,,1986,70500000,
Islamic Development Bank,,1987,53730000,
Islamic Development Bank,,1988,47050000,
Islamic Development Bank,,1989,61590000,
Islamic Development Bank,,1990,70590000,
Islamic Development Bank,,1991,34230000,
Islamic Development Bank,,1992,71130000,
Islamic Development Bank,,1993,38940000,
Islamic Development Bank,,1994,48360000,
Islamic Development Bank,,1995,1050000,
Islamic Development Bank,,1999,8410000,
Islamic Development Bank,,2000,5770000,
Islamic Development Bank,,2001,98870000,
Islamic Development Bank,,2002,81080000,
Islamic Development Bank,,2003,-16709999,
Islamic Development Bank,,2004,173650000,
Islamic Development Bank,,2005,169740000,
Islamic Development Bank,,2006,262010020,
Islamic Development Bank,,2007,159730000,
Islamic Development Bank,,2008,158340000,
Islamic Development Bank,,2009,465650000,
Islamic Development Bank,,2010,291709980,
Islamic Development Bank,,2011,238530000,
Islamic Development Bank,,2012,104970000,
Islamic Development Bank,,2013,79830000,
Islamic Development Bank,,2014,69590000,
Islamic Development Bank,,2015,53970000,
Islamic Development Bank,,2016,186150000,
Islamic Development Bank,,2017,138440000,
Islamic Development Bank,,2018,-26300000,
Islamic Development Bank,,2019,151860000,
Islamic Development Bank,,2020,157790000,
Islamic Development Bank,,2021,96890000,
Islamic Development Bank,,2022,25610000,
Israel,ISR,1997,151609900,
Israel,ISR,1998,152482610,
Israel,ISR,1999,204180740,
Israel,ISR,2000,286130020,
Israel,ISR,2001,162933660,
Israel,ISR,2002,247913700,
Israel,ISR,2003,203893150,
Israel,ISR,2004,150547200,
Israel,ISR,2005,170092980,
Israel,ISR,2006,156786160,
Israel,ISR,2007,176987730,
Israel,ISR,2008,189065010,
Israel,ISR,2009,178305090,
Israel,ISR,2010,195611300,
Israel,ISR,2011,263352290,
Israel,ISR,2012,241237340,
Israel,ISR,2013,247762450,
Israel,ISR,2014,241999500,
Israel,ISR,2015,298731400,
Israel,ISR,2016,442980200,
Israel,ISR,2017,483879520,
Israel,ISR,2018,430438700,
Israel,ISR,2019,322116220,
Israel,ISR,2020,319045820,
Israel,ISR,2021,412204060,
Israel,ISR,2022,493738660,
Israel,ISR,2023,398946300,
Italy,ITA,1960,924880640,
Italy,ITA,1961,700369600,
Italy,ITA,1962,889333800,
Italy,ITA,1963,720589060,
Italy,ITA,1964,460307870,
Italy,ITA,1965,557213500,
Italy,ITA,1966,711647900,
Italy,ITA,1967,1365087200,
Italy,ITA,1968,1265765100,
Italy,ITA,1969,1086126600,
Italy,ITA,1970,1154371500,
Italy,ITA,1971,1320910000,
Italy,ITA,1972,655300030,
Italy,ITA,1973,1090618000,
Italy,ITA,1974,1142644900,
Italy,ITA,1975,830104640,
Italy,ITA,1976,1114577400,
Italy,ITA,1977,871684000,
Italy,ITA,1978,1403669500,
Italy,ITA,1979,859417200,
Italy,ITA,1980,1826959500,
Italy,ITA,1981,1990518000,
Italy,ITA,1982,2455294700,
Italy,ITA,1983,2463126000,
Italy,ITA,1984,3494880500,
Italy,ITA,1985,3372438300,
Italy,ITA,1986,5363108400,
Italy,ITA,1987,4788708400,
Italy,ITA,1988,5501501000,
Italy,ITA,1989,6177959000,
Italy,ITA,1990,4678571000,
Italy,ITA,1991,4439277600,
Italy,ITA,1992,5201541600,
Italy,ITA,1993,4716169000,
Italy,ITA,1994,4153498000,
Italy,ITA,1995,2398973400,
Italy,ITA,1996,3235250200,
Italy,ITA,1997,1823982300,
Italy,ITA,1998,3269461500,
Italy,ITA,1999,2670951200,
Italy,ITA,2000,2312102000,
Italy,ITA,2001,2729923600,
Italy,ITA,2002,3600655000,
Italy,ITA,2003,3037563000,
Italy,ITA,2004,2722143700,
Italy,ITA,2005,5516894000,
Italy,ITA,2006,3825821000,
Italy,ITA,2007,3732866600,
Italy,ITA,2008,4235211000,
Italy,ITA,2009,2926906600,
Italy,ITA,2010,2784056300,
Italy,ITA,2011,3768259300,
Italy,ITA,2012,2539881500,
Italy,ITA,2013,3046456300,
Italy,ITA,2014,3530917000,
Italy,ITA,2015,4178282200,
Italy,ITA,2016,5266423300,
Italy,ITA,2017,5906062300,
Italy,ITA,2018,4857643000,
Italy,ITA,2019,4277453000,
Italy,ITA,2020,4230553600,
Italy,ITA,2021,5743155000,
Italy,ITA,2022,6705850000,
Italy,ITA,2023,5514297300,
Jacobs Foundation,,2016,11370000,
Jacobs Foundation,,2017,21860000,
Jacobs Foundation,,2018,16950000,
Jacobs Foundation,,2019,18620000,
Jacobs Foundation,,2020,18340000,
Jacobs Foundation,,2021,37640000,
Jacobs Foundation,,2022,22930000,
Japan,JPN,1960,1153335400,
Japan,JPN,1961,1099190900,
Japan,JPN,1962,831660350,
Japan,JPN,1963,1277685400,
Japan,JPN,1964,1017732900,
Japan,JPN,1965,2031543200,
Japan,JPN,1966,2262719500,
Japan,JPN,1967,2895860700,
Japan,JPN,1968,2519947500,
Japan,JPN,1969,2917419300,
Japan,JPN,1970,2868296000,
Japan,JPN,1971,2955906800,
Japan,JPN,1972,2956586200,
Japan,JPN,1973,3825619000,
Japan,JPN,1974,3791295500,
Japan,JPN,1975,3666763500,
Japan,JPN,1976,3264999000,
Japan,JPN,1977,3570692400,
Japan,JPN,1978,4160125000,
Japan,JPN,1979,5112290000,
Japan,JPN,1980,6262109700,
Japan,JPN,1981,5584105000,
Japan,JPN,1982,5919881000,
Japan,JPN,1983,6957720600,
Japan,JPN,1984,7855936500,
Japan,JPN,1985,6866515500,
Japan,JPN,1986,7070516700,
Japan,JPN,1987,7914482700,
Japan,JPN,1988,8693982000,
Japan,JPN,1989,8992592000,
Japan,JPN,1990,9333660000,
Japan,JPN,1991,10204413000,
Japan,JPN,1992,9634085000,
Japan,JPN,1993,8500178000,
Japan,JPN,1994,9175201000,
Japan,JPN,1995,9294806000,
Japan,JPN,1996,7032559600,
Japan,JPN,1997,7714855400,
Japan,JPN,1998,9492063000,
Japan,JPN,1999,9559794000,
Japan,JPN,2000,10184735000,
Japan,JPN,2001,8459618300,
Japan,JPN,2002,8333983000,
Japan,JPN,2003,7500332500,
Japan,JPN,2004,7109245400,
Japan,JPN,2005,10780401000,
Japan,JPN,2006,9753533000,
Japan,JPN,2007,6871290000,
Japan,JPN,2008,7599485400,
Japan,JPN,2009,6800818700,
Japan,JPN,2010,7607340000,
Japan,JPN,2011,7041196500,
Japan,JPN,2012,6795681000,
Japan,JPN,2013,9018741000,
Japan,JPN,2014,7953975000,
Japan,JPN,2015,8641256000,
Japan,JPN,2016,8758405000,
Japan,JPN,2017,9944268000,
Japan,JPN,2018,8595578000,
Japan,JPN,2019,9821339000,
Japan,JPN,2020,11102546000,
Japan,JPN,2021,13204946000,
Japan,JPN,2022,16747350000,
Japan,JPN,2023,19275182000,
John D. and Catherine T. MacArthur Foundation,,2017,93780000,
John D. and Catherine T. MacArthur Foundation,,2018,97300000,
John D. and Catherine T. MacArthur Foundation,,2019,123480000,
John D. and Catherine T. MacArthur Foundation,,2020,119630000,
John D. and Catherine T. MacArthur Foundation,,2021,130179990,
John D. and Catherine T. MacArthur Foundation,,2022,101930000,
Joint Sustainable Development Goals Fund,,2021,53870000,
Joint Sustainable Development Goals Fund,,2022,59280000,
Kazakhstan,KAZ,2013,8462239,
Kazakhstan,KAZ,2014,33213646,
Kazakhstan,KAZ,2015,47280428,
Kazakhstan,KAZ,2016,34155496,
Kazakhstan,KAZ,2017,38231428,
Kazakhstan,KAZ,2018,41996844,
Kazakhstan,KAZ,2019,36238492,
Kazakhstan,KAZ,2020,38145068,
Kazakhstan,KAZ,2021,42251160,
Kazakhstan,KAZ,2022,36863452,
Kuwait,KWT,1970,965429400,
Kuwait,KWT,1971,627647550,
Kuwait,KWT,1972,849415600,
Kuwait,KWT,1973,1571852700,
Kuwait,KWT,1974,2508713000,
Kuwait,KWT,1975,3313541600,
Kuwait,KWT,1976,2205870000,
Kuwait,KWT,1977,2531744800,
Kuwait,KWT,1978,2380009500,
Kuwait,KWT,1979,2331923000,
Kuwait,KWT,1980,2481148700,
Kuwait,KWT,1981,2636290000,
Kuwait,KWT,1982,2549134300,
Kuwait,KWT,1983,2150993200,
Kuwait,KWT,1984,2331688700,
Kuwait,KWT,1985,1668633100,
Kuwait,KWT,1986,1338201500,
Kuwait,KWT,1987,543137500,
Kuwait,KWT,1988,103505420,
Kuwait,KWT,1989,279207780,
Kuwait,KWT,1990,1973074200,
Kuwait,KWT,1991,486242720,
Kuwait,KWT,1992,266916530,
Kuwait,KWT,1993,545580740,
Kuwait,KWT,1994,839733060,
Kuwait,KWT,1995,468597500,
Kuwait,KWT,1996,538924700,
Kuwait,KWT,1997,516534500,
Kuwait,KWT,1998,392199500,
Kuwait,KWT,1999,204297550,
Kuwait,KWT,2000,237607740,
Kuwait,KWT,2001,111946680,
Kuwait,KWT,2002,30105800,
Kuwait,KWT,2003,180914620,
Kuwait,KWT,2004,195530350,
Kuwait,KWT,2005,257998450,
Kuwait,KWT,2006,180323800,
Kuwait,KWT,2007,117020984,
Kuwait,KWT,2008,287401020,
Kuwait,KWT,2009,233046620,
Kuwait,KWT,2010,242180370,
Kuwait,KWT,2011,172378110,
Kuwait,KWT,2012,181386530,
Kuwait,KWT,2013,230284530,
Kuwait,KWT,2014,275532930,
Kuwait,KWT,2015,335079100,
Kuwait,KWT,2016,1196594400,
Kuwait,KWT,2017,618018600,
Kuwait,KWT,2018,284527330,
Kuwait,KWT,2019,425635420,
Kuwait,KWT,2020,520267520,
Kuwait,KWT,2021,452686820,
Kuwait,KWT,2022,189519790,
LEGO Foundation,,2018,21680000,
LEGO Foundation,,2019,47980000,
LEGO Foundation,,2021,188500000,
LEGO Foundation,,2022,258440000,
La Caixa Banking Foundation,,2017,14250000,
La Caixa Banking Foundation,,2018,29600000,
La Caixa Banking Foundation,,2019,41750000,
La Caixa Banking Foundation,,2020,19540000,
La Caixa Banking Foundation,,2021,19160000,
La Caixa Banking Foundation,,2022,22700000,
Latvia,LVA,2002,3633853,
Latvia,LVA,2003,1866283,
Latvia,LVA,2004,15632277,
Latvia,LVA,2005,18638886,
Latvia,LVA,2006,18383334,
Latvia,LVA,2007,18643652,
Latvia,LVA,2008,21715400,
Latvia,LVA,2009,24073388,
Latvia,LVA,2010,19091644,
Latvia,LVA,2011,20887754,
Latvia,LVA,2012,24223336,
Latvia,LVA,2013,25785422,
Latvia,LVA,2014,27045580,
Latvia,LVA,2015,29509838,
Latvia,LVA,2016,38227268,
Latvia,LVA,2017,38526500,
Latvia,LVA,2018,38193340,
Latvia,LVA,2019,38555776,
Latvia,LVA,2020,43865630,
Latvia,LVA,2021,47753628,
Latvia,LVA,2022,83696230,
Latvia,LVA,2023,131424760,
Laudes Foundation,,2013,7090000,
Laudes Foundation,,2014,9330000,
Laudes Foundation,,2015,19230000,
Laudes Foundation,,2016,31370000,
Laudes Foundation,,2017,31770000,
Laudes Foundation,,2018,46820000,
Laudes Foundation,,2019,48870000,
Laudes Foundation,,2020,42010000,
Laudes Foundation,,2021,49480000,
Laudes Foundation,,2022,26370000,
Liechtenstein,LIE,2007,19104814,
Liechtenstein,LIE,2008,24043120,
Liechtenstein,LIE,2009,27655316,
Liechtenstein,LIE,2010,27763846,
Liechtenstein,LIE,2011,30960354,
Liechtenstein,LIE,2012,28861992,
Liechtenstein,LIE,2013,28167594,
Liechtenstein,LIE,2014,27201944,
Liechtenstein,LIE,2015,26655770,
Liechtenstein,LIE,2016,27220256,
Liechtenstein,LIE,2017,26196612,
Liechtenstein,LIE,2018,27186064,
Liechtenstein,LIE,2019,26980252,
Liechtenstein,LIE,2020,28811812,
Liechtenstein,LIE,2021,25761956,
Liechtenstein,LIE,2022,31203568,
Liechtenstein,LIE,2023,38439390,
Lithuania,LTU,2001,4624464,
Lithuania,LTU,2002,3967180,
Lithuania,LTU,2003,3880338,
Lithuania,LTU,2004,16308443,
Lithuania,LTU,2005,26066964,
Lithuania,LTU,2006,39046468,
Lithuania,LTU,2007,62702530,
Lithuania,LTU,2008,53659970,
Lithuania,LTU,2009,44243004,
Lithuania,LTU,2010,45966224,
Lithuania,LTU,2011,58431336,
Lithuania,LTU,2012,62094704,
Lithuania,LTU,2013,57414296,
Lithuania,LTU,2014,51448944,
Lithuania,LTU,2015,64986052,
Lithuania,LTU,2016,76235220,
Lithuania,LTU,2017,74351970,
Lithuania,LTU,2018,75186440,
Lithuania,LTU,2019,80397830,
Lithuania,LTU,2020,82491864,
Lithuania,LTU,2021,89494640,
Lithuania,LTU,2022,243260000,
Lithuania,LTU,2023,171147170,
Luxembourg,LUX,1980,14756642,
Luxembourg,LUX,1981,17478898,
Luxembourg,LUX,1982,15527536,
Luxembourg,LUX,1983,16264303,
Luxembourg,LUX,1984,32556976,
Luxembourg,LUX,1985,36881944,
Luxembourg,LUX,1986,37007324,
Luxembourg,LUX,1987,39186876,
Luxembourg,LUX,1988,48913156,
Luxembourg,LUX,1989,49293336,
Luxembourg,LUX,1990,57240504,
Luxembourg,LUX,1991,94152370,
Luxembourg,LUX,1992,77203790,
Luxembourg,LUX,1993,103272740,
Luxembourg,LUX,1994,115793170,
Luxembourg,LUX,1995,109830200,
Luxembourg,LUX,1996,139676540,
Luxembourg,LUX,1997,180384640,
Luxembourg,LUX,1998,221064060,
Luxembourg,LUX,1999,233637760,
Luxembourg,LUX,2000,267567470,
Luxembourg,LUX,2001,308654750,
Luxembourg,LUX,2002,305419400,
Luxembourg,LUX,2003,329250980,
Luxembourg,LUX,2004,353089920,
Luxembourg,LUX,2005,366409180,
Luxembourg,LUX,2006,386506800,
Luxembourg,LUX,2007,449194900,
Luxembourg,LUX,2008,441778980,
Luxembourg,LUX,2009,453315000,
Luxembourg,LUX,2010,442486750,
Luxembourg,LUX,2011,412468060,
Luxembourg,LUX,2012,424555650,
Luxembourg,LUX,2013,431733120,
Luxembourg,LUX,2014,412887070,
Luxembourg,LUX,2015,413250140,
Luxembourg,LUX,2016,452765060,
Luxembourg,LUX,2017,470565380,
Luxembourg,LUX,2018,493208500,
Luxembourg,LUX,2019,514755970,
Luxembourg,LUX,2020,463406270,
Luxembourg,LUX,2021,509340260,
Luxembourg,LUX,2022,530120000,
Luxembourg,LUX,2023,520493760,
MAVA Foundation,,2013,32259998,
MAVA Foundation,,2014,25650000,
MAVA Foundation,,2015,16150000,
MAVA Foundation,,2016,14210000,
MAVA Foundation,,2017,75460000,
MAVA Foundation,,2018,61210000,
MAVA Foundation,,2019,42640000,
MAVA Foundation,,2020,72320000,
MAVA Foundation,,2021,73670000,
MAVA Foundation,,2022,57090000,
Malta,MLT,2009,14428402,
Malta,MLT,2010,14387572,
Malta,MLT,2011,19642996,
Malta,MLT,2012,18750202,
Malta,MLT,2013,18200292,
Malta,MLT,2014,20314370,
Malta,MLT,2015,18225414,
Malta,MLT,2016,22766636,
Malta,MLT,2017,27119026,
Malta,MLT,2018,34271424,
Malta,MLT,2019,43441700,
Malta,MLT,2020,54889428,
Malta,MLT,2021,50638970,
Malta,MLT,2022,45200456,
Malta,MLT,2023,47936636,
Margaret A. Cargill Foundation,,2016,61680000,
Margaret A. Cargill Foundation,,2017,55250000,
Margaret A. Cargill Foundation,,2018,55420000,
Margaret A. Cargill Foundation,,2019,50100000,
Margaret A. Cargill Foundation,,2020,47130000,
Margaret A. Cargill Foundation,,2021,53240000,
Margaret A. Cargill Foundation,,2022,53590000,
Mastercard Foundation,,2017,346420000,
Mastercard Foundation,,2018,310450020,
Mastercard Foundation,,2019,354690020,
Mastercard Foundation,,2020,1040210000,
Mastercard Foundation,,2021,1363450000,
Mastercard Foundation,,2022,1159300100,
McKnight Foundation,,2018,10710000,
McKnight Foundation,,2019,9930000,
McKnight Foundation,,2020,4390000,
MetLife Foundation,,2013,10880000,
MetLife Foundation,,2014,20650000,
MetLife Foundation,,2015,19290000,
MetLife Foundation,,2016,21300000,
MetLife Foundation,,2017,19600000,
MetLife Foundation,,2018,13280000,
MetLife Foundation,,2019,15930000,
MetLife Foundation,,2020,1550000,
Michael & Susan Dell Foundation,,2016,28470000,
Michael & Susan Dell Foundation,,2017,36640000,
Michael & Susan Dell Foundation,,2018,36070000,
Michael & Susan Dell Foundation,,2019,39880000,
Michael & Susan Dell Foundation,,2020,67030000,
Michael & Susan Dell Foundation,,2021,46380000,
Michael & Susan Dell Foundation,,2022,47070000,
Monaco,MCO,2021,22614998,
Monaco,MCO,2022,23800928,
Monaco,MCO,2023,23834556,
Montreal Protocol,,1997,57640000,
Montreal Protocol,,1998,214080000,
Montreal Protocol,,1999,60700000,
Montreal Protocol,,2000,80570000,
Montreal Protocol,,2001,109030000,
Montreal Protocol,,2002,88590000,
Montreal Protocol,,2003,87190000,
Montreal Protocol,,2004,72030000,
Montreal Protocol,,2005,97860000,
Montreal Protocol,,2006,92610000,
Montreal Protocol,,2007,100350000,
Montreal Protocol,,2008,76630000,
Montreal Protocol,,2009,30930000,
Montreal Protocol,,2010,21370000,
Montreal Protocol,,2011,7910000,
Montreal Protocol,,2012,4900000,
Montreal Protocol,,2013,37110000,
Montreal Protocol,,2014,44580000,
Montreal Protocol,,2015,49850000,
Multilateral organizations (OECD),,1960,726120000,e.g. World Bank and UN agencies
Multilateral organizations (OECD),,1961,1082359900,e.g. World Bank and UN agencies
Multilateral organizations (OECD),,1962,1583100000,e.g. World Bank and UN agencies
Multilateral organizations (OECD),,1963,2505379800,e.g. World Bank and UN agencies
Multilateral organizations (OECD),,1964,3192160000,e.g. World Bank and UN agencies
Multilateral organizations (OECD),,1965,4398680000,e.g. World Bank and UN agencies
Multilateral organizations (OECD),,1966,4640380000,e.g. World Bank and UN agencies
Multilateral organizations (OECD),,1967,5091270000,e.g. World Bank and UN agencies
Multilateral organizations (OECD),,1968,3956300000,e.g. World Bank and UN agencies
Multilateral organizations (OECD),,1969,5079980000,e.g. World Bank and UN agencies
Multilateral organizations (OECD),,1970,5391859700,e.g. World Bank and UN agencies
Multilateral organizations (OECD),,1971,6438420000,e.g. World Bank and UN agencies
Multilateral organizations (OECD),,1972,6202840000,e.g. World Bank and UN agencies
Multilateral organizations (OECD),,1973,7889960000,e.g. World Bank and UN agencies
Multilateral organizations (OECD),,1974,10599210000,e.g. World Bank and UN agencies
Multilateral organizations (OECD),,1975,12215230000,e.g. World Bank and UN agencies
Multilateral organizations (OECD),,1976,12525710000,e.g. World Bank and UN agencies
Multilateral organizations (OECD),,1977,14904520000,e.g. World Bank and UN agencies
Multilateral organizations (OECD),,1978,15635000000,e.g. World Bank and UN agencies
Multilateral organizations (OECD),,1979,14646740000,e.g. World Bank and UN agencies
Multilateral organizations (OECD),,1980,17238510000,e.g. World Bank and UN agencies
Multilateral organizations (OECD),,1981,17815589000,e.g. World Bank and UN agencies
Multilateral organizations (OECD),,1982,17541420000,e.g. World Bank and UN agencies
Multilateral organizations (OECD),,1983,17185600000,e.g. World Bank and UN agencies
Multilateral organizations (OECD),,1984,17666480000,e.g. World Bank and UN agencies
Multilateral organizations (OECD),,1985,18880279000,e.g. World Bank and UN agencies
Multilateral organizations (OECD),,1986,16588110000,e.g. World Bank and UN agencies
Multilateral organizations (OECD),,1987,16248010000,e.g. World Bank and UN agencies
Multilateral organizations (OECD),,1988,17003891000,e.g. World Bank and UN agencies
Multilateral organizations (OECD),,1989,18669320000,e.g. World Bank and UN agencies
Multilateral organizations (OECD),,1990,17908400000,e.g. World Bank and UN agencies
Multilateral organizations (OECD),,1991,21370288000,e.g. World Bank and UN agencies
Multilateral organizations (OECD),,1992,22462250000,e.g. World Bank and UN agencies
Multilateral organizations (OECD),,1993,21714520000,e.g. World Bank and UN agencies
Multilateral organizations (OECD),,1994,24080600000,e.g. World Bank and UN agencies
Multilateral organizations (OECD),,1995,21239759000,e.g. World Bank and UN agencies
Multilateral organizations (OECD),,1996,19499151000,e.g. World Bank and UN agencies
Multilateral organizations (OECD),,1997,19870690000,e.g. World Bank and UN agencies
Multilateral organizations (OECD),,1998,19523680000,e.g. World Bank and UN agencies
Multilateral organizations (OECD),,1999,18776750000,e.g. World Bank and UN agencies
Multilateral organizations (OECD),,2000,19007280000,e.g. World Bank and UN agencies
Multilateral organizations (OECD),,2001,24639660000,e.g. World Bank and UN agencies
Multilateral organizations (OECD),,2002,25737599000,e.g. World Bank and UN agencies
Multilateral organizations (OECD),,2003,22862651000,e.g. World Bank and UN agencies
Multilateral organizations (OECD),,2004,25777110000,e.g. World Bank and UN agencies
Multilateral organizations (OECD),,2005,25668160000,e.g. World Bank and UN agencies
Multilateral organizations (OECD),,2006,27666741000,e.g. World Bank and UN agencies
Multilateral organizations (OECD),,2007,20502198000,e.g. World Bank and UN agencies
Multilateral organizations (OECD),,2008,23127490000,e.g. World Bank and UN agencies
Multilateral organizations (OECD),,2009,26641222000,e.g. World Bank and UN agencies
Multilateral organizations (OECD),,2010,34088878000,e.g. World Bank and UN agencies
Multilateral organizations (OECD),,2011,35411150000,e.g. World Bank and UN agencies
Multilateral organizations (OECD),,2012,40384373000,e.g. World Bank and UN agencies
Multilateral organizations (OECD),,2013,41720820000,e.g. World Bank and UN agencies
Multilateral organizations (OECD),,2014,42317490000,e.g. World Bank and UN agencies
Multilateral organizations (OECD),,2015,46005790000,e.g. World Bank and UN agencies
Multilateral organizations (OECD),,2016,45859820000,e.g. World Bank and UN agencies
Multilateral organizations (OECD),,2017,47501950000,e.g. World Bank and UN agencies
Multilateral organizations (OECD),,2018,44588000000,e.g. World Bank and UN agencies
Multilateral organizations (OECD),,2019,47229230000,e.g. World Bank and UN agencies
Multilateral organizations (OECD),,2020,67163603000,e.g. World Bank and UN agencies
Multilateral organizations (OECD),,2021,54885470000,e.g. World Bank and UN agencies
Multilateral organizations (OECD),,2022,66083287000,e.g. World Bank and UN agencies
Netherlands,NLD,1960,507410720,
Netherlands,NLD,1961,755551940,
Netherlands,NLD,1962,842511400,
Netherlands,NLD,1963,467596770,
Netherlands,NLD,1964,560067840,
Netherlands,NLD,1965,747685500,
Netherlands,NLD,1966,958467700,
Netherlands,NLD,1967,1109019800,
Netherlands,NLD,1968,1164166700,
Netherlands,NLD,1969,1261081300,
Netherlands,NLD,1970,1626754400,
Netherlands,NLD,1971,1601247000,
Netherlands,NLD,1972,1906998500,
Netherlands,NLD,1973,1599717100,
Netherlands,NLD,1974,1908443400,
Netherlands,NLD,1975,2273780700,
Netherlands,NLD,1976,2611974100,
Netherlands,NLD,1977,2831980800,
Netherlands,NLD,1978,2804291000,
Netherlands,NLD,1979,3425319700,
Netherlands,NLD,1980,3562151400,
Netherlands,NLD,1981,3929618200,
Netherlands,NLD,1982,3888861200,
Netherlands,NLD,1983,3305663700,
Netherlands,NLD,1984,3888007000,
Netherlands,NLD,1985,3542997200,
Netherlands,NLD,1986,3998517200,
Netherlands,NLD,1987,4006966500,
Netherlands,NLD,1988,4110997500,
Netherlands,NLD,1989,4083382800,
Netherlands,NLD,1990,4184894000,
Netherlands,NLD,1991,4132233500,
Netherlands,NLD,1992,4147893000,
Netherlands,NLD,1993,3955884300,
Netherlands,NLD,1994,3784199400,
Netherlands,NLD,1995,4192222700,
Netherlands,NLD,1996,4377843000,
Netherlands,NLD,1997,4484065000,
Netherlands,NLD,1998,4608399000,
Netherlands,NLD,1999,4883973600,
Netherlands,NLD,2000,5463049000,
Netherlands,NLD,2001,5461817000,
Netherlands,NLD,2002,5263117000,
Netherlands,NLD,2003,5114591700,
Netherlands,NLD,2004,4858305000,
Netherlands,NLD,2005,5793318000,
Netherlands,NLD,2006,5966624300,
Netherlands,NLD,2007,6119458000,
Netherlands,NLD,2008,6378579000,
Netherlands,NLD,2009,6058235400,
Netherlands,NLD,2010,6244310000,
Netherlands,NLD,2011,5922903000,
Netherlands,NLD,2012,5498728000,
Netherlands,NLD,2013,5172091000,
Netherlands,NLD,2014,5293553700,
Netherlands,NLD,2015,6453267500,
Netherlands,NLD,2016,5589263000,
Netherlands,NLD,2017,5404261000,
Netherlands,NLD,2018,5710201000,
Netherlands,NLD,2019,5469820000,
Netherlands,NLD,2020,5345472500,
Netherlands,NLD,2021,4943895000,
Netherlands,NLD,2022,6450170000,
Netherlands,NLD,2023,6597555700,
New Zealand,NZL,1961,102957600,
New Zealand,NZL,1962,81108440,
New Zealand,NZL,1963,84266550,
New Zealand,NZL,1964,91404824,
New Zealand,NZL,1965,91502800,
New Zealand,NZL,1966,93890070,
New Zealand,NZL,1967,92566030,
New Zealand,NZL,1968,108692350,
New Zealand,NZL,1969,126460904,
New Zealand,NZL,1970,137406820,
New Zealand,NZL,1971,143900030,
New Zealand,NZL,1972,153599790,
New Zealand,NZL,1973,160960700,
New Zealand,NZL,1974,224269490,
New Zealand,NZL,1975,382384740,
New Zealand,NZL,1976,310686660,
New Zealand,NZL,1977,269713600,
New Zealand,NZL,1978,233393500,
New Zealand,NZL,1979,261361090,
New Zealand,NZL,1980,252383120,
New Zealand,NZL,1981,229591300,
New Zealand,NZL,1982,223798780,
New Zealand,NZL,1983,219224850,
New Zealand,NZL,1984,213726930,
New Zealand,NZL,1985,213518940,
New Zealand,NZL,1986,227486420,
New Zealand,NZL,1987,210117570,
New Zealand,NZL,1988,212492820,
New Zealand,NZL,1989,186557260,
New Zealand,NZL,1990,198311170,
New Zealand,NZL,1991,213889140,
New Zealand,NZL,1992,219537780,
New Zealand,NZL,1993,214988580,
New Zealand,NZL,1994,219031330,
New Zealand,NZL,1995,216790400,
New Zealand,NZL,1996,200186600,
New Zealand,NZL,1997,262648100,
New Zealand,NZL,1998,270845600,
New Zealand,NZL,1999,281209660,
New Zealand,NZL,2000,271016130,
New Zealand,NZL,2001,277062880,
New Zealand,NZL,2002,272762980,
New Zealand,NZL,2003,291154000,
New Zealand,NZL,2004,315937020,
New Zealand,NZL,2005,373881400,
New Zealand,NZL,2006,374360320,
New Zealand,NZL,2007,391372770,
New Zealand,NZL,2008,435709630,
New Zealand,NZL,2009,424518900,
New Zealand,NZL,2010,396228930,
New Zealand,NZL,2011,435640960,
New Zealand,NZL,2012,451159580,
New Zealand,NZL,2013,439317200,
New Zealand,NZL,2014,469818600,
New Zealand,NZL,2015,486100500,
New Zealand,NZL,2016,483742620,
New Zealand,NZL,2017,462343400,
New Zealand,NZL,2018,578900740,
New Zealand,NZL,2019,592105600,
New Zealand,NZL,2020,562143200,
New Zealand,NZL,2021,647666600,
New Zealand,NZL,2022,515229980,
New Zealand,NZL,2023,728058240,
Non-DAC countries (OECD),,1966,2161867800,"Qatar, Saudi Arabia, Turkey, UAE, among others"
Non-DAC countries (OECD),,1970,2520647200,"Qatar, Saudi Arabia, Turkey, UAE, among others"
Non-DAC countries (OECD),,1971,2932939300,"Qatar, Saudi Arabia, Turkey, UAE, among others"
Non-DAC countries (OECD),,1972,3775464700,"Qatar, Saudi Arabia, Turkey, UAE, among others"
Non-DAC countries (OECD),,1973,11585444000,"Qatar, Saudi Arabia, Turkey, UAE, among others"
Non-DAC countries (OECD),,1974,18790044000,"Qatar, Saudi Arabia, Turkey, UAE, among others"
Non-DAC countries (OECD),,1975,23716182000,"Qatar, Saudi Arabia, Turkey, UAE, among others"
Non-DAC countries (OECD),,1976,21362747000,"Qatar, Saudi Arabia, Turkey, UAE, among others"
Non-DAC countries (OECD),,1977,17558477000,"Qatar, Saudi Arabia, Turkey, UAE, among others"
Non-DAC countries (OECD),,1978,23394077000,"Qatar, Saudi Arabia, Turkey, UAE, among others"
Non-DAC countries (OECD),,1979,20174088000,"Qatar, Saudi Arabia, Turkey, UAE, among others"
Non-DAC countries (OECD),,1980,24714402000,"Qatar, Saudi Arabia, Turkey, UAE, among others"
Non-DAC countries (OECD),,1981,21549881000,"Qatar, Saudi Arabia, Turkey, UAE, among others"
Non-DAC countries (OECD),,1982,14723744000,"Qatar, Saudi Arabia, Turkey, UAE, among others"
Non-DAC countries (OECD),,1983,11443029000,"Qatar, Saudi Arabia, Turkey, UAE, among others"
Non-DAC countries (OECD),,1984,10941535000,"Qatar, Saudi Arabia, Turkey, UAE, among others"
Non-DAC countries (OECD),,1985,8997989000,"Qatar, Saudi Arabia, Turkey, UAE, among others"
Non-DAC countries (OECD),,1986,9445837000,"Qatar, Saudi Arabia, Turkey, UAE, among others"
Non-DAC countries (OECD),,1987,6492366300,"Qatar, Saudi Arabia, Turkey, UAE, among others"
Non-DAC countries (OECD),,1988,3489903400,"Qatar, Saudi Arabia, Turkey, UAE, among others"
Non-DAC countries (OECD),,1989,3262211600,"Qatar, Saudi Arabia, Turkey, UAE, among others"
Non-DAC countries (OECD),,1990,11473237000,"Qatar, Saudi Arabia, Turkey, UAE, among others"
Non-DAC countries (OECD),,1991,5643893000,"Qatar, Saudi Arabia, Turkey, UAE, among others"
Non-DAC countries (OECD),,1992,2440017200,"Qatar, Saudi Arabia, Turkey, UAE, among others"
Non-DAC countries (OECD),,1993,2267422700,"Qatar, Saudi Arabia, Turkey, UAE, among others"
Non-DAC countries (OECD),,1994,1966006300,"Qatar, Saudi Arabia, Turkey, UAE, among others"
Non-DAC countries (OECD),,1995,1366326700,"Qatar, Saudi Arabia, Turkey, UAE, among others"
Non-DAC countries (OECD),,1996,1625260200,"Qatar, Saudi Arabia, Turkey, UAE, among others"
Non-DAC countries (OECD),,1997,2005853800,"Qatar, Saudi Arabia, Turkey, UAE, among others"
Non-DAC countries (OECD),,1998,2340260900,"Qatar, Saudi Arabia, Turkey, UAE, among others"
Non-DAC countries (OECD),,1999,1619649200,"Qatar, Saudi Arabia, Turkey, UAE, among others"
Non-DAC countries (OECD),,2000,1588818400,"Qatar, Saudi Arabia, Turkey, UAE, among others"
Non-DAC countries (OECD),,2001,1424510000,"Qatar, Saudi Arabia, Turkey, UAE, among others"
Non-DAC countries (OECD),,2002,4862217000,"Qatar, Saudi Arabia, Turkey, UAE, among others"
Non-DAC countries (OECD),,2003,4812600000,"Qatar, Saudi Arabia, Turkey, UAE, among others"
Non-DAC countries (OECD),,2004,3873307400,"Qatar, Saudi Arabia, Turkey, UAE, among others"
Non-DAC countries (OECD),,2005,3321099500,"Qatar, Saudi Arabia, Turkey, UAE, among others"
Non-DAC countries (OECD),,2006,4808233500,"Qatar, Saudi Arabia, Turkey, UAE, among others"
Non-DAC countries (OECD),,2007,5608872000,"Qatar, Saudi Arabia, Turkey, UAE, among others"
Non-DAC countries (OECD),,2008,8103820000,"Qatar, Saudi Arabia, Turkey, UAE, among others"
Non-DAC countries (OECD),,2009,5927688700,"Qatar, Saudi Arabia, Turkey, UAE, among others"
Non-DAC countries (OECD),,2010,5753539600,"Qatar, Saudi Arabia, Turkey, UAE, among others"
Non-DAC countries (OECD),,2011,7656084500,"Qatar, Saudi Arabia, Turkey, UAE, among others"
Non-DAC countries (OECD),,2012,4679618600,"Qatar, Saudi Arabia, Turkey, UAE, among others"
Non-DAC countries (OECD),,2013,14198657000,"Qatar, Saudi Arabia, Turkey, UAE, among others"
Non-DAC countries (OECD),,2014,22328717000,"Qatar, Saudi Arabia, Turkey, UAE, among others"
Non-DAC countries (OECD),,2015,10163419000,"Qatar, Saudi Arabia, Turkey, UAE, among others"
Non-DAC countries (OECD),,2016,14133041000,"Qatar, Saudi Arabia, Turkey, UAE, among others"
Non-DAC countries (OECD),,2017,15384969000,"Qatar, Saudi Arabia, Turkey, UAE, among others"
Non-DAC countries (OECD),,2018,19403426000,"Qatar, Saudi Arabia, Turkey, UAE, among others"
Non-DAC countries (OECD),,2019,15894894000,"Qatar, Saudi Arabia, Turkey, UAE, among others"
Non-DAC countries (OECD),,2020,15283964000,"Qatar, Saudi Arabia, Turkey, UAE, among others"
Non-DAC countries (OECD),,2021,18950690000,"Qatar, Saudi Arabia, Turkey, UAE, among others"
Non-DAC countries (OECD),,2022,17659767000,"Qatar, Saudi Arabia, Turkey, UAE, among others"
Nordic Development Fund,,1994,33189998,
Nordic Development Fund,,1995,59800000,
Nordic Development Fund,,1996,91930000,
Nordic Development Fund,,1997,65519996,
Nordic Development Fund,,1998,64089996,
Nordic Development Fund,,1999,53280000,
Nordic Development Fund,,2000,55160000,
Nordic Development Fund,,2001,48920000,
Nordic Development Fund,,2002,48410000,
Nordic Development Fund,,2003,68760000,
Nordic Development Fund,,2004,85240000,
Nordic Development Fund,,2005,74330000,
Nordic Development Fund,,2006,77590000,
Nordic Development Fund,,2007,71920000,
Nordic Development Fund,,2008,92000000,
Nordic Development Fund,,2009,67180000,
Nordic Development Fund,,2010,51840000,
Nordic Development Fund,,2011,51140000,
Nordic Development Fund,,2012,38080000,
Nordic Development Fund,,2013,28310000,
Nordic Development Fund,,2014,26170000,
Nordic Development Fund,,2015,13110000,
Nordic Development Fund,,2016,15900000,
Nordic Development Fund,,2017,18340000,
Nordic Development Fund,,2018,5240000,
Nordic Development Fund,,2019,-3680000,
Nordic Development Fund,,2020,22660000,
Nordic Development Fund,,2021,4890000,
Nordic Development Fund,,2022,1010000,
North American Development Bank,,2020,110000,
North American Development Bank,,2021,910000,
North American Development Bank,,2022,800000,
Norway,NOR,1960,89252184,
Norway,NOR,1961,113844664,
Norway,NOR,1962,116577130,
Norway,NOR,1963,153160450,
Norway,NOR,1964,141985010,
Norway,NOR,1965,159913260,
Norway,NOR,1966,190414510,
Norway,NOR,1967,190853580,
Norway,NOR,1968,334665100,
Norway,NOR,1969,357175140,
Norway,NOR,1970,394487680,
Norway,NOR,1971,420751420,
Norway,NOR,1972,558511000,
Norway,NOR,1973,613354000,
Norway,NOR,1974,803675200,
Norway,NOR,1975,976789000,
Norway,NOR,1976,1123707900,
Norway,NOR,1977,1373008800,
Norway,NOR,1978,1530294100,
Norway,NOR,1979,1692975100,
Norway,NOR,1980,1651310600,
Norway,NOR,1981,1634014300,
Norway,NOR,1982,1991316900,
Norway,NOR,1983,2196709600,
Norway,NOR,1984,2142127000,
Norway,NOR,1985,2279670300,
Norway,NOR,1986,2738813700,
Norway,NOR,1987,2597274400,
Norway,NOR,1988,2650182400,
Norway,NOR,1989,2476499200,
Norway,NOR,1990,2840019700,
Norway,NOR,1991,2813594000,
Norway,NOR,1992,2933840600,
Norway,NOR,1993,2608703000,
Norway,NOR,1994,2912785000,
Norway,NOR,1995,2778624500,
Norway,NOR,1996,2861394400,
Norway,NOR,1997,3037005800,
Norway,NOR,1998,3301098000,
Norway,NOR,1999,3316259600,
Norway,NOR,2000,2992496600,
Norway,NOR,2001,3203786500,
Norway,NOR,2002,3640428500,
Norway,NOR,2003,3780746500,
Norway,NOR,2004,3657246500,
Norway,NOR,2005,4084356900,
Norway,NOR,2006,3943834600,
Norway,NOR,2007,4430985700,
Norway,NOR,2008,4187403800,
Norway,NOR,2009,4946229000,
Norway,NOR,2010,4814020000,
Norway,NOR,2011,4552045600,
Norway,NOR,2012,4567127600,
Norway,NOR,2013,5286329300,
Norway,NOR,2014,5151182300,
Norway,NOR,2015,5704148000,
Norway,NOR,2016,6182814000,
Norway,NOR,2017,5508369000,
Norway,NOR,2018,5238630400,
Norway,NOR,2019,5751158000,
Norway,NOR,2020,6161769000,
Norway,NOR,2021,5348843500,
Norway,NOR,2022,5160980000,
Norway,NOR,2023,6445713000,
Norwegian Postcode Lottery,,2018,600000,
Norwegian Postcode Lottery,,2019,2720000,
Norwegian Postcode Lottery,,2020,8210000,
Norwegian Postcode Lottery,,2021,10580000,
Norwegian Postcode Lottery,,2022,10730000,
OPEC Fund for International Development,,1977,558140000,
OPEC Fund for International Development,,1978,254530000,
OPEC Fund for International Development,,1979,232330000,
OPEC Fund for International Development,,1980,347210000,
OPEC Fund for International Development,,1981,629669950,
OPEC Fund for International Development,,1982,682850000,
OPEC Fund for International Development,,1983,463650000,
OPEC Fund for International Development,,1984,164810000,
OPEC Fund for International Development,,1985,117080000,
OPEC Fund for International Development,,1986,35530000,
OPEC Fund for International Development,,1987,-59860000,
OPEC Fund for International Development,,1988,-61980000,
OPEC Fund for International Development,,1989,-66239996,
OPEC Fund for International Development,,1990,-58630000,
OPEC Fund for International Development,,1991,-27460000,
OPEC Fund for International Development,,1992,-25340000,
OPEC Fund for International Development,,1993,-62410000,
OPEC Fund for International Development,,1994,-50660000,
OPEC Fund for International Development,,1995,-26920000,
OPEC Fund for International Development,,1996,-47310000,
OPEC Fund for International Development,,1997,-51720000,
OPEC Fund for International Development,,1998,-10910000,
OPEC Fund for International Development,,1999,10640000,
OPEC Fund for International Development,,2000,25890000,
OPEC Fund for International Development,,2001,74840000,
OPEC Fund for International Development,,2002,125790000,
OPEC Fund for International Development,,2003,75130000,
OPEC Fund for International Development,,2004,111800000,
OPEC Fund for International Development,,2005,69610000,
OPEC Fund for International Development,,2006,167680000,
OPEC Fund for International Development,,2007,218240000,
OPEC Fund for International Development,,2008,198060000,
OPEC Fund for International Development,,2009,177890000,
OPEC Fund for International Development,,2010,166790000,
OPEC Fund for International Development,,2011,137470000,
OPEC Fund for International Development,,2012,149300000,
OPEC Fund for International Development,,2013,212260000,
OPEC Fund for International Development,,2014,259230020,
OPEC Fund for International Development,,2015,187080000,
OPEC Fund for International Development,,2016,261000000,
OPEC Fund for International Development,,2017,292770000,
OPEC Fund for International Development,,2018,265940000,
OPEC Fund for International Development,,2019,-126030000,
OPEC Fund for International Development,,2020,15190000,
OPEC Fund for International Development,,2021,168310000,
OPEC Fund for International Development,,2022,430260000,
OSCE,,2010,156110000,
OSCE,,2011,148390000,
OSCE,,2012,136050000,
OSCE,,2013,133800000,
OSCE,,2014,129899990,
OSCE,,2015,126520000,
OSCE,,2016,124570000,
OSCE,,2017,118200000,
OSCE,,2018,120400000,
OSCE,,2019,117960000,
OSCE,,2020,72820000,
OSCE,,2021,112360000,
OSCE,,2022,102470000,
Oak Foundation,,2017,118980000,
Oak Foundation,,2018,222610000,
Oak Foundation,,2019,146140000,
Oak Foundation,,2020,158500000,
Oak Foundation,,2021,153890000,
Oak Foundation,,2022,249980000,
Omidyar Network Fund,,2017,67370000,
Omidyar Network Fund,,2018,60850000,
Omidyar Network Fund,,2019,66850000,
Omidyar Network Fund,,2020,33000000,
Omidyar Network Fund,,2021,27860000,
Omidyar Network Fund,,2022,8640000,
Open Society Foundations,,2016,244910000,
Open Society Foundations,,2017,267590000,
Open Society Foundations,,2018,301300000,
Open Society Foundations,,2019,299420000,
Open Society Foundations,,2020,381400000,
Open Society Foundations,,2021,461570020,
Other donor countries (OECD),,1970,425547680,
Other donor countries (OECD),,1971,390519940,
Other donor countries (OECD),,1972,371296130,
Other donor countries (OECD),,1973,1192971900,
Other donor countries (OECD),,1974,2140049300,
Other donor countries (OECD),,1975,1731238500,
Other donor countries (OECD),,1976,461346020,
Other donor countries (OECD),,1977,479415840,
Other donor countries (OECD),,1978,554829100,
Other donor countries (OECD),,1979,2440099600,
Other donor countries (OECD),,1980,2890251500,
Other donor countries (OECD),,1981,965170700,
Other donor countries (OECD),,1982,280430240,
Other donor countries (OECD),,1983,154068770,
Other donor countries (OECD),,1984,-30143680,
Other donor countries (OECD),,1985,71069350,
Other donor countries (OECD),,1986,254533040,
Other donor countries (OECD),,1987,125077656,
Other donor countries (OECD),,1988,173388600,
Other donor countries (OECD),,1989,462085300,
Other donor countries (OECD),,1990,242585170,
Other donor countries (OECD),,1991,55936944,
Other donor countries (OECD),,1992,22257060,
Other donor countries (OECD),,1993,17505954,
Other multilateral organizations,,1974,28930000,
Other multilateral organizations,,1975,155760000,
Other multilateral organizations,,1976,245420000,
Other multilateral organizations,,1977,883280000,
Other multilateral organizations,,1978,891590000,
Other multilateral organizations,,1979,620810000,
Other multilateral organizations,,1980,610909950,
Other multilateral organizations,,1981,919909950,
Other multilateral organizations,,1982,917130000,
Other multilateral organizations,,1983,697870000,
Other multilateral organizations,,1984,305340000,
Other multilateral organizations,,1985,246650000,
Other multilateral organizations,,1986,252070000,
Other multilateral organizations,,1987,96250000,
Other multilateral organizations,,1988,70410000,
Other multilateral organizations,,1989,186260000,
Other multilateral organizations,,1990,58780000,
Other multilateral organizations,,1991,202430000,
Other multilateral organizations,,1992,455610000,
Other multilateral organizations,,1993,418029980,
Other multilateral organizations,,1994,526510000,
Other multilateral organizations,,1995,191430000,
Other multilateral organizations,,1996,252070000,
Other multilateral organizations,,1997,254140000,
Other multilateral organizations,,1998,497200000,
Other multilateral organizations,,1999,473010020,
Other multilateral organizations,,2000,607000000,
Other multilateral organizations,,2001,839370000,
Other multilateral organizations,,2002,858030000,
Other multilateral organizations,,2003,1039319940,
Other multilateral organizations,,2004,1562980000,
Other multilateral organizations,,2005,2054920000,
Other multilateral organizations,,2006,2415470000,
Other multilateral organizations,,2007,3773600000,
Other multilateral organizations,,2008,4648890400,
Other multilateral organizations,,2009,4326640000,
Other multilateral organizations,,2010,5685560000,
Other multilateral organizations,,2011,4766120000,
Other multilateral organizations,,2012,5822670000,
Other multilateral organizations,,2013,7272440000,
Other multilateral organizations,,2014,6355510000,
Other multilateral organizations,,2015,7309990400,
Other multilateral organizations,,2016,6940930000,
Other multilateral organizations,,2017,7786060300,
Other multilateral organizations,,2018,6550640000,
Other multilateral organizations,,2019,6950610000,
Other multilateral organizations,,2020,8404179500,
Other multilateral organizations,,2021,8195790000,
Other multilateral organizations,,2022,8940060000,
Other multilaterals not specified,,1960,918450000,
Other multilaterals not specified,,1961,1239130000,
Other multilaterals not specified,,1962,1291720000,
Other multilaterals not specified,,1963,1583450000,
Other multilaterals not specified,,1964,1626280100,
Other multilaterals not specified,,1965,1427270000,
Other multilaterals not specified,,1966,1783920000,
Other multilaterals not specified,,1967,1620190000,
Other multilaterals not specified,,1970,3600000,
Other multilaterals not specified,,1971,1290000,
Other multilaterals not specified,,1972,1110000,
Other multilaterals not specified,,1973,2160000,
Other multilaterals not specified,,1974,484080000,
Other multilaterals not specified,,1975,460700000,
Other multilaterals not specified,,1976,1316439900,
Other multilaterals not specified,,1977,3532310000,
Other multilaterals not specified,,1978,4607210000,
Other multilaterals not specified,,1979,1827990000,
Other multilaterals not specified,,1980,4000850200,
Other multilaterals not specified,,1981,1109550100,
Other multilaterals not specified,,1982,277530000,
Other multilaterals not specified,,1983,-91630000,
Other multilaterals not specified,,1984,-340140000,
Other multilaterals not specified,,1985,-759830000,
Other multilaterals not specified,,1986,-9030000,
Other multilaterals not specified,,1987,-13460000,
Other multilaterals not specified,,1988,3490000,
Other multilaterals not specified,,1989,-8319999.5,
Other multilaterals not specified,,1990,-15050000,
Other multilaterals not specified,,1991,-10150000,
Other multilaterals not specified,,1992,-23180000,
Other multilaterals not specified,,1993,-8420000,
Other multilaterals not specified,,1994,-12790000,
People's Postcode Lottery,,2016,22920000,
People's Postcode Lottery,,2017,41630000,
People's Postcode Lottery,,2018,49310000,
People's Postcode Lottery,,2019,61090000,
People's Postcode Lottery,,2020,70670000,
People's Postcode Lottery,,2021,58010000,
People's Postcode Lottery,,2022,76840000,
Poland,POL,1975,124241416,
Poland,POL,1976,116333910,
Poland,POL,1977,72253000,
Poland,POL,1978,81835864,
Poland,POL,1979,79135096,
Poland,POL,1980,99704820,
Poland,POL,1981,15160916,
Poland,POL,1982,7632139,
Poland,POL,1983,4826557,
Poland,POL,1984,10599407,
Poland,POL,1985,48489220,
Poland,POL,1986,35386560,
Poland,POL,1987,21385956,
Poland,POL,1988,18368808,
Poland,POL,1989,10591104,
Poland,POL,1998,30656740,
Poland,POL,1999,35655364,
Poland,POL,2000,51608070,
Poland,POL,2001,57921748,
Poland,POL,2002,22651568,
Poland,POL,2003,40820316,
Poland,POL,2004,158167920,
Poland,POL,2005,237664500,
Poland,POL,2006,328587170,
Poland,POL,2007,341806400,
Poland,POL,2008,298265380,
Poland,POL,2009,367609860,
Poland,POL,2010,353906660,
Poland,POL,2011,372955780,
Poland,POL,2012,403946720,
Poland,POL,2013,452794370,
Poland,POL,2014,417106370,
Poland,POL,2015,480443420,
Poland,POL,2016,754445630,
Poland,POL,2017,729062300,
Poland,POL,2018,768834800,
Poland,POL,2019,795052500,
Poland,POL,2020,825999800,
Poland,POL,2021,927748300,
Poland,POL,2022,3481280000,
Poland,POL,2023,2208491000,
Portugal,PRT,1960,13100000,
Portugal,PRT,1961,449770000,
Portugal,PRT,1966,216750000,
Portugal,PRT,1967,468709980,
Portugal,PRT,1980,14194417,
Portugal,PRT,1981,22281306,
Portugal,PRT,1982,15880426,
Portugal,PRT,1983,53352860,
Portugal,PRT,1984,37694224,
Portugal,PRT,1985,44932550,
Portugal,PRT,1986,71561864,
Portugal,PRT,1987,112293864,
Portugal,PRT,1988,217139600,
Portugal,PRT,1989,281367800,
Portugal,PRT,1990,290515600,
Portugal,PRT,1991,385943040,
Portugal,PRT,1992,461431700,
Portugal,PRT,1993,411537800,
Portugal,PRT,1994,510950500,
Portugal,PRT,1995,378936400,
Portugal,PRT,1996,322117020,
Portugal,PRT,1997,404789950,
Portugal,PRT,1998,413884100,
Portugal,PRT,1999,446414750,
Portugal,PRT,2000,489352160,
Portugal,PRT,2001,481635940,
Portugal,PRT,2002,527855170,
Portugal,PRT,2003,421779620,
Portugal,PRT,2004,1208397400,
Portugal,PRT,2005,427571870,
Portugal,PRT,2006,431229570,
Portugal,PRT,2007,455886080,
Portugal,PRT,2008,560499900,
Portugal,PRT,2009,474747460,
Portugal,PRT,2010,627767400,
Portugal,PRT,2011,653972300,
Portugal,PRT,2012,582729860,
Portugal,PRT,2013,463909470,
Portugal,PRT,2014,406133060,
Portugal,PRT,2015,340912320,
Portugal,PRT,2016,374444220,
Portugal,PRT,2017,401583580,
Portugal,PRT,2018,383712060,
Portugal,PRT,2019,391272580,
Portugal,PRT,2020,415181250,
Portugal,PRT,2021,417350500,
Portugal,PRT,2022,439570020,
Portugal,PRT,2023,408886370,
Postcode Lottery Group,,2016,337630000,
Postcode Lottery Group,,2017,377109980,
Postcode Lottery Group,,2018,371420000,
Postcode Lottery Group,,2019,369280000,
Postcode Lottery Group,,2020,360720000,
Postcode Lottery Group,,2021,325540000,
Postcode Lottery Group,,2022,341490000,
Private donors (OECD),,2009,3302810000,
Private donors (OECD),,2010,2594270000,
Private donors (OECD),,2011,3412950000,
Private donors (OECD),,2012,3313970000,
Private donors (OECD),,2013,3627050000,
Private donors (OECD),,2014,3690990000,
Private donors (OECD),,2015,4152919800,
Private donors (OECD),,2016,5467350000,
Private donors (OECD),,2017,8272380000,
Private donors (OECD),,2018,8852420000,
Private donors (OECD),,2019,8961500000,
Private donors (OECD),,2020,10787750000,
Private donors (OECD),,2021,11833610000,
Private donors (OECD),,2022,10675690000,
Qatar,QAT,1973,446120860,
Qatar,QAT,1974,803665660,
Qatar,QAT,1975,1050727400,
Qatar,QAT,1976,495761440,
Qatar,QAT,1977,399627870,
Qatar,QAT,1978,132832840,
Qatar,QAT,1979,694055000,
Qatar,QAT,1980,603855700,
Qatar,QAT,1981,570392300,
Qatar,QAT,1982,296991970,
Qatar,QAT,1983,14555880,
Qatar,QAT,1984,5765044,
Qatar,QAT,1985,10993298,
Qatar,QAT,1986,33669180,
Qatar,QAT,1987,-3494198,
Qatar,QAT,1988,4409195,
Qatar,QAT,1989,-5455513,
Qatar,QAT,1990,-3708642,
Qatar,QAT,1992,28032,
Qatar,QAT,1993,4960737,
Qatar,QAT,1994,3062025,
Qatar,QAT,2019,600991200,
Qatar,QAT,2020,607977540,
Qatar,QAT,2021,656289700,
Qatar,QAT,2022,835745900,
Qatar,QAT,2023,687654000,
Regional development banks,,1965,-450000,
Regional development banks,,1966,-276400000,
Regional development banks,,1967,-270980000,
Regional development banks,,1973,3510000,
Regional development banks,,1974,12760000,
Regional development banks,,1975,75360000,
Regional development banks,,1976,84570000,
Regional development banks,,1977,162020000,
Regional development banks,,1978,295269980,
Regional development banks,,1979,361540000,
Regional development banks,,1980,481350000,
Regional development banks,,1981,450050000,
Regional development banks,,1982,531630000,
Regional development banks,,1983,628980000,
Regional development banks,,1984,445820000,
Regional development banks,,1985,714930000,
Regional development banks,,1986,762260030,
Regional development banks,,1987,817480000,
Regional development banks,,1988,691210050,
Regional development banks,,1989,935620000,
Regional development banks,,1990,1041770050,
Regional development banks,,1991,1021460030,
Regional development banks,,1992,1075610000,
Regional development banks,,1993,1047630000,
Regional development banks,,1994,903680000,
Regional development banks,,1995,685310000,
Regional development banks,,1996,794070000,
Regional development banks,,1997,839940030,
Regional development banks,,1998,848550000,
Regional development banks,,1999,709270000,
Regional development banks,,2000,492520000,
Regional development banks,,2001,966080000,
Regional development banks,,2002,1294270100,
Regional development banks,,2003,830229950,
Regional development banks,,2004,1641220000,
Regional development banks,,2005,1527479900,
Regional development banks,,2006,2881860000,
Regional development banks,,2007,1838430100,
Regional development banks,,2008,2163730000,
Regional development banks,,2009,3527290000,
Regional development banks,,2010,2352330000,
Regional development banks,,2011,2687850000,
Regional development banks,,2012,4937450000,
Regional development banks,,2013,5583170000,
Regional development banks,,2014,5494080000,
Regional development banks,,2015,6301570000,
Regional development banks,,2016,5797860000,
Regional development banks,,2017,5350899700,
Regional development banks,,2018,3802540000,
Regional development banks,,2019,4350620000,
Regional development banks,,2020,6787220000,
Regional development banks,,2021,4521950000,
Regional development banks,,2022,4940420000,
Rockefeller Foundation,,2018,123510000,
Rockefeller Foundation,,2019,125350000,
Rockefeller Foundation,,2020,131310000,
Rockefeller Foundation,,2021,366510000,
Rockefeller Foundation,,2022,116720000,
Romania,ROU,2008,124691336,
Romania,ROU,2009,160767620,
Romania,ROU,2010,119124930,
Romania,ROU,2011,161247740,
Romania,ROU,2012,143714560,
Romania,ROU,2013,133462160,
Romania,ROU,2014,212629040,
Romania,ROU,2015,173988880,
Romania,ROU,2016,224852380,
Romania,ROU,2017,238243740,
Romania,ROU,2018,258975340,
Romania,ROU,2019,269219900,
Romania,ROU,2020,317505540,
Romania,ROU,2021,404722660,
Romania,ROU,2022,411895170,
Romania,ROU,2023,523412060,
Saudi Arabia,SAU,1966,2161867800,
Saudi Arabia,SAU,1970,1126334200,
Saudi Arabia,SAU,1971,1305609700,
Saudi Arabia,SAU,1972,1927714600,
Saudi Arabia,SAU,1973,5303849000,
Saudi Arabia,SAU,1974,8657126000,
Saudi Arabia,SAU,1975,9912767000,
Saudi Arabia,SAU,1976,9379236000,
Saudi Arabia,SAU,1977,7816191500,
Saudi Arabia,SAU,1978,15063816000,
Saudi Arabia,SAU,1979,9983139000,
Saudi Arabia,SAU,1980,13342038000,
Saudi Arabia,SAU,1981,13266693000,
Saudi Arabia,SAU,1982,8998267000,
Saudi Arabia,SAU,1983,7581174300,
Saudi Arabia,SAU,1984,7799405600,
Saudi Arabia,SAU,1985,6304012000,
Saudi Arabia,SAU,1986,7221762600,
Saudi Arabia,SAU,1987,5221265000,
Saudi Arabia,SAU,1988,3009420300,
Saudi Arabia,SAU,1989,1950295400,
Saudi Arabia,SAU,1990,5413185500,
Saudi Arabia,SAU,1991,2514211300,
Saudi Arabia,SAU,1992,1097477600,
Saudi Arabia,SAU,1993,685327360,
Saudi Arabia,SAU,1994,441806500,
Saudi Arabia,SAU,1995,372391740,
Saudi Arabia,SAU,1996,479498100,
Saudi Arabia,SAU,1997,313493500,
Saudi Arabia,SAU,1998,357615200,
Saudi Arabia,SAU,1999,257230130,
Saudi Arabia,SAU,2000,396660800,
Saudi Arabia,SAU,2001,312636600,
Saudi Arabia,SAU,2002,3660188700,
Saudi Arabia,SAU,2003,3139123000,
Saudi Arabia,SAU,2004,2106780500,
Saudi Arabia,SAU,2005,1211905300,
Saudi Arabia,SAU,2006,2312022300,
Saudi Arabia,SAU,2007,1648574300,
Saudi Arabia,SAU,2008,5053043700,
Saudi Arabia,SAU,2009,3302765600,
Saudi Arabia,SAU,2010,3627795200,
Saudi Arabia,SAU,2011,5013982700,
Saudi Arabia,SAU,2012,1310768400,
Saudi Arabia,SAU,2013,5664686600,
Saudi Arabia,SAU,2014,13570068000,
Saudi Arabia,SAU,2015,945322300,
Saudi Arabia,SAU,2016,1705049300,
Saudi Arabia,SAU,2017,2096054400,
Saudi Arabia,SAU,2018,5036385000,
Saudi Arabia,SAU,2019,2191586600,
Saudi Arabia,SAU,2020,2011656400,
Saudi Arabia,SAU,2021,6894631000,
Saudi Arabia,SAU,2022,6331403300,
Slovakia,SVK,1999,18877280,
Slovakia,SVK,2000,15342847,
Slovakia,SVK,2001,21550728,
Slovakia,SVK,2002,15685244,
Slovakia,SVK,2003,27259750,
Slovakia,SVK,2004,42287480,
Slovakia,SVK,2005,80064780,
Slovakia,SVK,2006,72081680,
Slovakia,SVK,2007,72378340,
Slovakia,SVK,2008,84422904,
Slovakia,SVK,2009,69991360,
Slovakia,SVK,2010,71557340,
Slovakia,SVK,2011,78236240,
Slovakia,SVK,2012,77419130,
Slovakia,SVK,2013,80523650,
Slovakia,SVK,2014,78077310,
Slovakia,SVK,2015,95502920,
Slovakia,SVK,2016,120221470,
Slovakia,SVK,2017,131015656,
Slovakia,SVK,2018,141717470,
Slovakia,SVK,2019,122523576,
Slovakia,SVK,2020,143394350,
Slovakia,SVK,2021,148419070,
Slovakia,SVK,2022,171880000,
Slovakia,SVK,2023,156435300,
Slovenia,SVN,2005,41306090,
Slovenia,SVN,2006,50815000,
Slovenia,SVN,2007,55006690,
Slovenia,SVN,2008,62398124,
Slovenia,SVN,2009,65870850,
Slovenia,SVN,2010,57560220,
Slovenia,SVN,2011,58128120,
Slovenia,SVN,2012,58273770,
Slovenia,SVN,2013,58472560,
Slovenia,SVN,2014,58236292,
Slovenia,SVN,2015,70924370,
Slovenia,SVN,2016,90597880,
Slovenia,SVN,2017,81655820,
Slovenia,SVN,2018,84158700,
Slovenia,SVN,2019,91130670,
Slovenia,SVN,2020,91540470,
Slovenia,SVN,2021,110021590,
Slovenia,SVN,2022,168700000,
Slovenia,SVN,2023,145298800,
South Korea,KOR,1987,46708540,
South Korea,KOR,1988,55796600,
South Korea,KOR,1989,47955060,
South Korea,KOR,1990,83367460,
South Korea,KOR,1991,74344184,
South Korea,KOR,1992,98046830,
South Korea,KOR,1993,137889010,
South Korea,KOR,1994,160618580,
South Korea,KOR,1995,119065064,
South Korea,KOR,1996,163631780,
South Korea,KOR,1997,216818020,
South Korea,KOR,1998,301003170,
South Korea,KOR,1999,448715360,
South Korea,KOR,2000,282665700,
South Korea,KOR,2001,389073000,
South Korea,KOR,2002,385635260,
South Korea,KOR,2003,465697570,
South Korea,KOR,2004,502459900,
South Korea,KOR,2005,790386200,
South Korea,KOR,2006,445469570,
South Korea,KOR,2007,649448700,
South Korea,KOR,2008,869475400,
South Korea,KOR,2009,979469600,
South Korea,KOR,2010,1243787900,
South Korea,KOR,2011,1328090900,
South Korea,KOR,2012,1608481200,
South Korea,KOR,2013,1701053000,
South Korea,KOR,2014,1715374200,
South Korea,KOR,2015,1842361100,
South Korea,KOR,2016,2173276000,
South Korea,KOR,2017,2029828900,
South Korea,KOR,2018,2163920400,
South Korea,KOR,2019,2400806400,
South Korea,KOR,2020,2180563700,
South Korea,KOR,2021,2690605000,
South Korea,KOR,2022,2906260000,
South Korea,KOR,2023,3241459000,
Spain,ESP,1980,411235070,
Spain,ESP,1981,691749760,
Spain,ESP,1982,718678800,
Spain,ESP,1983,245479840,
Spain,ESP,1984,485382530,
Spain,ESP,1985,591042500,
Spain,ESP,1986,528139300,
Spain,ESP,1987,500893100,
Spain,ESP,1988,478322780,
Spain,ESP,1989,991959500,
Spain,ESP,1990,1418762400,
Spain,ESP,1991,1768453800,
Spain,ESP,1992,1964792800,
Spain,ESP,1993,2005364200,
Spain,ESP,1994,2033781900,
Spain,ESP,1995,1864355000,
Spain,ESP,1996,1699612500,
Spain,ESP,1997,1892828400,
Spain,ESP,1998,2098387000,
Spain,ESP,1999,2120051100,
Spain,ESP,2000,2078950400,
Spain,ESP,2001,2987486500,
Spain,ESP,2002,2688520700,
Spain,ESP,2003,2471564800,
Spain,ESP,2004,2688428500,
Spain,ESP,2005,3197351700,
Spain,ESP,2006,3847144000,
Spain,ESP,2007,4597028000,
Spain,ESP,2008,5700420600,
Spain,ESP,2009,5653105000,
Spain,ESP,2010,5362453000,
Spain,ESP,2011,3583724800,
Spain,ESP,2012,1894801700,
Spain,ESP,2013,2105834200,
Spain,ESP,2014,1688087000,
Spain,ESP,2015,1494484000,
Spain,ESP,2016,4518724600,
Spain,ESP,2017,2652591400,
Spain,ESP,2018,2531043300,
Spain,ESP,2019,2751369000,
Spain,ESP,2020,2702460200,
Spain,ESP,2021,3110279400,
Spain,ESP,2022,4046530000,
Spain,ESP,2023,3315701800,
Susan T. Buffett Foundation,,2017,307160000,
Susan T. Buffett Foundation,,2018,354269980,
Susan T. Buffett Foundation,,2019,391480000,
Susan T. Buffett Foundation,,2020,355520000,
Susan T. Buffett Foundation,,2021,284090000,
Susan T. Buffett Foundation,,2022,237030000,
Sweden,SWE,1960,52656320,
Sweden,SWE,1961,64120644,
Sweden,SWE,1962,135452770,
Sweden,SWE,1963,164209700,
Sweden,SWE,1964,223662220,
Sweden,SWE,1965,245570000,
Sweden,SWE,1966,346118800,
Sweden,SWE,1967,344856100,
Sweden,SWE,1968,402160350,
Sweden,SWE,1969,656926100,
Sweden,SWE,1970,608262460,
Sweden,SWE,1971,759271500,
Sweden,SWE,1972,823876030,
Sweden,SWE,1973,979197000,
Sweden,SWE,1974,1329744100,
Sweden,SWE,1975,1531619200,
Sweden,SWE,1976,1542112000,
Sweden,SWE,1977,1840609000,
Sweden,SWE,1978,1700768100,
Sweden,SWE,1979,1886963100,
Sweden,SWE,1980,1623818200,
Sweden,SWE,1981,1706528600,
Sweden,SWE,1982,2104239700,
Sweden,SWE,1983,1783779300,
Sweden,SWE,1984,1758422400,
Sweden,SWE,1985,1946905600,
Sweden,SWE,1986,1967740400,
Sweden,SWE,1987,2110145300,
Sweden,SWE,1988,2134696800,
Sweden,SWE,1989,2440894500,
Sweden,SWE,1990,2283381500,
Sweden,SWE,1991,2272218600,
Sweden,SWE,1992,2517825000,
Sweden,SWE,1993,2368178700,
Sweden,SWE,1994,2352356400,
Sweden,SWE,1995,1963134500,
Sweden,SWE,1996,2143341300,
Sweden,SWE,1997,2082356200,
Sweden,SWE,1998,1953620400,
Sweden,SWE,1999,2084900400,
Sweden,SWE,2000,2514462200,
Sweden,SWE,2001,2564706600,
Sweden,SWE,2002,2868461600,
Sweden,SWE,2003,2796984800,
Sweden,SWE,2004,2871428000,
Sweden,SWE,2005,3582980600,
Sweden,SWE,2006,4089663000,
Sweden,SWE,2007,4000491000,
Sweden,SWE,2008,4176202200,
Sweden,SWE,2009,4481723000,
Sweden,SWE,2010,4173369600,
Sweden,SWE,2011,4597725700,
Sweden,SWE,2012,4443420000,
Sweden,SWE,2013,4710461400,
Sweden,SWE,2014,5217117000,
Sweden,SWE,2015,7136756000,
Sweden,SWE,2016,4923179500,
Sweden,SWE,2017,5476992000,
Sweden,SWE,2018,5866577000,
Sweden,SWE,2019,5400825300,
Sweden,SWE,2020,6288414700,
Sweden,SWE,2021,5334307300,
Sweden,SWE,2022,5457970000,
Sweden,SWE,2023,5432674300,
Swedish Postcode Lottery,,2016,65720000,
Swedish Postcode Lottery,,2017,69170000,
Swedish Postcode Lottery,,2018,68810000,
Swedish Postcode Lottery,,2019,57880000,
Swedish Postcode Lottery,,2020,59080000,
Swedish Postcode Lottery,,2021,53710000,
Swedish Postcode Lottery,,2022,50840000,
Switzerland,CHE,1960,73139464,
Switzerland,CHE,1961,158655180,
Switzerland,CHE,1962,93093400,
Switzerland,CHE,1963,112275280,
Switzerland,CHE,1964,158112580,
Switzerland,CHE,1965,195757540,
Switzerland,CHE,1966,205612880,
Switzerland,CHE,1967,196832060,
Switzerland,CHE,1968,354845060,
Switzerland,CHE,1969,426711460,
Switzerland,CHE,1970,411157760,
Switzerland,CHE,1971,338045340,
Switzerland,CHE,1972,652937500,
Switzerland,CHE,1973,504412160,
Switzerland,CHE,1974,460273800,
Switzerland,CHE,1975,569279300,
Switzerland,CHE,1976,582028350,
Switzerland,CHE,1977,591478140,
Switzerland,CHE,1978,618616000,
Switzerland,CHE,1979,691871100,
Switzerland,CHE,1980,806538560,
Switzerland,CHE,1981,840412800,
Switzerland,CHE,1982,860013700,
Switzerland,CHE,1983,1101740800,
Switzerland,CHE,1984,1060672400,
Switzerland,CHE,1985,1149242500,
Switzerland,CHE,1986,1137143200,
Switzerland,CHE,1987,1196507900,
Switzerland,CHE,1988,1289473000,
Switzerland,CHE,1989,1259295000,
Switzerland,CHE,1990,1374490800,
Switzerland,CHE,1991,1549062700,
Switzerland,CHE,1992,1963437400,
Switzerland,CHE,1993,1404444500,
Switzerland,CHE,1994,1590294000,
Switzerland,CHE,1995,1505702000,
Switzerland,CHE,1996,1487382100,
Switzerland,CHE,1997,1555272200,
Switzerland,CHE,1998,1535660700,
Switzerland,CHE,1999,1743850800,
Switzerland,CHE,2000,1749104800,
Switzerland,CHE,2001,1766093200,
Switzerland,CHE,2002,1688801900,
Switzerland,CHE,2003,1996003700,
Switzerland,CHE,2004,2186623200,
Switzerland,CHE,2005,2490294300,
Switzerland,CHE,2006,2279186400,
Switzerland,CHE,2007,2181185500,
Switzerland,CHE,2008,2375854600,
Switzerland,CHE,2009,2650345500,
Switzerland,CHE,2010,2530584000,
Switzerland,CHE,2011,2856828400,
Switzerland,CHE,2012,3018092300,
Switzerland,CHE,2013,3131356700,
Switzerland,CHE,2014,3423901700,
Switzerland,CHE,2015,3654387000,
Switzerland,CHE,2016,3820417800,
Switzerland,CHE,2017,3366902800,
Switzerland,CHE,2018,3265687300,
Switzerland,CHE,2019,3320118800,
Switzerland,CHE,2020,3798664000,
Switzerland,CHE,2021,3839560700,
Switzerland,CHE,2022,4496380000,
Switzerland,CHE,2023,4787068000,
Taiwan,TWN,1988,26438144,
Taiwan,TWN,1989,34669450,
Taiwan,TWN,1990,37717348,
Taiwan,TWN,1991,184115330,
Taiwan,TWN,1992,148651360,
Taiwan,TWN,1993,86984950,
Taiwan,TWN,1994,108196110,
Taiwan,TWN,1995,112699580,
Taiwan,TWN,1996,114337860,
Taiwan,TWN,1997,90455850,
Taiwan,TWN,1998,37587310,
Taiwan,TWN,2004,511435650,
Taiwan,TWN,2005,570416800,
Taiwan,TWN,2006,585741200,
Taiwan,TWN,2007,546459300,
Taiwan,TWN,2008,441687040,
Taiwan,TWN,2009,433537150,
Taiwan,TWN,2010,397128260,
Taiwan,TWN,2011,375185150,
Taiwan,TWN,2012,307289400,
Taiwan,TWN,2013,270881340,
Taiwan,TWN,2014,272686300,
Taiwan,TWN,2015,280380830,
Taiwan,TWN,2016,362870270,
Taiwan,TWN,2017,346513660,
Taiwan,TWN,2018,303438940,
Taiwan,TWN,2019,334578430,
Taiwan,TWN,2020,518221980,
Taiwan,TWN,2021,319017600,
Taiwan,TWN,2023,408831800,
Thailand,THA,2006,84184600,
Thailand,THA,2007,71135410,
Thailand,THA,2008,179658620,
Thailand,THA,2009,40555508,
Thailand,THA,2010,4660322,
Thailand,THA,2011,22428050,
Thailand,THA,2012,11595255,
Thailand,THA,2013,36241108,
Thailand,THA,2014,68646840,
Thailand,THA,2015,68697490,
Thailand,THA,2016,185777970,
Thailand,THA,2017,144244140,
Thailand,THA,2018,139656430,
Thailand,THA,2019,152739790,
Thailand,THA,2020,73432600,
Thailand,THA,2021,81999840,
Thailand,THA,2022,71834820,
Thailand,THA,2023,71598270,
Turkey,TUR,1990,3147576,
Turkey,TUR,1991,126335580,
Turkey,TUR,1992,93172810,
Turkey,TUR,1993,63435836,
Turkey,TUR,1994,76818720,
Turkey,TUR,1995,116761700,
Turkey,TUR,1996,95836790,
Turkey,TUR,1997,86214344,
Turkey,TUR,1998,75599900,
Turkey,TUR,1999,137820300,
Turkey,TUR,2000,93600130,
Turkey,TUR,2001,94254376,
Turkey,TUR,2002,95996450,
Turkey,TUR,2003,70594890,
Turkey,TUR,2004,304421340,
Turkey,TUR,2005,472111650,
Turkey,TUR,2006,547422000,
Turkey,TUR,2007,395095580,
Turkey,TUR,2008,459899230,
Turkey,TUR,2009,466910900,
Turkey,TUR,2010,578794050,
Turkey,TUR,2011,784994940,
Turkey,TUR,2012,1558505700,
Turkey,TUR,2013,2035743600,
Turkey,TUR,2014,2365035500,
Turkey,TUR,2015,2977183200,
Turkey,TUR,2016,5059117600,
Turkey,TUR,2017,6888050700,
Turkey,TUR,2018,8315819500,
Turkey,TUR,2019,8620496000,
Turkey,TUR,2020,8700852000,
Turkey,TUR,2021,8087576600,
Turkey,TUR,2022,7116207600,
Turkey,TUR,2023,5911732000,
UBS Optimus Foundation,,2019,95770000,
UBS Optimus Foundation,,2020,105940000,
UBS Optimus Foundation,,2021,76640000,
UBS Optimus Foundation,,2022,110990000,
UN COVID-19 Multi-Partner Trust Fund,,2021,21370000,
UN COVID-19 Multi-Partner Trust Fund,,2022,-910000,
UN Capital Development Fund,,2020,11040000,
UN Capital Development Fund,,2021,11380000,
UN Capital Development Fund,,2022,13360000,
UN Institute for Disarmament Research,,2019,190000,
UN Institute for Disarmament Research,,2020,400000,
UN Institute for Disarmament Research,,2021,470000,
UN Institute for Disarmament Research,,2022,320000,
UN Peacebuilding Fund,,2007,10150000,
UN Peacebuilding Fund,,2008,33980000,
UN Peacebuilding Fund,,2009,44940000,
UN Peacebuilding Fund,,2010,53110000,
UN Peacebuilding Fund,,2011,60870000,
UN Peacebuilding Fund,,2012,60810000,
UN Peacebuilding Fund,,2013,42590000,
UN Peacebuilding Fund,,2014,64110000,
UN Peacebuilding Fund,,2015,77890000,
UN Peacebuilding Fund,,2016,51610000,
UN Peacebuilding Fund,,2017,58730000,
UN Peacebuilding Fund,,2018,123840000,
UN Peacebuilding Fund,,2019,155650000,
UN Peacebuilding Fund,,2020,180480000,
UN Peacebuilding Fund,,2021,188010000,
UN Peacebuilding Fund,,2022,179050000,
UN Women,,2021,147670000,
UN Women,,2022,159440000,
UNAIDS,,2005,145160000,
UNAIDS,,2006,206310000,
UNAIDS,,2007,205290000,
UNAIDS,,2008,212060000,
UNAIDS,,2009,256140020,
UNAIDS,,2010,256220000,
UNAIDS,,2011,261250000,
UNAIDS,,2012,244230000,
UNAIDS,,2013,245630000,
UNAIDS,,2014,237550000,
UNAIDS,,2015,265579980,
UNAIDS,,2016,205490000,
UNAIDS,,2017,179200000,
UNAIDS,,2018,197180000,
UNAIDS,,2019,140410000,
UNAIDS,,2020,132550000,
UNAIDS,,2021,85550000,
UNAIDS,,2022,92940000,
UNDP,,1968,1623180000,
UNDP,,1969,1129940000,
UNDP,,1970,1308630000,
UNDP,,1971,1461760000,
UNDP,,1972,1483680000,
UNDP,,1973,1254400000,
UNDP,,1974,1189370000,
UNDP,,1975,1537969900,
UNDP,,1976,1331760000,
UNDP,,1977,1116310000,
UNDP,,1978,1260810100,
UNDP,,1979,1365560000,
UNDP,,1980,1601320000,
UNDP,,1981,1955880100,
UNDP,,1982,1816680100,
UNDP,,1983,1567690000,
UNDP,,1984,1541440000,
UNDP,,1985,1637900000,
UNDP,,1986,1630640000,
UNDP,,1987,1438490000,
UNDP,,1988,1556480000,
UNDP,,1989,1644000000,
UNDP,,1990,1402810100,
UNDP,,1991,1378839900,
UNDP,,1992,1117729900,
UNDP,,1993,981940030,
UNDP,,1994,758490000,
UNDP,,1995,614520000,
UNDP,,1996,722619970,
UNDP,,1997,928140000,
UNDP,,1998,852059970,
UNDP,,1999,706310000,
UNDP,,2000,561930000,
UNDP,,2001,429950000,
UNDP,,2002,405760000,
UNDP,,2003,389029980,
UNDP,,2004,454380000,
UNDP,,2005,471040000,
UNDP,,2006,498410020,
UNDP,,2007,467050000,
UNDP,,2008,502850020,
UNDP,,2009,664530050,
UNDP,,2010,627680000,
UNDP,,2011,481850020,
UNDP,,2012,487800000,
UNDP,,2013,463750000,
UNDP,,2014,456950000,
UNDP,,2015,462620000,
UNDP,,2016,417869980,
UNDP,,2017,376050000,
UNDP,,2018,313869980,
UNDP,,2019,392930000,
UNDP,,2020,409530000,
UNDP,,2021,392920000,
UNDP,,2022,432650000,
UNECE,,2008,10960000,
UNECE,,2009,13550000,
UNECE,,2010,12400000,
UNECE,,2011,12290000,
UNECE,,2012,12390000,
UNECE,,2013,14250000,
UNECE,,2014,13910000,
UNECE,,2015,14940000,
UNECE,,2016,15480000,
UNECE,,2017,15560000,
UNEP,,2015,137760000,
UNEP,,2016,87800000,
UNEP,,2022,207520000,
UNFPA,,1977,229320000,
UNFPA,,1979,391500000,
UNFPA,,1980,362800000,
UNFPA,,1981,319440000,
UNFPA,,1982,288010020,
UNFPA,,1983,309970020,
UNFPA,,1984,307360000,
UNFPA,,1985,328900000,
UNFPA,,1986,214140000,
UNFPA,,1987,194940000,
UNFPA,,1988,219440000,
UNFPA,,1989,264000000,
UNFPA,,1990,274920000,
UNFPA,,1991,251750000,
UNFPA,,1992,178080000,
UNFPA,,1993,191910000,
UNFPA,,1994,274980000,
UNFPA,,1995,280600000,
UNFPA,,1996,279770000,
UNFPA,,1997,298950000,
UNFPA,,1998,301050000,
UNFPA,,1999,256799980,
UNFPA,,2000,191750000,
UNFPA,,2001,474589980,
UNFPA,,2002,458190000,
UNFPA,,2003,355440000,
UNFPA,,2004,237720000,
UNFPA,,2005,237610000,
UNFPA,,2006,242440000,
UNFPA,,2007,230090000,
UNFPA,,2008,277410020,
UNFPA,,2009,365160000,
UNFPA,,2010,327060000,
UNFPA,,2011,308820000,
UNFPA,,2012,335429980,
UNFPA,,2013,352549980,
UNFPA,,2014,337530000,
UNFPA,,2015,344780000,
UNFPA,,2016,285820000,
UNFPA,,2017,233420000,
UNFPA,,2018,220200000,
UNFPA,,2019,441360000,
UNFPA,,2020,441840000,
UNFPA,,2021,320060000,
UNFPA,,2022,518810000,
UNHCR,,1969,51150000,
UNHCR,,1970,51740000,
UNHCR,,1971,54910000,
UNHCR,,1972,124400000,
UNHCR,,1973,128899990,
UNHCR,,1974,161870000,
UNHCR,,1975,264799980,
UNHCR,,1976,346280000,
UNHCR,,1977,357000000,
UNHCR,,1978,370850020,
UNHCR,,1979,657860000,
UNHCR,,1980,1126459900,
UNHCR,,1981,1082020000,
UNHCR,,1982,931040000,
UNHCR,,1983,903200000,
UNHCR,,1984,1025349950,
UNHCR,,1985,1078790000,
UNHCR,,1986,820059970,
UNHCR,,1987,727340000,
UNHCR,,1988,811330050,
UNHCR,,1989,824170000,
UNHCR,,1990,716600000,
UNHCR,,1991,1160160000,
UNHCR,,1992,1446470000,
UNHCR,,1993,1804390000,
UNHCR,,1994,1430130000,
UNHCR,,1995,1073490000,
UNHCR,,1996,365709980,
UNHCR,,1997,361570020,
UNHCR,,1998,332429980,
UNHCR,,1999,351360000,
UNHCR,,2000,709150000,
UNHCR,,2001,830410000,
UNHCR,,2002,935810000,
UNHCR,,2003,701520000,
UNHCR,,2004,421080000,
UNHCR,,2005,265420020,
UNHCR,,2006,210170000,
UNHCR,,2007,273560000,
UNHCR,,2008,281840000,
UNHCR,,2009,317029980,
UNHCR,,2010,409269980,
UNHCR,,2011,434330000,
UNHCR,,2012,427670000,
UNHCR,,2013,416060000,
UNHCR,,2014,477829980,
UNHCR,,2015,507060000,
UNHCR,,2016,557380030,
UNHCR,,2017,566000000,
UNHCR,,2018,499149980,
UNHCR,,2019,708700000,
UNHCR,,2020,647179970,
UNHCR,,2021,579080000,
UNHCR,,2022,630250000,
UNICEF,,1969,269910000,
UNICEF,,1970,330640000,
UNICEF,,1971,267370000,
UNICEF,,1972,312630000,
UNICEF,,1973,271560000,
UNICEF,,1974,447060000,
UNICEF,,1975,489670000,
UNICEF,,1976,376890020,
UNICEF,,1977,439850020,
UNICEF,,1978,504040000,
UNICEF,,1979,552740000,
UNICEF,,1980,598160000,
UNICEF,,1981,530580030,
UNICEF,,1982,520210020,
UNICEF,,1983,625290000,
UNICEF,,1984,631570000,
UNICEF,,1985,718850000,
UNICEF,,1986,691130000,
UNICEF,,1987,667450000,
UNICEF,,1988,680280000,
UNICEF,,1989,843850000,
UNICEF,,1990,898890000,
UNICEF,,1991,868030000,
UNICEF,,1992,1039380030,
UNICEF,,1993,1144400000,
UNICEF,,1994,1089660000,
UNICEF,,1995,1001659970,
UNICEF,,1996,881040000,
UNICEF,,1997,711380030,
UNICEF,,1998,681970000,
UNICEF,,1999,784219970,
UNICEF,,2000,829850000,
UNICEF,,2001,915290000,
UNICEF,,2002,837390000,
UNICEF,,2003,826290000,
UNICEF,,2004,789690000,
UNICEF,,2005,839400000,
UNICEF,,2006,840760000,
UNICEF,,2007,1043060030,
UNICEF,,2008,998800000,
UNICEF,,2009,1144810100,
UNICEF,,2010,1090300000,
UNICEF,,2011,1071990000,
UNICEF,,2012,1150410000,
UNICEF,,2013,1225910000,
UNICEF,,2014,1289180000,
UNICEF,,2015,1535520000,
UNICEF,,2016,1595620000,
UNICEF,,2017,1646800000,
UNICEF,,2018,1553200000,
UNICEF,,2019,1070890000,
UNICEF,,2020,993290000,
UNICEF,,2021,866370000,
UNICEF,,2022,897570000,
UNRWA,,1969,291330000,
UNRWA,,1970,313500000,
UNRWA,,1971,251330000,
UNRWA,,1972,247010000,
UNRWA,,1973,258340000,
UNRWA,,1974,336320000,
UNRWA,,1975,378589980,
UNRWA,,1976,374060000,
UNRWA,,1977,412869980,
UNRWA,,1978,329630000,
UNRWA,,1979,357860000,
UNRWA,,1980,380580000,
UNRWA,,1981,421610000,
UNRWA,,1982,597090050,
UNRWA,,1983,535800000,
UNRWA,,1984,494500000,
UNRWA,,1985,483520000,
UNRWA,,1986,395490000,
UNRWA,,1987,379460000,
UNRWA,,1988,393029980,
UNRWA,,1989,446220000,
UNRWA,,1990,450180000,
UNRWA,,1991,454640000,
UNRWA,,1992,428850020,
UNRWA,,1993,429160000,
UNRWA,,1994,450020000,
UNRWA,,1995,425020000,
UNRWA,,1996,308100000,
UNRWA,,1997,364930000,
UNRWA,,1998,420140000,
UNRWA,,1999,397340000,
UNRWA,,2000,433060000,
UNRWA,,2001,547870000,
UNRWA,,2002,579370000,
UNRWA,,2003,564660000,
UNRWA,,2004,545229950,
UNRWA,,2005,413480000,
UNRWA,,2006,424530000,
UNRWA,,2007,412970020,
UNRWA,,2008,480240000,
UNRWA,,2009,498330000,
UNRWA,,2010,568170000,
UNRWA,,2011,598280000,
UNRWA,,2012,673460030,
UNRWA,,2013,536880000,
UNRWA,,2014,676909950,
UNRWA,,2015,848960000,
UNRWA,,2016,793820000,
UNRWA,,2017,968970000,
UNRWA,,2018,790260030,
UNRWA,,2019,810380000,
UNRWA,,2020,796190000,
UNRWA,,2021,705500000,
UNRWA,,2022,851480000,
UNTA,,1969,260200020,
UNTA,,1970,346400000,
UNTA,,1971,269260000,
UNTA,,1972,268140020,
UNTA,,1973,233630000,
UNTA,,1974,307040000,
UNTA,,1975,265579980,
UNTA,,1976,287810000,
UNTA,,1977,325040000,
UNTA,,1978,343320000,
UNTA,,1979,305840000,
UNTA,,1980,84690000,
UNTA,,1981,519410000,
UNTA,,1982,497230000,
UNTA,,1983,643739970,
UNTA,,1984,561770050,
UNTA,,1985,762250000,
UNTA,,1986,537900000,
UNTA,,1987,574900030,
UNTA,,1988,456960000,
UNTA,,1989,410460000,
UNTA,,1990,354600000,
UNTA,,1991,417500000,
UNTA,,1992,330510000,
UNTA,,1993,488100000,
UNTA,,1994,374400000,
UNTA,,1995,702960000,
UNTA,,1996,338080000,
UNTA,,1997,601400000,
UNTA,,1998,397680000,
UNTA,,1999,595210050,
UNTA,,2000,654320000,
UNTA,,2001,625750000,
UNTA,,2002,688619970,
UNTA,,2003,661270000,
UNTA,,2004,527060000,
UNTA,,2005,684850000,
UNTA,,2006,423210000,
UNTA,,2007,490820000,
UNTA,,2008,654890000,
United Arab Emirates,ARE,1970,3335833,
United Arab Emirates,ARE,1971,609162100,
United Arab Emirates,ARE,1972,627038340,
United Arab Emirates,ARE,1973,3070649300,
United Arab Emirates,ARE,1974,4680489500,
United Arab Emirates,ARE,1975,7707906600,
United Arab Emirates,ARE,1976,8820534000,
United Arab Emirates,ARE,1977,6331495400,
United Arab Emirates,ARE,1978,5262588000,
United Arab Emirates,ARE,1979,4724872700,
United Arab Emirates,ARE,1980,5397108000,
United Arab Emirates,ARE,1981,4111333400,
United Arab Emirates,ARE,1982,2598921500,
United Arab Emirates,ARE,1983,1542237300,
United Arab Emirates,ARE,1984,834819650,
United Arab Emirates,ARE,1985,943281800,
United Arab Emirates,ARE,1986,597670300,
United Arab Emirates,ARE,1987,606380540,
United Arab Emirates,ARE,1988,172741700,
United Arab Emirates,ARE,1989,541409150,
United Arab Emirates,ARE,1990,3807236000,
United Arab Emirates,ARE,1991,2277051400,
United Arab Emirates,ARE,1992,811513700,
United Arab Emirates,ARE,1993,863627140,
United Arab Emirates,ARE,1994,496389800,
United Arab Emirates,ARE,1995,295876060,
United Arab Emirates,ARE,1996,396662700,
United Arab Emirates,ARE,1997,847545860,
United Arab Emirates,ARE,1998,1324776400,
United Arab Emirates,ARE,1999,816120450,
United Arab Emirates,ARE,2000,574819840,
United Arab Emirates,ARE,2001,742738700,
United Arab Emirates,ARE,2002,824378940,
United Arab Emirates,ARE,2003,1216207400,
United Arab Emirates,ARE,2004,588960100,
United Arab Emirates,ARE,2005,602102660,
United Arab Emirates,ARE,2006,893660740,
United Arab Emirates,ARE,2007,2578767400,
United Arab Emirates,ARE,2008,1284617100,
United Arab Emirates,ARE,2009,997688700,
United Arab Emirates,ARE,2010,431439520,
United Arab Emirates,ARE,2011,706399900,
United Arab Emirates,ARE,2012,766104260,
United Arab Emirates,ARE,2013,5384236500,
United Arab Emirates,ARE,2014,5056566000,
United Arab Emirates,ARE,2015,4821998000,
United Arab Emirates,ARE,2016,4698579500,
United Arab Emirates,ARE,2017,4293791500,
United Arab Emirates,ARE,2018,4283595300,
United Arab Emirates,ARE,2019,2637486300,
United Arab Emirates,ARE,2020,1821177900,
United Arab Emirates,ARE,2021,1259115600,
United Arab Emirates,ARE,2022,1560291000,
United Arab Emirates,ARE,2023,1689617800,
United Kingdom,GBR,1960,4306214400,
United Kingdom,GBR,1961,4668389400,
United Kingdom,GBR,1962,4144592000,
United Kingdom,GBR,1963,4031423000,
United Kingdom,GBR,1964,4645243400,
United Kingdom,GBR,1965,4190053000,
United Kingdom,GBR,1966,4100580600,
United Kingdom,GBR,1967,4078011400,
United Kingdom,GBR,1968,3824157400,
United Kingdom,GBR,1969,4116387600,
United Kingdom,GBR,1970,3780852700,
United Kingdom,GBR,1971,4420589600,
United Kingdom,GBR,1972,4346904000,
United Kingdom,GBR,1973,3926527000,
United Kingdom,GBR,1974,4293503500,
United Kingdom,GBR,1975,4134592800,
United Kingdom,GBR,1976,4315677000,
United Kingdom,GBR,1977,4915758000,
United Kingdom,GBR,1978,5256785400,
United Kingdom,GBR,1979,6121662500,
United Kingdom,GBR,1980,3992979000,
United Kingdom,GBR,1981,4858120700,
United Kingdom,GBR,1982,4251010300,
United Kingdom,GBR,1983,4150786600,
United Kingdom,GBR,1984,3989441300,
United Kingdom,GBR,1985,4199541500,
United Kingdom,GBR,1986,3996165400,
United Kingdom,GBR,1987,3656920800,
United Kingdom,GBR,1988,4476631600,
United Kingdom,GBR,1989,4408208000,
United Kingdom,GBR,1990,3814511400,
United Kingdom,GBR,1991,4366349300,
United Kingdom,GBR,1992,4304360400,
United Kingdom,GBR,1993,4398683600,
United Kingdom,GBR,1994,4638230500,
United Kingdom,GBR,1995,4390926000,
United Kingdom,GBR,1996,4259652400,
United Kingdom,GBR,1997,4362107400,
United Kingdom,GBR,1998,4792530400,
United Kingdom,GBR,1999,4293272800,
United Kingdom,GBR,2000,5959965000,
United Kingdom,GBR,2001,6260142600,
United Kingdom,GBR,2002,6352171500,
United Kingdom,GBR,2003,7241379000,
United Kingdom,GBR,2004,7937748000,
United Kingdom,GBR,2005,10593011000,
United Kingdom,GBR,2006,11774963000,
United Kingdom,GBR,2007,8370720000,
United Kingdom,GBR,2008,10455145000,
United Kingdom,GBR,2009,11661022000,
United Kingdom,GBR,2010,13431865000,
United Kingdom,GBR,2011,13419117000,
United Kingdom,GBR,2012,13427515000,
United Kingdom,GBR,2013,17144219000,
United Kingdom,GBR,2014,17320870000,
United Kingdom,GBR,2015,17857692000,
United Kingdom,GBR,2016,19293790000,
United Kingdom,GBR,2017,19896742000,
United Kingdom,GBR,2018,20257532000,
United Kingdom,GBR,2019,20623350000,
United Kingdom,GBR,2020,19435944000,
United Kingdom,GBR,2021,15339913000,
United Kingdom,GBR,2022,15761320000,
United Kingdom,GBR,2023,17251987000,
United Nations,,1960,918450000,
United Nations,,1961,1239130000,
United Nations,,1962,1291720000,
United Nations,,1963,1583450000,
United Nations,,1964,1626280100,
United Nations,,1965,1427270000,
United Nations,,1966,1783920000,
United Nations,,1967,1620190000,
United Nations,,1968,1623180000,
United Nations,,1969,2432820000,
United Nations,,1970,3053790000,
United Nations,,1971,3180290000,
United Nations,,1972,3132470000,
United Nations,,1973,3018690000,
United Nations,,1974,3406250000,
United Nations,,1975,4532610000,
United Nations,,1976,3788090000,
United Nations,,1977,4139100200,
United Nations,,1978,4045910000,
United Nations,,1979,5021910000,
United Nations,,1980,5591670000,
United Nations,,1981,6358270000,
United Nations,,1982,6428600300,
United Nations,,1983,6550879700,
United Nations,,1984,6758000000,
United Nations,,1985,7718200300,
United Nations,,1986,6272089600,
United Nations,,1987,5968360000,
United Nations,,1988,5785970000,
United Nations,,1989,5912080000,
United Nations,,1990,5910480000,
United Nations,,1991,6673600000,
United Nations,,1992,6857880000,
United Nations,,1993,7290390000,
United Nations,,1994,6381490000,
United Nations,,1995,5536200000,
United Nations,,1996,3576239900,
United Nations,,1997,3803080200,
United Nations,,1998,3555740000,
United Nations,,1999,3765230000,
United Nations,,2000,4099870200,
United Nations,,2001,4655160300,
United Nations,,2002,4642390000,
United Nations,,2003,4120640300,
United Nations,,2004,3481990000,
United Nations,,2005,3946450000,
United Nations,,2006,3728800000,
United Nations,,2007,3799919900,
United Nations,,2008,4203220200,
United Nations,,2009,4381330000,
United Nations,,2010,4367440000,
United Nations,,2011,4451500000,
United Nations,,2012,4912980000,
United Nations,,2013,5390460000,
United Nations,,2014,4944370000,
United Nations,,2015,5974440000,
United Nations,,2016,5773560000,
United Nations,,2017,6755980000,
United Nations,,2018,6131120000,
United Nations,,2019,6615320000,
United Nations,,2020,6319140400,
United Nations,,2021,6156270000,
United Nations,,2022,7002440000,
United Nations Conference on Trade and Development (UNCTAD),,2020,2420000,
United Nations Conference on Trade and Development (UNCTAD),,2021,1740000,
United Nations Conference on Trade and Development (UNCTAD),,2022,4790000,
United Nations Industrial Development Organization (UNIDO),,2020,3760000,
United Nations Industrial Development Organization (UNIDO),,2021,4250000,
United Nations Industrial Development Organization (UNIDO),,2022,5320000,
United States,USA,1960,21011476000,
United States,USA,1961,22796593000,
United States,USA,1962,24689527000,
United States,USA,1963,26346123000,
United States,USA,1964,26106448000,
United States,USA,1965,28632840000,
United States,USA,1966,26447696000,
United States,USA,1967,22177898000,
United States,USA,1968,24765995000,
United States,USA,1969,20769087000,
United States,USA,1970,18424600000,
United States,USA,1971,17308795000,
United States,USA,1972,21102074000,
United States,USA,1973,13420424000,
United States,USA,1974,17033159000,
United States,USA,1975,17657524000,
United States,USA,1976,17538087000,
United States,USA,1977,17731564000,
United States,USA,1978,20038275000,
United States,USA,1979,15303053000,
United States,USA,1980,21388388000,
United States,USA,1981,15827624000,
United States,USA,1982,21145657000,
United States,USA,1983,20048437000,
United States,USA,1984,20858851000,
United States,USA,1985,21825630000,
United States,USA,1986,21761090000,
United States,USA,1987,20238098000,
United States,USA,1988,21748945000,
United States,USA,1989,15843338000,
United States,USA,1990,22665802000,
United States,USA,1991,21670367000,
United States,USA,1992,22028490000,
United States,USA,1993,18603735000,
United States,USA,1994,17862134000,
United States,USA,1995,12983579000,
United States,USA,1996,16228884000,
United States,USA,1997,11702040000,
United States,USA,1998,14782093000,
United States,USA,1999,15171873000,
United States,USA,2000,16149228000,
United States,USA,2001,18132860000,
United States,USA,2002,20762280000,
United States,USA,2003,25001404000,
United States,USA,2004,29397280000,
United States,USA,2005,40408183000,
United States,USA,2006,33021403000,
United States,USA,2007,29765968000,
United States,USA,2008,35436030000,
United States,USA,2009,38408815000,
United States,USA,2010,39033532000,
United States,USA,2011,39933678000,
United States,USA,2012,38806323000,
United States,USA,2013,38921610000,
United States,USA,2014,40492970000,
United States,USA,2015,37562794000,
United States,USA,2016,41334657000,
United States,USA,2017,40974356000,
United States,USA,2018,38966936000,
United States,USA,2019,37409042000,
United States,USA,2020,39625780000,
United States,USA,2021,50874634000,
United States,USA,2022,60328680000,
United States,USA,2023,63497056000,
WFP,,1969,430280000,
WFP,,1970,702880000,
WFP,,1971,875669950,
WFP,,1972,696600000,
WFP,,1973,871860000,
WFP,,1974,964570000,
WFP,,1975,1596000000,
WFP,,1976,1071280000,
WFP,,1977,1258720000,
WFP,,1978,1237260000,
WFP,,1979,1383620000,
WFP,,1980,1307540100,
WFP,,1981,1343300100,
WFP,,1982,1512920000,
WFP,,1983,1599569900,
WFP,,1984,1755860000,
WFP,,1985,2010970000,
WFP,,1986,1375110000,
WFP,,1987,1316449900,
WFP,,1988,1495420000,
WFP,,1989,1282209900,
WFP,,1990,1435240000,
WFP,,1991,1969510000,
WFP,,1992,2207790000,
WFP,,1993,2132960000,
WFP,,1994,1905690000,
WFP,,1995,1333300100,
WFP,,1996,482780000,
WFP,,1997,385920000,
WFP,,1998,380020000,
WFP,,1999,492090000,
WFP,,2000,513309980,
WFP,,2001,578070000,
WFP,,2002,517930000,
WFP,,2003,418350000,
WFP,,2004,306910000,
WFP,,2005,654880000,
WFP,,2006,540619970,
WFP,,2007,247460000,
WFP,,2008,321020000,
WFP,,2009,306010020,
WFP,,2010,253840000,
WFP,,2011,331560000,
WFP,,2012,357650000,
WFP,,2013,362510000,
WFP,,2014,307160000,
WFP,,2015,315190000,
WFP,,2016,339400000,
WFP,,2017,309890020,
WFP,,2018,193250000,
WFP,,2019,322429980,
WFP,,2020,330989980,
WFP,,2021,333400000,
WFP,,2022,365869980,
WHO Strategic Preparedness and Response Plan,,2021,155150000,
WHO Strategic Preparedness and Response Plan,,2022,59010000,
WTO - International Trade Centre,,2020,53100000,
WTO - International Trade Centre,,2021,50710000,
WTO - International Trade Centre,,2022,50400000,
Wellcome Trust,,2017,279589980,
Wellcome Trust,,2018,286750000,
Wellcome Trust,,2019,348540000,
Wellcome Trust,,2020,536710000,
Wellcome Trust,,2021,480440000,
Wellcome Trust,,2022,396429980,
William and Flora Hewlett Foundation,,2017,218440000,
William and Flora Hewlett Foundation,,2018,241070000,
William and Flora Hewlett Foundation,,2019,139910000,
William and Flora Hewlett Foundation,,2020,179620000,
William and Flora Hewlett Foundation,,2021,196850000,
William and Flora Hewlett Foundation,,2022,197540000,
World Bank Group,,1960,-230250000,
World Bank Group,,1961,-335730020,
World Bank Group,,1962,-256109980,
World Bank Group,,1963,294650000,
World Bank Group,,1964,748400000,
World Bank Group,,1965,2009189900,
World Bank Group,,1966,1967120000,
World Bank Group,,1967,2610179800,
World Bank Group,,1968,900990000,
World Bank Group,,1969,1661520000,
World Bank Group,,1970,1064780000,
World Bank Group,,1971,1760340000,
World Bank Group,,1972,1649560000,
World Bank Group,,1973,2977790000,
World Bank Group,,1974,3938090000,
World Bank Group,,1975,4190180000,
World Bank Group,,1976,4945350000,
World Bank Group,,1977,4025940000,
World Bank Group,,1978,3257550000,
World Bank Group,,1979,3638870000,
World Bank Group,,1980,4000800000,
World Bank Group,,1981,4969730000,
World Bank Group,,1982,6159870000,
World Bank Group,,1983,6053650000,
World Bank Group,,1984,6547070000,
World Bank Group,,1985,6793810000,
World Bank Group,,1986,7061430300,
World Bank Group,,1987,6458940000,
World Bank Group,,1988,6072430000,
World Bank Group,,1989,5499290000,
World Bank Group,,1990,6020000000,
World Bank Group,,1991,6378670000,
World Bank Group,,1992,6758100000,
World Bank Group,,1993,6408400000,
World Bank Group,,1994,7667500000,
World Bank Group,,1995,6011490300,
World Bank Group,,1996,7446729700,
World Bank Group,,1997,7274370000,
World Bank Group,,1998,6798070000,
World Bank Group,,1999,6264290000,
World Bank Group,,2000,5636300000,
World Bank Group,,2001,7532339700,
World Bank Group,,2002,9104740000,
World Bank Group,,2003,7231450000,
World Bank Group,,2004,9176120000,
World Bank Group,,2005,8038790000,
World Bank Group,,2006,7184120300,
World Bank Group,,2010,8151570000,
World Bank Group,,2011,6937799700,
World Bank Group,,2012,6984440000,
World Bank Group,,2013,8145440000,
World Bank Group,,2014,10214010000,
World Bank Group,,2015,11066231000,
World Bank Group,,2016,8979490000,
World Bank Group,,2017,10323441000,
World Bank Group,,2018,11338960000,
World Bank Group,,2019,13421660000,
World Bank Group,,2020,15929780000,
World Bank Group,,2021,13156530000,
World Bank Group,,2022,16319700000,
World Diabetes Foundation,,2016,15030000,
World Diabetes Foundation,,2017,15940000,
World Diabetes Foundation,,2018,11650000,
World Diabetes Foundation,,2019,17990000,
World Diabetes Foundation,,2020,26110000,
World Diabetes Foundation,,2021,25290000,
World Diabetes Foundation,,2022,10630000,
World Health Organization (WHO),,2009,460350000,
World Health Organization (WHO),,2010,381829980,
World Health Organization (WHO),,2011,445080000,
World Health Organization (WHO),,2012,400670000,
World Health Organization (WHO),,2013,472170020,
World Health Organization (WHO),,2014,468770000,
World Health Organization (WHO),,2015,730740000,
World Health Organization (WHO),,2016,591990000,
World Health Organization (WHO),,2017,575530050,
World Health Organization (WHO),,2018,540320000,
World Health Organization (WHO),,2019,580290000,
World Health Organization (WHO),,2020,282750000,
World Health Organization (WHO),,2021,591640000,
World Health Organization (WHO),,2022,465700000,
World Organization for Animal Health,,2021,11090000,
World Organization for Animal Health,,2022,11220000,
World Tourism Organization (UNWTO),,2016,14400000,
World Tourism Organization (UNWTO),,2017,13780000,
World Tourism Organization (UNWTO),,2018,10150000,
World Tourism Organization (UNWTO),,2019,8800000,
World Tourism Organization (UNWTO),,2020,8260000,
World Tourism Organization (UNWTO),,2021,12960000,
World Tourism Organization (UNWTO),,2022,12490000,