Entity,Code,Year,Official development assistance (ODA) by recipient (Official donors),989626-annotations
Afghanistan,AFG,1960,132360000,
Afghanistan,AFG,1961,261799980,
Afghanistan,AFG,1962,126280000,
Afghanistan,AFG,1963,269200000,
Afghanistan,AFG,1964,332260000,
Afghanistan,AFG,1965,376200000,
Afghanistan,AFG,1966,342040000,
Afghanistan,AFG,1967,273400000,
Afghanistan,AFG,1968,188110000,
Afghanistan,AFG,1969,169980000,
Afghanistan,AFG,1970,176500000,
Afghanistan,AFG,1971,262410000,
Afghanistan,AFG,1972,300670000,
Afghanistan,AFG,1973,276280000,
Afghanistan,AFG,1974,215790000,
Afghanistan,AFG,1975,261700020,
Afghanistan,AFG,1976,267329980,
Afghanistan,AFG,1977,285540000,
Afghanistan,AFG,1978,226040000,
Afghanistan,AFG,1979,261150000,
Afghanistan,AFG,1980,70330000,
Afghanistan,AFG,1981,54990000,
Afghanistan,AFG,1982,25540000,
Afghanistan,AFG,1983,41110000,
Afghanistan,AFG,1984,18030000,
Afghanistan,AFG,1985,43940000,
Afghanistan,AFG,1986,5370000,
Afghanistan,AFG,1987,95280000,
Afghanistan,AFG,1988,136480000,
Afghanistan,AFG,1989,267410000,
Afghanistan,AFG,1990,212170000,
Afghanistan,AFG,1991,786990000,
Afghanistan,AFG,1992,323920000,
Afghanistan,AFG,1993,354450020,
Afghanistan,AFG,1994,351790000,
Afghanistan,AFG,1995,281240000,
Afghanistan,AFG,1996,226660000,
Afghanistan,AFG,1997,342400000,
Afghanistan,AFG,1998,246360000,
Afghanistan,AFG,1999,223390000,
Afghanistan,AFG,2000,226870000,
Afghanistan,AFG,2001,714490000,
Afghanistan,AFG,2002,1910830000,
Afghanistan,AFG,2003,2101610100,
Afghanistan,AFG,2004,2868810000,
Afghanistan,AFG,2005,3601090000,
Afghanistan,AFG,2006,3587790000,
Afghanistan,AFG,2007,5166100000,
Afghanistan,AFG,2008,5192960000,
Afghanistan,AFG,2009,6674380000,
Afghanistan,AFG,2010,6925100000,
Afghanistan,AFG,2011,7137490400,
Afghanistan,AFG,2012,6952690000,
Afghanistan,AFG,2013,5265170000,
Afghanistan,AFG,2014,5152620000,
Afghanistan,AFG,2015,4776190000,
Afghanistan,AFG,2016,4545620000,
Afghanistan,AFG,2017,4180810000,
Afghanistan,AFG,2018,3986370000,
Afghanistan,AFG,2019,4468790300,
Afghanistan,AFG,2020,4405720000,
Afghanistan,AFG,2021,4631780000,
Afghanistan,AFG,2022,3913480000,
Africa (OECD),,1960,11801860000,
Africa (OECD),,1961,13895840000,
Africa (OECD),,1962,13738830000,
Africa (OECD),,1963,12815990000,
Africa (OECD),,1964,13012300000,
Africa (OECD),,1965,11943179000,
Africa (OECD),,1966,11735790000,
Africa (OECD),,1967,11576470000,
Africa (OECD),,1968,10640910000,
Africa (OECD),,1969,10074590000,
Africa (OECD),,1970,11301519000,
Africa (OECD),,1971,11648840000,
Africa (OECD),,1972,10825700000,
Africa (OECD),,1973,14837970000,
Africa (OECD),,1974,19507550000,
Africa (OECD),,1975,25640110000,
Africa (OECD),,1976,23463731000,
Africa (OECD),,1977,25790520000,
Africa (OECD),,1978,26770448000,
Africa (OECD),,1979,23929960000,
Africa (OECD),,1980,25950800000,
Africa (OECD),,1981,26162788000,
Africa (OECD),,1982,27760290000,
Africa (OECD),,1983,26023670000,
Africa (OECD),,1984,29554810000,
Africa (OECD),,1985,32931500000,
Africa (OECD),,1986,29718720000,
Africa (OECD),,1987,29268340000,
Africa (OECD),,1988,29638420000,
Africa (OECD),,1989,31795990000,
Africa (OECD),,1990,40809190000,
Africa (OECD),,1991,38684987000,
Africa (OECD),,1992,35537670000,
Africa (OECD),,1993,31591731000,
Africa (OECD),,1994,33076680000,
Africa (OECD),,1995,27665510000,
Africa (OECD),,1996,25985730000,
Africa (OECD),,1997,25729010000,
Africa (OECD),,1998,25629010000,
Africa (OECD),,1999,23341370000,
Africa (OECD),,2000,23720960000,
Africa (OECD),,2001,26519440000,
Africa (OECD),,2002,32483580000,
Africa (OECD),,2003,36495970000,
Africa (OECD),,2004,36047110000,
Africa (OECD),,2005,41621840000,
Africa (OECD),,2006,49825690000,
Africa (OECD),,2007,36812910000,
Africa (OECD),,2008,41507090000,
Africa (OECD),,2009,44941353000,
Africa (OECD),,2010,49816950000,
Africa (OECD),,2011,51170550000,
Africa (OECD),,2012,52557150000,
Africa (OECD),,2013,56780354000,
Africa (OECD),,2014,53911850000,
Africa (OECD),,2015,55257380000,
Africa (OECD),,2016,56094482000,
Africa (OECD),,2017,58873647000,
Africa (OECD),,2018,58303080000,
Africa (OECD),,2019,61193470000,
Africa (OECD),,2020,75933970000,
Africa (OECD),,2021,73730180000,
Africa (OECD),,2022,70079150000,
African Development Bank,,1972,4710000,
African Development Bank,,1973,186360000,
African Development Bank,,1974,109780000,
African Development Bank,,1975,7730000,
African Development Bank,,1976,34800000,
African Development Bank,,1977,47470000,
African Development Bank,,1978,29720000,
African Development Bank,,1979,14460000,
African Development Bank,,1980,13580000,
African Development Bank,,1981,22180000,
African Development Bank,,1982,34180000,
African Development Bank,,1983,217960000,
African Development Bank,,1984,191370000,
African Development Bank,,1985,191220000,
African Development Bank,,1986,178590000,
African Development Bank,,1987,258140020,
African Development Bank,,1988,87830000,
African Development Bank,,1989,330040000,
African Development Bank,,1990,132259990,
African Development Bank,,1991,69030000,
African Development Bank,,1992,81330000,
African Development Bank,,1993,60960000,
African Development Bank,,1994,150100000,
African Development Bank,,1995,100000,
African Development Bank,,1996,190000,
African Development Bank,,1997,15300000,
African Development Bank,,1998,334220000,
African Development Bank,,1999,251100000,
African Development Bank,,2000,141450000,
African Development Bank,,2001,247530000,
African Development Bank,,2002,132810000,
African Development Bank,,2003,127500000,
African Development Bank,,2004,532800000,
African Development Bank,,2005,432540000,
African Development Bank,,2006,520909980,
African Development Bank,,2007,479350000,
African Development Bank,,2008,282250000,
African Development Bank,,2009,142780000,
African Development Bank,,2010,104120000,
African Development Bank,,2011,410549980,
African Development Bank,,2012,293460000,
African Development Bank,,2013,318400000,
African Development Bank,,2014,350740000,
African Development Bank,,2015,318309980,
African Development Bank,,2016,285930000,
African Development Bank,,2017,262299980,
African Development Bank,,2018,243140000,
African Development Bank,,2019,183380000,
African Development Bank,,2020,344480000,
African Development Bank,,2021,505510000,
African Development Bank,,2022,381269980,
African Development Fund,,1973,970000,
African Development Fund,,1974,122670000,
African Development Fund,,1975,246200000,
African Development Fund,,1976,294440000,
African Development Fund,,1977,391580000,
African Development Fund,,1978,380640000,
African Development Fund,,1979,588610000,
African Development Fund,,1980,608680000,
African Development Fund,,1981,511589980,
African Development Fund,,1982,517429980,
African Development Fund,,1983,1054370000,
African Development Fund,,1984,1040990000,
African Development Fund,,1985,778960000,
African Development Fund,,1986,1155180000,
African Development Fund,,1987,922539970,
African Development Fund,,1988,1176480000,
African Development Fund,,1989,1168280000,
African Development Fund,,1990,1432110000,
African Development Fund,,1991,299470000,
African Development Fund,,1992,1296010000,
African Development Fund,,1993,1441430000,
African Development Fund,,1994,843200000,
African Development Fund,,1995,22610000,
African Development Fund,,1996,221460000,
African Development Fund,,1997,866260030,
African Development Fund,,1998,962750000,
African Development Fund,,1999,338790000,
African Development Fund,,2000,1323470000,
African Development Fund,,2001,881380030,
African Development Fund,,2002,993150000,
African Development Fund,,2003,949060000,
African Development Fund,,2004,640500000,
African Development Fund,,2005,840600000,
African Development Fund,,2006,1049940000,
African Development Fund,,2007,856690000,
African Development Fund,,2008,1448180100,
African Development Fund,,2009,1649430000,
African Development Fund,,2010,1356190000,
African Development Fund,,2011,1430490000,
African Development Fund,,2012,1579490000,
African Development Fund,,2013,1655650000,
African Development Fund,,2014,1755200000,
African Development Fund,,2015,1700780000,
African Development Fund,,2016,1709040000,
African Development Fund,,2017,2077899900,
African Development Fund,,2018,1960100000,
African Development Fund,,2019,1803710000,
African Development Fund,,2020,1671170000,
African Development Fund,,2021,2253500000,
African Development Fund,,2022,1973770000,
"African, Caribbean and Pacific countries (OECD)",,1960,3235470000,
"African, Caribbean and Pacific countries (OECD)",,1961,4984710000,
"African, Caribbean and Pacific countries (OECD)",,1962,5779670000,
"African, Caribbean and Pacific countries (OECD)",,1963,5616490000,
"African, Caribbean and Pacific countries (OECD)",,1964,7576830000,
"African, Caribbean and Pacific countries (OECD)",,1965,9727041000,
"African, Caribbean and Pacific countries (OECD)",,1966,9450410000,
"African, Caribbean and Pacific countries (OECD)",,1967,9082320000,
"African, Caribbean and Pacific countries (OECD)",,1968,9774361000,
"African, Caribbean and Pacific countries (OECD)",,1969,9038850000,
"African, Caribbean and Pacific countries (OECD)",,1970,9322129000,
"African, Caribbean and Pacific countries (OECD)",,1971,9415071000,
"African, Caribbean and Pacific countries (OECD)",,1972,9627670000,
"African, Caribbean and Pacific countries (OECD)",,1973,9610040000,
"African, Caribbean and Pacific countries (OECD)",,1974,12911799000,
"African, Caribbean and Pacific countries (OECD)",,1975,15004590000,
"African, Caribbean and Pacific countries (OECD)",,1976,13908880000,
"African, Caribbean and Pacific countries (OECD)",,1977,14767290000,
"African, Caribbean and Pacific countries (OECD)",,1978,17308631000,
"African, Caribbean and Pacific countries (OECD)",,1979,18901820000,
"African, Caribbean and Pacific countries (OECD)",,1980,20049699000,
"African, Caribbean and Pacific countries (OECD)",,1981,20922190000,
"African, Caribbean and Pacific countries (OECD)",,1982,22219550000,
"African, Caribbean and Pacific countries (OECD)",,1983,21602089000,
"African, Caribbean and Pacific countries (OECD)",,1984,23332160000,
"African, Caribbean and Pacific countries (OECD)",,1985,25573240000,
"African, Caribbean and Pacific countries (OECD)",,1986,25056830000,
"African, Caribbean and Pacific countries (OECD)",,1987,24781020000,
"African, Caribbean and Pacific countries (OECD)",,1988,25652150000,
"African, Caribbean and Pacific countries (OECD)",,1989,27223910000,
"African, Caribbean and Pacific countries (OECD)",,1990,28550750000,
"African, Caribbean and Pacific countries (OECD)",,1991,26981200000,
"African, Caribbean and Pacific countries (OECD)",,1992,27484901000,
"African, Caribbean and Pacific countries (OECD)",,1993,25832760000,
"African, Caribbean and Pacific countries (OECD)",,1994,27600000000,
"African, Caribbean and Pacific countries (OECD)",,1995,24402830000,
"African, Caribbean and Pacific countries (OECD)",,1996,20854028000,
"African, Caribbean and Pacific countries (OECD)",,1997,20243190000,
"African, Caribbean and Pacific countries (OECD)",,1998,20390790000,
"African, Caribbean and Pacific countries (OECD)",,1999,18379860000,
"African, Caribbean and Pacific countries (OECD)",,2000,19165920000,
"African, Caribbean and Pacific countries (OECD)",,2001,21761790000,
"African, Caribbean and Pacific countries (OECD)",,2002,27668429000,
"African, Caribbean and Pacific countries (OECD)",,2003,31307020000,
"African, Caribbean and Pacific countries (OECD)",,2004,30382000000,
"African, Caribbean and Pacific countries (OECD)",,2005,36724050000,
"African, Caribbean and Pacific countries (OECD)",,2006,44636700000,
"African, Caribbean and Pacific countries (OECD)",,2007,30930100000,
"African, Caribbean and Pacific countries (OECD)",,2008,34142192000,
"African, Caribbean and Pacific countries (OECD)",,2009,37953870000,
"African, Caribbean and Pacific countries (OECD)",,2010,46415970000,
"African, Caribbean and Pacific countries (OECD)",,2011,44359352000,
"African, Caribbean and Pacific countries (OECD)",,2012,43700740000,
"African, Caribbean and Pacific countries (OECD)",,2013,44185000000,
"African, Caribbean and Pacific countries (OECD)",,2014,40695288000,
"African, Caribbean and Pacific countries (OECD)",,2015,44235678000,
"African, Caribbean and Pacific countries (OECD)",,2016,43438870000,
"African, Caribbean and Pacific countries (OECD)",,2017,47437570000,
"African, Caribbean and Pacific countries (OECD)",,2018,47457330000,
"African, Caribbean and Pacific countries (OECD)",,2019,49928237000,
"African, Caribbean and Pacific countries (OECD)",,2020,62914690000,
"African, Caribbean and Pacific countries (OECD)",,2021,55196820000,
"African, Caribbean and Pacific countries (OECD)",,2022,53656400000,
Albania,ALB,1988,9520000,
Albania,ALB,1989,17800000,
Albania,ALB,1990,16070000,
Albania,ALB,1991,445510000,
Albania,ALB,1992,560789950,
Albania,ALB,1993,408860000,
Albania,ALB,1994,227040000,
Albania,ALB,1995,229560000,
Albania,ALB,1996,298109980,
Albania,ALB,1997,231630000,
Albania,ALB,1998,383280000,
Albania,ALB,1999,705730000,
Albania,ALB,2000,503690020,
Albania,ALB,2001,435100000,
Albania,ALB,2002,471740000,
Albania,ALB,2003,452580000,
Albania,ALB,2004,363170020,
Albania,ALB,2005,362560000,
Albania,ALB,2006,365010020,
Albania,ALB,2007,270010020,
Albania,ALB,2008,324080000,
Albania,ALB,2009,316290020,
Albania,ALB,2010,358450020,
Albania,ALB,2011,348930000,
Albania,ALB,2012,339370000,
Albania,ALB,2013,258859980,
Albania,ALB,2014,261150000,
Albania,ALB,2015,336330000,
Albania,ALB,2016,179140000,
Albania,ALB,2017,174590000,
Albania,ALB,2018,344680000,
Albania,ALB,2019,25080000,
Albania,ALB,2020,314670000,
Albania,ALB,2021,592720000,
Albania,ALB,2022,315530000,
Algeria,DZA,1960,3111170000,
Algeria,DZA,1961,3720840200,
Algeria,DZA,1962,3185199900,
Algeria,DZA,1963,2159120100,
Algeria,DZA,1964,1677950000,
Algeria,DZA,1965,1047449900,
Algeria,DZA,1966,886090050,
Algeria,DZA,1967,738740000,
Algeria,DZA,1968,786110000,
Algeria,DZA,1969,845099970,
Algeria,DZA,1970,792059970,
Algeria,DZA,1971,754040000,
Algeria,DZA,1972,586750000,
Algeria,DZA,1973,565090050,
Algeria,DZA,1974,540170000,
Algeria,DZA,1975,852360000,
Algeria,DZA,1976,497829980,
Algeria,DZA,1977,399429980,
Algeria,DZA,1978,510549980,
Algeria,DZA,1979,249240000,
Algeria,DZA,1980,449840000,
Algeria,DZA,1981,437620000,
Algeria,DZA,1982,378080000,
Algeria,DZA,1983,251430000,
Algeria,DZA,1984,367880000,
Algeria,DZA,1985,525590000,
Algeria,DZA,1986,364470000,
Algeria,DZA,1987,386589980,
Algeria,DZA,1988,292350000,
Algeria,DZA,1989,276970020,
Algeria,DZA,1990,471840000,
Algeria,DZA,1991,286680000,
Algeria,DZA,1992,481250000,
Algeria,DZA,1993,455560000,
Algeria,DZA,1994,406670000,
Algeria,DZA,1995,357940000,
Algeria,DZA,1996,373040000,
Algeria,DZA,1997,340050000,
Algeria,DZA,1998,588880000,
Algeria,DZA,1999,199600000,
Algeria,DZA,2000,316230000,
Algeria,DZA,2001,328130020,
Algeria,DZA,2002,286300000,
Algeria,DZA,2003,301820000,
Algeria,DZA,2004,355300000,
Algeria,DZA,2005,379500000,
Algeria,DZA,2006,253250000,
Algeria,DZA,2007,373740000,
Algeria,DZA,2008,287950000,
Algeria,DZA,2009,270890020,
Algeria,DZA,2010,191440000,
Algeria,DZA,2011,177600000,
Algeria,DZA,2012,143390000,
Algeria,DZA,2013,194480000,
Algeria,DZA,2014,146320000,
Algeria,DZA,2015,74610000,
Algeria,DZA,2016,152990000,
Algeria,DZA,2017,183290000,
Algeria,DZA,2018,142970000,
Algeria,DZA,2019,176240000,
Algeria,DZA,2020,207110000,
Algeria,DZA,2021,200340000,
Algeria,DZA,2022,215130000,
All multilateral recipients (OECD),,1968,4994569700,
All multilateral recipients (OECD),,1969,9397860000,
All multilateral recipients (OECD),,1970,8669160000,
All multilateral recipients (OECD),,1971,7904870000,
All multilateral recipients (OECD),,1972,14592451000,
All multilateral recipients (OECD),,1973,9951300000,
All multilateral recipients (OECD),,1974,15418599000,
All multilateral recipients (OECD),,1975,16373741000,
All multilateral recipients (OECD),,1976,17234240000,
All multilateral recipients (OECD),,1977,20189401000,
All multilateral recipients (OECD),,1978,22219141000,
All multilateral recipients (OECD),,1979,17484430000,
All multilateral recipients (OECD),,1980,23417440000,
All multilateral recipients (OECD),,1981,18861580000,
All multilateral recipients (OECD),,1982,25208650000,
All multilateral recipients (OECD),,1983,23718439000,
All multilateral recipients (OECD),,1984,24187320000,
All multilateral recipients (OECD),,1985,20787710000,
All multilateral recipients (OECD),,1986,23497212000,
All multilateral recipients (OECD),,1987,21918462000,
All multilateral recipients (OECD),,1988,26126890000,
All multilateral recipients (OECD),,1989,22155821000,
All multilateral recipients (OECD),,1990,24886950000,
All multilateral recipients (OECD),,1991,23561250000,
All multilateral recipients (OECD),,1992,29163240000,
All multilateral recipients (OECD),,1993,25652910000,
All multilateral recipients (OECD),,1994,25831948000,
All multilateral recipients (OECD),,1995,23684610000,
All multilateral recipients (OECD),,1996,22747802000,
All multilateral recipients (OECD),,1997,22843340000,
All multilateral recipients (OECD),,1998,24711520000,
All multilateral recipients (OECD),,1999,23211368000,
All multilateral recipients (OECD),,2000,27199750000,
All multilateral recipients (OECD),,2001,28003260000,
All multilateral recipients (OECD),,2002,26709630000,
All multilateral recipients (OECD),,2003,25812290000,
All multilateral recipients (OECD),,2004,30577150000,
All multilateral recipients (OECD),,2005,29491970000,
All multilateral recipients (OECD),,2006,31186410000,
All multilateral recipients (OECD),,2007,31915340000,
All multilateral recipients (OECD),,2008,34570050000,
All multilateral recipients (OECD),,2009,37116100000,
All multilateral recipients (OECD),,2010,38764030000,
All multilateral recipients (OECD),,2011,38493260000,
All multilateral recipients (OECD),,2012,38588660000,
All multilateral recipients (OECD),,2013,40841530000,
All multilateral recipients (OECD),,2014,41946780000,
All multilateral recipients (OECD),,2015,40896920000,
All multilateral recipients (OECD),,2016,47251340000,
All multilateral recipients (OECD),,2017,45981057000,
All multilateral recipients (OECD),,2018,46708980000,
All multilateral recipients (OECD),,2019,46152462000,
All multilateral recipients (OECD),,2020,50131900000,
All multilateral recipients (OECD),,2021,54636440000,
All multilateral recipients (OECD),,2022,51452010000,
America (OECD),,1960,2360620000,
America (OECD),,1961,6334400000,
America (OECD),,1962,6297810000,
America (OECD),,1963,6389970400,
America (OECD),,1964,5474580000,
America (OECD),,1965,6473660000,
America (OECD),,1966,6714870300,
America (OECD),,1967,5609880000,
America (OECD),,1968,5767210000,
America (OECD),,1969,4871879700,
America (OECD),,1970,5124280000,
America (OECD),,1971,4415120000,
America (OECD),,1972,4175250000,
America (OECD),,1973,3882950000,
America (OECD),,1974,3817840000,
America (OECD),,1975,4189200100,
America (OECD),,1976,3976440000,
America (OECD),,1977,3402420000,
America (OECD),,1978,3682690000,
America (OECD),,1979,4011260000,
America (OECD),,1980,4641450000,
America (OECD),,1981,5175259600,
America (OECD),,1982,5755900000,
America (OECD),,1983,6220130000,
America (OECD),,1984,6645400000,
America (OECD),,1985,7716090000,
America (OECD),,1986,7288750000,
America (OECD),,1987,7848089600,
America (OECD),,1988,7516910000,
America (OECD),,1989,8130120000,
America (OECD),,1990,8117740000,
America (OECD),,1991,8721481000,
America (OECD),,1992,7452960000,
America (OECD),,1993,7595840000,
America (OECD),,1994,8106520000,
America (OECD),,1995,7668359700,
America (OECD),,1996,9576750000,
America (OECD),,1997,7345530000,
America (OECD),,1998,7702200300,
America (OECD),,1999,8193990000,
America (OECD),,2000,7035779600,
America (OECD),,2001,8789610000,
America (OECD),,2002,7265200000,
America (OECD),,2003,7875600000,
America (OECD),,2004,8264310000,
America (OECD),,2005,7782570000,
America (OECD),,2006,8302919700,
America (OECD),,2007,7120880000,
America (OECD),,2008,8945170000,
America (OECD),,2009,8902060000,
America (OECD),,2010,10472929000,
America (OECD),,2011,9982769000,
America (OECD),,2012,10487800000,
America (OECD),,2013,10359890000,
America (OECD),,2014,9863690000,
America (OECD),,2015,11044640000,
America (OECD),,2016,12175410000,
America (OECD),,2017,9254290000,
America (OECD),,2018,10624309000,
America (OECD),,2019,9059710000,
America (OECD),,2020,12380840000,
America (OECD),,2021,11748210000,
America (OECD),,2022,13094790000,
Angola,AGO,1960,-420000,
Angola,AGO,1961,279920000,
Angola,AGO,1963,220000,
Angola,AGO,1965,12940000,
Angola,AGO,1966,29990000,
Angola,AGO,1967,183360000,
Angola,AGO,1968,60000,
Angola,AGO,1969,-1090000,
Angola,AGO,1970,-430000,
Angola,AGO,1971,-80000,
Angola,AGO,1972,680000,
Angola,AGO,1973,1039999.94,
Angola,AGO,1974,1730000,
Angola,AGO,1975,18220000,
Angola,AGO,1976,61150000,
Angola,AGO,1977,162320000,
Angola,AGO,1978,127830000,
Angola,AGO,1979,109510000,
Angola,AGO,1980,117270000,
Angola,AGO,1981,143170000,
Angola,AGO,1982,152400000,
Angola,AGO,1983,198640000,
Angola,AGO,1984,262609980,
Angola,AGO,1985,247960000,
Angola,AGO,1986,284940000,
Angola,AGO,1987,244220000,
Angola,AGO,1988,273750000,
Angola,AGO,1989,292200000,
Angola,AGO,1990,404200000,
Angola,AGO,1991,411390000,
Angola,AGO,1992,464420000,
Angola,AGO,1993,444549980,
Angola,AGO,1994,662940000,
Angola,AGO,1995,572909950,
Angola,AGO,1996,626980000,
Angola,AGO,1997,531340030,
Angola,AGO,1998,504460000,
Angola,AGO,1999,581950000,
Angola,AGO,2000,475900000,
Angola,AGO,2001,460680000,
Angola,AGO,2002,634960000,
Angola,AGO,2003,671200000,
Angola,AGO,2004,1377760000,
Angola,AGO,2005,490800000,
Angola,AGO,2006,206650000,
Angola,AGO,2007,235750000,
Angola,AGO,2008,344429980,
Angola,AGO,2009,236550000,
Angola,AGO,2010,244900000,
Angola,AGO,2011,202920000,
Angola,AGO,2012,257540020,
Angola,AGO,2013,290230000,
Angola,AGO,2014,240430000,
Angola,AGO,2015,391630000,
Angola,AGO,2016,226440000,
Angola,AGO,2017,245170000,
Angola,AGO,2018,170190000,
Angola,AGO,2019,23880000,
Angola,AGO,2020,117670000,
Angola,AGO,2021,237930000,
Angola,AGO,2022,93920000,
Anguilla,AIA,1975,7640000,
Anguilla,AIA,1976,5360000,
Anguilla,AIA,1977,4900000,
Anguilla,AIA,1978,8390000,
Anguilla,AIA,1979,6390000,
Anguilla,AIA,1980,4950000,
Anguilla,AIA,1981,5830000,
Anguilla,AIA,1982,4630000,
Anguilla,AIA,1983,6020000,
Anguilla,AIA,1984,4820000,
Anguilla,AIA,1985,7070000,
Anguilla,AIA,1986,6830000,
Anguilla,AIA,1987,7990000,
Anguilla,AIA,1988,6730000,
Anguilla,AIA,1989,11320000,
Anguilla,AIA,1990,5690000,
Anguilla,AIA,1991,9870000,
Anguilla,AIA,1992,6440000,
Anguilla,AIA,1993,7060000,
Anguilla,AIA,1994,9470000,
Anguilla,AIA,1995,4500000,
Anguilla,AIA,1996,3400000,
Anguilla,AIA,1997,3380000,
Anguilla,AIA,1998,3770000,
Anguilla,AIA,1999,2960000,
Anguilla,AIA,2000,4620000,
Anguilla,AIA,2001,4940000,
Anguilla,AIA,2002,680000,
Anguilla,AIA,2003,4870000,
Anguilla,AIA,2004,2910000,
Anguilla,AIA,2005,4500000,
Anguilla,AIA,2006,4740000,
Anguilla,AIA,2007,5770000,
Anguilla,AIA,2008,3010000,
Anguilla,AIA,2009,1670000,
Anguilla,AIA,2010,7990000,
Anguilla,AIA,2011,290000,
Anguilla,AIA,2012,4900000,
Anguilla,AIA,2013,7170000,
Antigua and Barbuda,ATG,1973,50000,
Antigua and Barbuda,ATG,1974,15820000,
Antigua and Barbuda,ATG,1975,8930000,
Antigua and Barbuda,ATG,1976,12780000,
Antigua and Barbuda,ATG,1977,20140000,
Antigua and Barbuda,ATG,1978,12300000,
Antigua and Barbuda,ATG,1979,9930000,
Antigua and Barbuda,ATG,1980,13980000,
Antigua and Barbuda,ATG,1981,23370000,
Antigua and Barbuda,ATG,1982,12570000,
Antigua and Barbuda,ATG,1983,8580000,
Antigua and Barbuda,ATG,1984,6170000,
Antigua and Barbuda,ATG,1985,7400000,
Antigua and Barbuda,ATG,1986,11490000,
Antigua and Barbuda,ATG,1987,11660000,
Antigua and Barbuda,ATG,1988,15960000,
Antigua and Barbuda,ATG,1989,7770000,
Antigua and Barbuda,ATG,1990,7260000,
Antigua and Barbuda,ATG,1991,10710000,
Antigua and Barbuda,ATG,1992,7270000,
Antigua and Barbuda,ATG,1993,4680000,
Antigua and Barbuda,ATG,1994,6020000,
Antigua and Barbuda,ATG,1995,2920000,
Antigua and Barbuda,ATG,1996,5060000,
Antigua and Barbuda,ATG,1997,5900000,
Antigua and Barbuda,ATG,1998,12040000,
Antigua and Barbuda,ATG,1999,10890000,
Antigua and Barbuda,ATG,2000,13640000,
Antigua and Barbuda,ATG,2001,10730000,
Antigua and Barbuda,ATG,2002,14680000,
Antigua and Barbuda,ATG,2003,6030000,
Antigua and Barbuda,ATG,2004,1700000,
Antigua and Barbuda,ATG,2005,7800000,
Antigua and Barbuda,ATG,2006,3080000,
Antigua and Barbuda,ATG,2007,5120000,
Antigua and Barbuda,ATG,2008,5290000,
Antigua and Barbuda,ATG,2009,4320000,
Antigua and Barbuda,ATG,2010,17190000,
Antigua and Barbuda,ATG,2011,11430000,
Antigua and Barbuda,ATG,2012,1800000,
Antigua and Barbuda,ATG,2013,1490000,
Antigua and Barbuda,ATG,2014,2380000,
Antigua and Barbuda,ATG,2015,1300000,
Antigua and Barbuda,ATG,2016,-1200000,
Antigua and Barbuda,ATG,2017,10610000,
Antigua and Barbuda,ATG,2018,17870000,
Antigua and Barbuda,ATG,2019,28470000,
Antigua and Barbuda,ATG,2020,26560000,
Antigua and Barbuda,ATG,2021,5670000,
Argentina,ARG,1960,270940000,
Argentina,ARG,1961,389540000,
Argentina,ARG,1962,407420000,
Argentina,ARG,1963,247790000,
Argentina,ARG,1964,-24590000,
Argentina,ARG,1965,-434549980,
Argentina,ARG,1966,-102190000,
Argentina,ARG,1967,63490000,
Argentina,ARG,1968,-21410000,
Argentina,ARG,1969,71210000,
Argentina,ARG,1970,-25000000,
Argentina,ARG,1971,32259998,
Argentina,ARG,1972,10140000,
Argentina,ARG,1973,61770000,
Argentina,ARG,1974,66970000,
Argentina,ARG,1975,42620000,
Argentina,ARG,1976,49860000,
Argentina,ARG,1977,50630000,
Argentina,ARG,1978,42370000,
Argentina,ARG,1979,64110000,
Argentina,ARG,1980,95430000,
Argentina,ARG,1981,88090000,
Argentina,ARG,1982,76240000,
Argentina,ARG,1983,88620000,
Argentina,ARG,1984,85300000,
Argentina,ARG,1985,103640000,
Argentina,ARG,1986,145010000,
Argentina,ARG,1987,137160000,
Argentina,ARG,1988,225980000,
Argentina,ARG,1989,324790000,
Argentina,ARG,1990,239000000,
Argentina,ARG,1991,368510000,
Argentina,ARG,1992,329730020,
Argentina,ARG,1993,342960000,
Argentina,ARG,1994,221730000,
Argentina,ARG,1995,161280000,
Argentina,ARG,1996,148850000,
Argentina,ARG,1997,129130010,
Argentina,ARG,1998,94100000,
Argentina,ARG,1999,94010000,
Argentina,ARG,2000,84390000,
Argentina,ARG,2001,250170000,
Argentina,ARG,2002,155850000,
Argentina,ARG,2003,153290000,
Argentina,ARG,2004,110070000,
Argentina,ARG,2005,103030000,
Argentina,ARG,2006,122230000,
Argentina,ARG,2007,91260000,
Argentina,ARG,2008,117430000,
Argentina,ARG,2009,109430000,
Argentina,ARG,2010,117110000,
Argentina,ARG,2011,92060000,
Argentina,ARG,2012,174070000,
Argentina,ARG,2013,36050000,
Argentina,ARG,2014,47050000,
Argentina,ARG,2015,-19820000,
Argentina,ARG,2016,6420000,
Argentina,ARG,2017,2920000,
Argentina,ARG,2018,80480000,
Argentina,ARG,2019,18220000,
Argentina,ARG,2020,103430000,
Argentina,ARG,2021,148550000,
Argentina,ARG,2022,384070000,
Armenia,ARM,1991,4320000,
Armenia,ARM,1992,39270000,
Armenia,ARM,1993,184520000,
Armenia,ARM,1994,303750000,
Armenia,ARM,1995,302900000,
Armenia,ARM,1996,416860000,
Armenia,ARM,1997,237460000,
Armenia,ARM,1998,283670000,
Armenia,ARM,1999,307730020,
Armenia,ARM,2000,332960000,
Armenia,ARM,2001,333560000,
Armenia,ARM,2002,448160000,
Armenia,ARM,2003,341980000,
Armenia,ARM,2004,325440000,
Armenia,ARM,2005,213110000,
Armenia,ARM,2006,256920020,
Armenia,ARM,2007,285910000,
Armenia,ARM,2008,241670000,
Armenia,ARM,2009,271240000,
Armenia,ARM,2010,327220000,
Armenia,ARM,2011,386540000,
Armenia,ARM,2012,273770000,
Armenia,ARM,2013,277029980,
Armenia,ARM,2014,256269980,
Armenia,ARM,2015,341780000,
Armenia,ARM,2016,313040000,
Armenia,ARM,2017,259170020,
Armenia,ARM,2018,125810000,
Armenia,ARM,2019,423190000,
Armenia,ARM,2020,98600000,
Armenia,ARM,2021,153070000,
Armenia,ARM,2022,300360000,
Aruba,ABW,1985,37550000,
Aruba,ABW,1986,92890000,
Aruba,ABW,1987,40000000,
Aruba,ABW,1988,35540000,
Aruba,ABW,1989,47420000,
Aruba,ABW,1990,49340000,
Aruba,ABW,1991,40980000,
Aruba,ABW,1992,45160000,
Aruba,ABW,1993,38800000,
Aruba,ABW,1994,27300000,
Aruba,ABW,1995,33300000,
Aruba,ABW,1996,26390000,
Aruba,ABW,1997,38000000,
Aruba,ABW,1998,17000000,
Aruba,ABW,1999,-11460000,
Asia (OECD),,1960,17419289000,
Asia (OECD),,1961,16788510000,
Asia (OECD),,1962,17525690000,
Asia (OECD),,1963,20344740000,
Asia (OECD),,1964,20980089000,
Asia (OECD),,1965,22758910000,
Asia (OECD),,1966,23087610000,
Asia (OECD),,1967,24840400000,
Asia (OECD),,1968,20178481000,
Asia (OECD),,1969,19718971000,
Asia (OECD),,1970,21238110000,
Asia (OECD),,1971,23144700000,
Asia (OECD),,1972,21376051000,
Asia (OECD),,1973,22649550000,
Asia (OECD),,1974,28930790000,
Asia (OECD),,1975,31669010000,
Asia (OECD),,1976,30636410000,
Asia (OECD),,1977,26869000000,
Asia (OECD),,1978,26600980000,
Asia (OECD),,1979,32622990000,
Asia (OECD),,1980,34107970000,
Asia (OECD),,1981,33641000000,
Asia (OECD),,1982,29573530000,
Asia (OECD),,1983,28327062000,
Asia (OECD),,1984,29241401000,
Asia (OECD),,1985,28357790000,
Asia (OECD),,1986,30411610000,
Asia (OECD),,1987,25348618000,
Asia (OECD),,1988,22314971000,
Asia (OECD),,1989,22726620000,
Asia (OECD),,1990,25627760000,
Asia (OECD),,1991,27512120000,
Asia (OECD),,1992,24527020000,
Asia (OECD),,1993,22018939000,
Asia (OECD),,1994,25111120000,
Asia (OECD),,1995,19151690000,
Asia (OECD),,1996,22040090000,
Asia (OECD),,1997,17745052000,
Asia (OECD),,1998,20339810000,
Asia (OECD),,1999,20467670000,
Asia (OECD),,2000,19493000000,
Asia (OECD),,2001,22979030000,
Asia (OECD),,2002,25580820000,
Asia (OECD),,2003,25460900000,
Asia (OECD),,2004,27385070000,
Asia (OECD),,2005,54678237000,
Asia (OECD),,2006,37693550000,
Asia (OECD),,2007,35581764000,
Asia (OECD),,2008,41524310000,
Asia (OECD),,2009,34210850000,
Asia (OECD),,2010,37576840000,
Asia (OECD),,2011,37086170000,
Asia (OECD),,2012,33039110000,
Asia (OECD),,2013,43157238000,
Asia (OECD),,2014,52489520000,
Asia (OECD),,2015,42932142000,
Asia (OECD),,2016,46205660000,
Asia (OECD),,2017,51055720000,
Asia (OECD),,2018,51185648000,
Asia (OECD),,2019,49433490000,
Asia (OECD),,2020,55269750000,
Asia (OECD),,2021,52309880000,
Asia (OECD),,2022,47027480000,
Asian Development Bank,,1968,353589980,
Asian Development Bank,,1969,576570000,
Asian Development Bank,,1970,651160000,
Asian Development Bank,,1971,267299980,
Asian Development Bank,,1972,118550000,
Asian Development Bank,,1973,945880000,
Asian Development Bank,,1974,870050000,
Asian Development Bank,,1975,1009210050,
Asian Development Bank,,1976,1233440000,
Asian Development Bank,,1977,1005360000,
Asian Development Bank,,1978,1297030000,
Asian Development Bank,,1979,192310000,
Asian Development Bank,,1980,192070000,
Asian Development Bank,,1981,194610000,
Asian Development Bank,,1982,38420000,
Asian Development Bank,,1983,105680000,
Asian Development Bank,,1984,688440000,
Asian Development Bank,,1985,114780000,
Asian Development Bank,,1986,132920000,
Asian Development Bank,,1987,594730000,
Asian Development Bank,,1988,617170000,
Asian Development Bank,,1989,712070000,
Asian Development Bank,,1990,644560000,
Asian Development Bank,,1991,81930000,
Asian Development Bank,,1992,544280000,
Asian Development Bank,,1993,441600000,
Asian Development Bank,,1994,583430000,
Asian Development Bank,,1995,614990000,
Asian Development Bank,,1996,568240000,
Asian Development Bank,,1997,202090000,
Asian Development Bank,,1998,378230000,
Asian Development Bank,,1999,730410000,
Asian Development Bank,,2000,367940000,
Asian Development Bank,,2001,180760000,
Asian Development Bank,,2002,310720000,
Asian Development Bank,,2003,351940000,
Asian Development Bank,,2004,567160000,
Asian Development Bank,,2005,530020030,
Asian Development Bank,,2006,284810000,
Asian Development Bank,,2007,183620000,
Asian Development Bank,,2008,166660000,
Asian Development Bank,,2009,106860000,
Asian Development Bank,,2010,247630000,
Asian Development Bank,,2011,340400000,
Asian Development Bank,,2012,241080000,
Asian Development Bank,,2013,463070000,
Asian Development Bank,,2014,419120000,
Asian Development Bank,,2015,242590000,
Asian Development Bank,,2016,60110000,
Asian Development Bank,,2017,90200000,
Asian Development Bank,,2018,94150000,
Asian Development Bank,,2019,80320000,
Asian Development Bank,,2020,75200000,
Asian Development Bank,,2021,59260000,
Asian Development Bank,,2022,48190000,
Asian Development Bank Special Funds,,1979,1108580000,
Asian Development Bank Special Funds,,1980,1679270000,
Asian Development Bank Special Funds,,1981,803750000,
Asian Development Bank Special Funds,,1982,1277660000,
Asian Development Bank Special Funds,,1983,1688390000,
Asian Development Bank Special Funds,,1984,1208880000,
Asian Development Bank Special Funds,,1985,1558240000,
Asian Development Bank Special Funds,,1986,1420160000,
Asian Development Bank Special Funds,,1987,850200000,
Asian Development Bank Special Funds,,1988,1553690000,
Asian Development Bank Special Funds,,1989,661300000,
Asian Development Bank Special Funds,,1990,1037010000,
Asian Development Bank Special Funds,,1991,225480000,
Asian Development Bank Special Funds,,1992,1004180000,
Asian Development Bank Special Funds,,1993,719080000,
Asian Development Bank Special Funds,,1994,945540000,
Asian Development Bank Special Funds,,1995,273109980,
Asian Development Bank Special Funds,,1996,557460030,
Asian Development Bank Special Funds,,1997,436020000,
Asian Development Bank Special Funds,,1998,428720000,
Asian Development Bank Special Funds,,1999,570920000,
Asian Development Bank Special Funds,,2000,624619970,
Asian Development Bank Special Funds,,2001,638750000,
Asian Development Bank Special Funds,,2002,856650050,
Asian Development Bank Special Funds,,2003,426269980,
Asian Development Bank Special Funds,,2004,800299970,
Asian Development Bank Special Funds,,2005,387140000,
Asian Development Bank Special Funds,,2006,691850000,
Asian Development Bank Special Funds,,2007,752469950,
Asian Development Bank Special Funds,,2008,794150000,
Asian Development Bank Special Funds,,2009,859460030,
Asian Development Bank Special Funds,,2010,746180000,
Asian Development Bank Special Funds,,2011,1019700030,
Asian Development Bank Special Funds,,2012,1115819900,
Asian Development Bank Special Funds,,2013,881349950,
Asian Development Bank Special Funds,,2014,1010750000,
Asian Development Bank Special Funds,,2015,903099970,
Asian Development Bank Special Funds,,2016,934830000,
Asian Development Bank Special Funds,,2017,664270000,
Asian Development Bank Special Funds,,2018,587349950,
Asian Development Bank Special Funds,,2019,580420000,
Asian Development Bank Special Funds,,2020,560640000,
Asian Development Bank Special Funds,,2021,470440000,
Asian Development Bank Special Funds,,2022,434130020,
Azerbaijan,AZE,1991,320000,
Azerbaijan,AZE,1992,9700000,
Azerbaijan,AZE,1993,34210000,
Azerbaijan,AZE,1994,219180000,
Azerbaijan,AZE,1995,154850000,
Azerbaijan,AZE,1996,129240010,
Azerbaijan,AZE,1997,258760020,
Azerbaijan,AZE,1998,170690000,
Azerbaijan,AZE,1999,240940000,
Azerbaijan,AZE,2000,190660000,
Azerbaijan,AZE,2001,293570020,
Azerbaijan,AZE,2002,449440000,
Azerbaijan,AZE,2003,372680000,
Azerbaijan,AZE,2004,217390000,
Azerbaijan,AZE,2005,246220000,
Azerbaijan,AZE,2006,232560000,
Azerbaijan,AZE,2007,168590000,
Azerbaijan,AZE,2008,181390000,
Azerbaijan,AZE,2009,181160000,
Azerbaijan,AZE,2010,165240000,
Azerbaijan,AZE,2011,241920000,
Azerbaijan,AZE,2012,229470000,
Azerbaijan,AZE,2013,-84390000,
Azerbaijan,AZE,2014,191610000,
Azerbaijan,AZE,2015,70240000,
Azerbaijan,AZE,2016,71980000,
Azerbaijan,AZE,2017,120280000,
Azerbaijan,AZE,2018,80480000,
Azerbaijan,AZE,2019,119880000,
Azerbaijan,AZE,2020,120720000,
Azerbaijan,AZE,2021,13760000,
Azerbaijan,AZE,2022,47230000,
Bahamas,BHS,1960,-420000,
Bahamas,BHS,1963,160000,
Bahamas,BHS,1964,550000,
Bahamas,BHS,1965,610000,
Bahamas,BHS,1966,410000,
Bahamas,BHS,1967,5140000,
Bahamas,BHS,1968,440000,
Bahamas,BHS,1969,560000,
Bahamas,BHS,1970,550000,
Bahamas,BHS,1971,1670000,
Bahamas,BHS,1972,7620000,
Bahamas,BHS,1973,2360000,
Bahamas,BHS,1974,2320000,
Bahamas,BHS,1975,2620000,
Bahamas,BHS,1976,2270000,
Bahamas,BHS,1977,1630000,
Bahamas,BHS,1978,2440000,
Bahamas,BHS,1979,2360000,
Bahamas,BHS,1980,3400000,
Bahamas,BHS,1981,3460000,
Bahamas,BHS,1982,3440000,
Bahamas,BHS,1983,2330000,
Bahamas,BHS,1984,26060000,
Bahamas,BHS,1985,1870000,
Bahamas,BHS,1986,3630000,
Bahamas,BHS,1987,1190000,
Bahamas,BHS,1988,2470000,
Bahamas,BHS,1989,7090000,
Bahamas,BHS,1990,4870000,
Bahamas,BHS,1991,4090000.2,
Bahamas,BHS,1992,3990000,
Bahamas,BHS,1993,1670000,
Bahamas,BHS,1994,1370000,
Bahamas,BHS,1995,6000000,
Bahrain,BHR,1960,850000,
Bahrain,BHR,1961,9610000,
Bahrain,BHR,1962,13290000,
Bahrain,BHR,1963,6220000,
Bahrain,BHR,1964,5460000,
Bahrain,BHR,1965,7810000,
Bahrain,BHR,1966,71570000,
Bahrain,BHR,1967,420000,
Bahrain,BHR,1968,1920000,
Bahrain,BHR,1969,1170000,
Bahrain,BHR,1970,6580000,
Bahrain,BHR,1971,29040000,
Bahrain,BHR,1972,16290001,
Bahrain,BHR,1973,69110000,
Bahrain,BHR,1974,165450000,
Bahrain,BHR,1975,100300000,
Bahrain,BHR,1976,609150000,
Bahrain,BHR,1977,165830000,
Bahrain,BHR,1978,253060000,
Bahrain,BHR,1979,355690020,
Bahrain,BHR,1980,500709980,
Bahrain,BHR,1981,488100000,
Bahrain,BHR,1982,396680000,
Bahrain,BHR,1983,648570000,
Bahrain,BHR,1984,545950000,
Bahrain,BHR,1985,190940000,
Bahrain,BHR,1986,210630000,
Bahrain,BHR,1987,15720000,
Bahrain,BHR,1988,-4870000,
Bahrain,BHR,1989,-4760000,
Bahrain,BHR,1990,210880000,
Bahrain,BHR,1991,139390000,
Bahrain,BHR,1992,111850000,
Bahrain,BHR,1993,159420000,
Bahrain,BHR,1994,130090000,
Bahrain,BHR,1995,121030000,
Bahrain,BHR,1996,171470000,
Bahrain,BHR,1997,207460000,
Bahrain,BHR,1998,281240000,
Bahrain,BHR,1999,85310000,
Bahrain,BHR,2000,86310000,
Bahrain,BHR,2001,107490000,
Bahrain,BHR,2002,90640000,
Bahrain,BHR,2003,172820000,
Bahrain,BHR,2004,70510000,
Bangladesh,BGD,1971,129479990,
Bangladesh,BGD,1972,1251530000,
Bangladesh,BGD,1973,2054180000,
Bangladesh,BGD,1974,2342360000,
Bangladesh,BGD,1975,4208670000,
Bangladesh,BGD,1976,1831170000,
Bangladesh,BGD,1977,2669530000,
Bangladesh,BGD,1978,2904550100,
Bangladesh,BGD,1979,2938600200,
Bangladesh,BGD,1980,2942130000,
Bangladesh,BGD,1981,2605360000,
Bangladesh,BGD,1982,3291949800,
Bangladesh,BGD,1983,2519370200,
Bangladesh,BGD,1984,2876940000,
Bangladesh,BGD,1985,2530560000,
Bangladesh,BGD,1986,2667200000,
Bangladesh,BGD,1987,2865170000,
Bangladesh,BGD,1988,2267230000,
Bangladesh,BGD,1989,2411210000,
Bangladesh,BGD,1990,2690890000,
Bangladesh,BGD,1991,2440380000,
Bangladesh,BGD,1992,2139860100,
Bangladesh,BGD,1993,1667080000,
Bangladesh,BGD,1994,1917070000,
Bangladesh,BGD,1995,1255080000,
Bangladesh,BGD,1996,1230810100,
Bangladesh,BGD,1997,1211360000,
Bangladesh,BGD,1998,1362220000,
Bangladesh,BGD,1999,1421520000,
Bangladesh,BGD,2000,1374500000,
Bangladesh,BGD,2001,1394390000,
Bangladesh,BGD,2002,1175010000,
Bangladesh,BGD,2003,1649770000,
Bangladesh,BGD,2004,1698939900,
Bangladesh,BGD,2005,1461969900,
Bangladesh,BGD,2006,1158730000,
Bangladesh,BGD,2007,901789950,
Bangladesh,BGD,2008,1127120000,
Bangladesh,BGD,2009,1022830000,
Bangladesh,BGD,2010,1375270000,
Bangladesh,BGD,2011,1378359900,
Bangladesh,BGD,2012,2062750000,
Bangladesh,BGD,2013,2542679800,
Bangladesh,BGD,2014,2355610000,
Bangladesh,BGD,2015,2781570000,
Bangladesh,BGD,2016,2696129800,
Bangladesh,BGD,2017,3836600000,
Bangladesh,BGD,2018,2969140000,
Bangladesh,BGD,2019,4415740400,
Bangladesh,BGD,2020,5114589700,
Bangladesh,BGD,2021,4685070000,
Bangladesh,BGD,2022,5203450400,
Barbados,BRB,1966,13120000,
Barbados,BRB,1967,4580000,
Barbados,BRB,1968,6810000,
Barbados,BRB,1969,10110000,
Barbados,BRB,1970,16910000,
Barbados,BRB,1971,30650000,
Barbados,BRB,1972,28510000,
Barbados,BRB,1973,24700000,
Barbados,BRB,1974,16730000,
Barbados,BRB,1975,17480000,
Barbados,BRB,1976,21720000,
Barbados,BRB,1977,17060000,
Barbados,BRB,1978,30750000,
Barbados,BRB,1979,18880000,
Barbados,BRB,1980,17140000,
Barbados,BRB,1981,26600000,
Barbados,BRB,1982,21770000,
Barbados,BRB,1983,40900000,
Barbados,BRB,1984,14760000,
Barbados,BRB,1985,16290001,
Barbados,BRB,1986,10400000,
Barbados,BRB,1987,9930000,
Barbados,BRB,1988,3790000,
Barbados,BRB,1989,1550000,
Barbados,BRB,1990,3160000,
Barbados,BRB,1991,3140000,
Barbados,BRB,1992,1390000,
Barbados,BRB,1993,7270000,
Barbados,BRB,1994,3830000,
Barbados,BRB,1995,210000,
Barbados,BRB,1996,6980000,
Barbados,BRB,1997,7960000,
Barbados,BRB,1998,24150000,
Barbados,BRB,1999,-930000,
Barbados,BRB,2000,3030000,
Barbados,BRB,2001,70000,
Barbados,BRB,2002,6920000,
Barbados,BRB,2003,27040000,
Barbados,BRB,2004,34560000,
Barbados,BRB,2005,-370000,
Barbados,BRB,2006,-160000,
Barbados,BRB,2007,19240000,
Barbados,BRB,2008,8880000,
Barbados,BRB,2009,11750000,
Barbados,BRB,2010,14910000,
Belarus,BLR,2005,67910000,
Belarus,BLR,2006,85930000,
Belarus,BLR,2007,90180000,
Belarus,BLR,2008,107020000,
Belarus,BLR,2009,102090000,
Belarus,BLR,2010,144270000,
Belarus,BLR,2011,113990000,
Belarus,BLR,2012,104580000,
Belarus,BLR,2013,105460000,
Belarus,BLR,2014,113830000,
Belarus,BLR,2015,112750000,
Belarus,BLR,2016,-27710000,
Belarus,BLR,2017,-275890020,
Belarus,BLR,2018,118450000,
Belarus,BLR,2019,213930000,
Belarus,BLR,2020,323840000,
Belarus,BLR,2021,134930000,
Belarus,BLR,2022,16320000,
Belize,BLZ,1960,19200000,
Belize,BLZ,1961,28600000,
Belize,BLZ,1962,51630000,
Belize,BLZ,1963,39360000,
Belize,BLZ,1964,12020000,
Belize,BLZ,1965,17920000,
Belize,BLZ,1966,20890000,
Belize,BLZ,1967,47770000,
Belize,BLZ,1968,48820000,
Belize,BLZ,1969,57580000,
Belize,BLZ,1970,45890000,
Belize,BLZ,1971,35170000,
Belize,BLZ,1972,24810000,
Belize,BLZ,1973,27070000,
Belize,BLZ,1974,31830000,
Belize,BLZ,1975,37270000,
Belize,BLZ,1976,50820000,
Belize,BLZ,1977,37060000,
Belize,BLZ,1978,61430000,
Belize,BLZ,1979,60910000,
Belize,BLZ,1980,33150002,
Belize,BLZ,1981,26460000,
Belize,BLZ,1982,30460000,
Belize,BLZ,1983,38090000,
Belize,BLZ,1984,36880000,
Belize,BLZ,1985,54260000,
Belize,BLZ,1986,55840000,
Belize,BLZ,1987,50960000,
Belize,BLZ,1988,47900000,
Belize,BLZ,1989,53670000,
Belize,BLZ,1990,51960000,
Belize,BLZ,1991,36410000,
Belize,BLZ,1992,40150000,
Belize,BLZ,1993,48950000,
Belize,BLZ,1994,47350000,
Belize,BLZ,1995,25920000,
Belize,BLZ,1996,29710000,
Belize,BLZ,1997,18960000,
Belize,BLZ,1998,19890000,
Belize,BLZ,1999,61240000,
Belize,BLZ,2000,24550000,
Belize,BLZ,2001,34230000,
Belize,BLZ,2002,31880000,
Belize,BLZ,2003,16510000,
Belize,BLZ,2004,8060000.5,
Belize,BLZ,2005,12940000,
Belize,BLZ,2006,8340000,
Belize,BLZ,2007,22860000,
Belize,BLZ,2008,22640000,
Belize,BLZ,2009,26860000,
Belize,BLZ,2010,22690000,
Belize,BLZ,2011,20050000,
Belize,BLZ,2012,25840000,
Belize,BLZ,2013,52580000,
Belize,BLZ,2014,36220000,
Belize,BLZ,2015,30650000,
Belize,BLZ,2016,38080000,
Belize,BLZ,2017,36690000,
Belize,BLZ,2018,34890000,
Belize,BLZ,2019,37390000,
Belize,BLZ,2020,71340000,
Belize,BLZ,2021,75040000,
Belize,BLZ,2022,20380000,
Benin,BEN,1960,190000,
Benin,BEN,1961,12170000,
Benin,BEN,1962,31480000,
Benin,BEN,1963,35040000,
Benin,BEN,1964,137690000,
Benin,BEN,1965,133130010,
Benin,BEN,1966,109870000,
Benin,BEN,1967,118450000,
Benin,BEN,1968,95480000,
Benin,BEN,1969,91180000,
Benin,BEN,1970,100990000,
Benin,BEN,1971,183780000,
Benin,BEN,1972,112820000,
Benin,BEN,1973,129140000,
Benin,BEN,1974,146200000,
Benin,BEN,1975,204060000,
Benin,BEN,1976,193560000,
Benin,BEN,1977,169750000,
Benin,BEN,1978,183180000,
Benin,BEN,1979,224830000,
Benin,BEN,1980,209050000,
Benin,BEN,1981,205130000,
Benin,BEN,1982,210660000,
Benin,BEN,1983,226480000,
Benin,BEN,1984,209890000,
Benin,BEN,1985,264620000,
Benin,BEN,1986,289190000,
Benin,BEN,1987,241950000,
Benin,BEN,1988,268280000,
Benin,BEN,1989,459690020,
Benin,BEN,1990,405070000,
Benin,BEN,1991,389980000,
Benin,BEN,1992,420530000,
Benin,BEN,1993,406620000,
Benin,BEN,1994,350460000,
Benin,BEN,1995,346500000,
Benin,BEN,1996,352400000,
Benin,BEN,1997,312750000,
Benin,BEN,1998,278460000,
Benin,BEN,1999,302380000,
Benin,BEN,2000,388790000,
Benin,BEN,2001,449220000,
Benin,BEN,2002,341380000,
Benin,BEN,2003,396340000,
Benin,BEN,2004,465510000,
Benin,BEN,2005,407650000,
Benin,BEN,2006,452100000,
Benin,BEN,2007,427910000,
Benin,BEN,2008,522270000,
Benin,BEN,2009,586619970,
Benin,BEN,2010,715469950,
Benin,BEN,2011,694900030,
Benin,BEN,2012,508750000,
Benin,BEN,2013,642100000,
Benin,BEN,2014,588420000,
Benin,BEN,2015,481380000,
Benin,BEN,2016,554950000,
Benin,BEN,2017,739170000,
Benin,BEN,2018,593140030,
Benin,BEN,2019,630400000,
Benin,BEN,2020,1073650050,
Benin,BEN,2021,830850000,
Benin,BEN,2022,847270000,
Bermuda,BMU,1964,90000,
Bermuda,BMU,1965,440000,
Bermuda,BMU,1966,500000,
Bermuda,BMU,1967,500000,
Bermuda,BMU,1968,350000,
Bermuda,BMU,1969,90000,
Bermuda,BMU,1970,80000,
Bermuda,BMU,1972,60000,
Bermuda,BMU,1974,160000,
Bermuda,BMU,1975,90000,
Bermuda,BMU,1976,150000,
Bermuda,BMU,1977,300000,
Bermuda,BMU,1978,490000,
Bermuda,BMU,1979,400000,
Bermuda,BMU,1980,660000,
Bermuda,BMU,1981,519999.97,
Bermuda,BMU,1982,170000,
Bermuda,BMU,1983,180000,
Bermuda,BMU,1984,210000,
Bermuda,BMU,1985,2940000,
Bermuda,BMU,1986,200000,
Bermuda,BMU,1987,430000,
Bermuda,BMU,1988,70000,
Bermuda,BMU,1989,200000,
Bermuda,BMU,1990,62590000,
Bermuda,BMU,1991,-6980000,
Bermuda,BMU,1992,-6600000,
Bermuda,BMU,1993,-6480000,
Bermuda,BMU,1994,-16150000,
Bermuda,BMU,1995,-2310000,
Bermuda,BMU,1996,-4750000,
Bhutan,BTN,1963,90000,
Bhutan,BTN,1964,90000,
Bhutan,BTN,1965,1620000,
Bhutan,BTN,1966,450000,
Bhutan,BTN,1967,100000,
Bhutan,BTN,1968,1240000,
Bhutan,BTN,1969,780000,
Bhutan,BTN,1970,1760000,
Bhutan,BTN,1971,1020000,
Bhutan,BTN,1972,1220000,
Bhutan,BTN,1973,3080000,
Bhutan,BTN,1974,2700000,
Bhutan,BTN,1975,8610000,
Bhutan,BTN,1976,13000000,
Bhutan,BTN,1977,10560000,
Bhutan,BTN,1978,9580000,
Bhutan,BTN,1979,13390000,
Bhutan,BTN,1980,20170000,
Bhutan,BTN,1981,24760000,
Bhutan,BTN,1982,28550000,
Bhutan,BTN,1983,32650002,
Bhutan,BTN,1984,44250000,
Bhutan,BTN,1985,56990000,
Bhutan,BTN,1986,80510000,
Bhutan,BTN,1987,68180000,
Bhutan,BTN,1988,60450000,
Bhutan,BTN,1989,62460000,
Bhutan,BTN,1990,62990000,
Bhutan,BTN,1991,82410000,
Bhutan,BTN,1992,71920000,
Bhutan,BTN,1993,79950000,
Bhutan,BTN,1994,86370000,
Bhutan,BTN,1995,76900000,
Bhutan,BTN,1996,70910000,
Bhutan,BTN,1997,78260000,
Bhutan,BTN,1998,76940000,
Bhutan,BTN,1999,89200000,
Bhutan,BTN,2000,73800000,
Bhutan,BTN,2001,84900000,
Bhutan,BTN,2002,86530000,
Bhutan,BTN,2003,91710000,
Bhutan,BTN,2004,84430000,
Bhutan,BTN,2005,88510000,
Bhutan,BTN,2006,102020000,
Bhutan,BTN,2007,61200000,
Bhutan,BTN,2008,63610000,
Bhutan,BTN,2009,65250000,
Bhutan,BTN,2010,85000000,
Bhutan,BTN,2011,104180000,
Bhutan,BTN,2012,144910000,
Bhutan,BTN,2013,130229990,
Bhutan,BTN,2014,126530000,
Bhutan,BTN,2015,105680000,
Bhutan,BTN,2016,51840000,
Bhutan,BTN,2017,122430000,
Bhutan,BTN,2018,108410000,
Bhutan,BTN,2019,182260000,
Bhutan,BTN,2020,203040000,
Bhutan,BTN,2021,121880000,
Bhutan,BTN,2022,194370000,
Bolivia,BOL,1960,101890000,
Bolivia,BOL,1961,176270000,
Bolivia,BOL,1962,243520000,
Bolivia,BOL,1963,354600000,
Bolivia,BOL,1964,273940000,
Bolivia,BOL,1965,253470000,
Bolivia,BOL,1966,210360000,
Bolivia,BOL,1967,204000000,
Bolivia,BOL,1968,271010020,
Bolivia,BOL,1969,210980000,
Bolivia,BOL,1970,187480000,
Bolivia,BOL,1971,187110000,
Bolivia,BOL,1972,260310000,
Bolivia,BOL,1973,119090000,
Bolivia,BOL,1974,242330000,
Bolivia,BOL,1975,184840000,
Bolivia,BOL,1976,208390000,
Bolivia,BOL,1977,236950000,
Bolivia,BOL,1978,349330000,
Bolivia,BOL,1979,332560000,
Bolivia,BOL,1980,342350000,
Bolivia,BOL,1981,300390000,
Bolivia,BOL,1982,267420020,
Bolivia,BOL,1983,375480000,
Bolivia,BOL,1984,335250000,
Bolivia,BOL,1985,406450020,
Bolivia,BOL,1986,548950000,
Bolivia,BOL,1987,517120000,
Bolivia,BOL,1988,719120000,
Bolivia,BOL,1989,807580000,
Bolivia,BOL,1990,737680000,
Bolivia,BOL,1991,719280000,
Bolivia,BOL,1992,931090050,
Bolivia,BOL,1993,798340030,
Bolivia,BOL,1994,742120000,
Bolivia,BOL,1995,845080000,
Bolivia,BOL,1996,970850000,
Bolivia,BOL,1997,907890000,
Bolivia,BOL,1998,800840000,
Bolivia,BOL,1999,749970000,
Bolivia,BOL,2000,654619970,
Bolivia,BOL,2001,1056120000,
Bolivia,BOL,2002,913200000,
Bolivia,BOL,2003,1038330000,
Bolivia,BOL,2004,850059970,
Bolivia,BOL,2005,657170000,
Bolivia,BOL,2006,931620000,
Bolivia,BOL,2007,480370000,
Bolivia,BOL,2008,569550000,
Bolivia,BOL,2009,587750000,
Bolivia,BOL,2010,556810000,
Bolivia,BOL,2011,515599970,
Bolivia,BOL,2012,660700000,
Bolivia,BOL,2013,683480000,
Bolivia,BOL,2014,660780000,
Bolivia,BOL,2015,864229950,
Bolivia,BOL,2016,763220000,
Bolivia,BOL,2017,1012210050,
Bolivia,BOL,2018,745380030,
Bolivia,BOL,2019,732400000,
Bolivia,BOL,2020,341010020,
Bolivia,BOL,2021,474309980,
Bolivia,BOL,2022,334410020,
Bosnia and Herzegovina,BIH,1989,20000,
Bosnia and Herzegovina,BIH,1990,20000,
Bosnia and Herzegovina,BIH,1991,10000,
Bosnia and Herzegovina,BIH,1992,18790000,
Bosnia and Herzegovina,BIH,1993,98990000,
Bosnia and Herzegovina,BIH,1994,639570000,
Bosnia and Herzegovina,BIH,1995,1241940000,
Bosnia and Herzegovina,BIH,1996,1188459900,
Bosnia and Herzegovina,BIH,1997,1294580000,
Bosnia and Herzegovina,BIH,1998,1367250000,
Bosnia and Herzegovina,BIH,1999,1912960000,
Bosnia and Herzegovina,BIH,2000,1207579900,
Bosnia and Herzegovina,BIH,2001,1055839940,
Bosnia and Herzegovina,BIH,2002,862100000,
Bosnia and Herzegovina,BIH,2003,705580000,
Bosnia and Herzegovina,BIH,2004,825150000,
Bosnia and Herzegovina,BIH,2005,627440000,
Bosnia and Herzegovina,BIH,2006,604619970,
Bosnia and Herzegovina,BIH,2007,565669950,
Bosnia and Herzegovina,BIH,2008,421570020,
Bosnia and Herzegovina,BIH,2009,391029980,
Bosnia and Herzegovina,BIH,2010,512229980,
Bosnia and Herzegovina,BIH,2011,583620000,
Bosnia and Herzegovina,BIH,2012,557240000,
Bosnia and Herzegovina,BIH,2013,492130020,
Bosnia and Herzegovina,BIH,2014,589700030,
Bosnia and Herzegovina,BIH,2015,383850020,
Bosnia and Herzegovina,BIH,2016,480180000,
Bosnia and Herzegovina,BIH,2017,468269980,
Bosnia and Herzegovina,BIH,2018,362250000,
Bosnia and Herzegovina,BIH,2019,478869980,
Bosnia and Herzegovina,BIH,2020,443940000,
Bosnia and Herzegovina,BIH,2021,537220000,
Bosnia and Herzegovina,BIH,2022,283900000,
Botswana,BWA,1960,36310000,
Botswana,BWA,1961,55760000,
Botswana,BWA,1962,51560000,
Botswana,BWA,1963,51780000,
Botswana,BWA,1964,83400000,
Botswana,BWA,1965,90170000,
Botswana,BWA,1966,144090000,
Botswana,BWA,1967,148190000,
Botswana,BWA,1968,146590000,
Botswana,BWA,1969,111900000,
Botswana,BWA,1970,100560000,
Botswana,BWA,1971,117630000,
Botswana,BWA,1972,177250000,
Botswana,BWA,1973,178600000,
Botswana,BWA,1974,170790000,
Botswana,BWA,1975,203820000,
Botswana,BWA,1976,185580000,
Botswana,BWA,1977,165530000,
Botswana,BWA,1978,218490000,
Botswana,BWA,1979,267040020,
Botswana,BWA,1980,257769980,
Botswana,BWA,1981,244200000,
Botswana,BWA,1982,262840000,
Botswana,BWA,1983,275709980,
Botswana,BWA,1984,283320000,
Botswana,BWA,1985,269490000,
Botswana,BWA,1986,235130000,
Botswana,BWA,1987,316400000,
Botswana,BWA,1988,264209980,
Botswana,BWA,1989,288580000,
Botswana,BWA,1990,240370000,
Botswana,BWA,1991,217930000,
Botswana,BWA,1992,176020000,
Botswana,BWA,1993,204430000,
Botswana,BWA,1994,131340000,
Botswana,BWA,1995,124310000,
Botswana,BWA,1996,92260000,
Botswana,BWA,1997,173440000,
Botswana,BWA,1998,136770000,
Botswana,BWA,1999,81990000,
Botswana,BWA,2000,45480000,
Botswana,BWA,2001,43800000,
Botswana,BWA,2002,59660000,
Botswana,BWA,2003,40040000,
Botswana,BWA,2004,63200000,
Botswana,BWA,2005,61720000,
Botswana,BWA,2006,81020000,
Botswana,BWA,2007,121380000,
Botswana,BWA,2008,781900000,
Botswana,BWA,2009,354420000,
Botswana,BWA,2010,173410000,
Botswana,BWA,2011,137950000,
Botswana,BWA,2012,84400000,
Botswana,BWA,2013,122420000,
Botswana,BWA,2014,109010000,
Botswana,BWA,2015,77330000,
Botswana,BWA,2016,104440000,
Botswana,BWA,2017,113530000,
Botswana,BWA,2018,93690000,
Botswana,BWA,2019,74190000,
Botswana,BWA,2020,84490000,
Botswana,BWA,2021,97380000,
Botswana,BWA,2022,89520000,
Brazil,BRA,1960,303450020,
Brazil,BRA,1961,2220380000,
Brazil,BRA,1962,1372660100,
Brazil,BRA,1963,1406750000,
Brazil,BRA,1964,1716599900,
Brazil,BRA,1965,1688840000,
Brazil,BRA,1966,2256770000,
Brazil,BRA,1967,1187510000,
Brazil,BRA,1968,1383880100,
Brazil,BRA,1969,831810000,
Brazil,BRA,1970,831990000,
Brazil,BRA,1971,684080000,
Brazil,BRA,1972,520530020,
Brazil,BRA,1973,326269980,
Brazil,BRA,1974,577659970,
Brazil,BRA,1975,504070000,
Brazil,BRA,1976,341560000,
Brazil,BRA,1977,201280000,
Brazil,BRA,1978,199000000,
Brazil,BRA,1979,182710000,
Brazil,BRA,1980,155660000,
Brazil,BRA,1981,520640000,
Brazil,BRA,1982,418320000,
Brazil,BRA,1983,266410000,
Brazil,BRA,1984,396070000,
Brazil,BRA,1985,229570000,
Brazil,BRA,1986,293180000,
Brazil,BRA,1987,461410020,
Brazil,BRA,1988,330429980,
Brazil,BRA,1989,310340000,
Brazil,BRA,1990,226010000,
Brazil,BRA,1991,269890020,
Brazil,BRA,1992,-537770050,
Brazil,BRA,1993,204640000,
Brazil,BRA,1994,303680000,
Brazil,BRA,1995,272320000,
Brazil,BRA,1996,295570020,
Brazil,BRA,1997,289250000,
Brazil,BRA,1998,315010020,
Brazil,BRA,1999,77750000,
Brazil,BRA,2000,268480000,
Brazil,BRA,2001,338890020,
Brazil,BRA,2002,288930000,
Brazil,BRA,2003,244610000,
Brazil,BRA,2004,175340000,
Brazil,BRA,2005,232250000,
Brazil,BRA,2006,106380000,
Brazil,BRA,2007,325770000,
Brazil,BRA,2008,429950000,
Brazil,BRA,2009,394309980,
Brazil,BRA,2010,496309980,
Brazil,BRA,2011,751580000,
Brazil,BRA,2012,1312220000,
Brazil,BRA,2013,1100670100,
Brazil,BRA,2014,870500000,
Brazil,BRA,2015,1130650000,
Brazil,BRA,2016,775480000,
Brazil,BRA,2017,313320000,
Brazil,BRA,2018,471440000,
Brazil,BRA,2019,297630000,
Brazil,BRA,2020,615419970,
Brazil,BRA,2021,1021560000,
Brazil,BRA,2022,577010000,
British Virgin Islands,VGB,1960,670000,
British Virgin Islands,VGB,1961,3460000,
British Virgin Islands,VGB,1962,3110000,
British Virgin Islands,VGB,1963,1250000,
British Virgin Islands,VGB,1964,1520000,
British Virgin Islands,VGB,1966,3050000,
British Virgin Islands,VGB,1967,132520010,
British Virgin Islands,VGB,1974,9120000,
British Virgin Islands,VGB,1975,11030000,
British Virgin Islands,VGB,1976,12560000,
British Virgin Islands,VGB,1977,8970000,
British Virgin Islands,VGB,1978,4139999.8,
British Virgin Islands,VGB,1979,4870000,
British Virgin Islands,VGB,1980,10450000,
British Virgin Islands,VGB,1981,8820000,
British Virgin Islands,VGB,1982,9210000,
British Virgin Islands,VGB,1983,8109999.5,
British Virgin Islands,VGB,1984,5010000,
British Virgin Islands,VGB,1985,5560000,
British Virgin Islands,VGB,1986,3280000,
British Virgin Islands,VGB,1987,4010000.2,
British Virgin Islands,VGB,1988,3350000,
British Virgin Islands,VGB,1989,9820000,
British Virgin Islands,VGB,1990,8319999.5,
British Virgin Islands,VGB,1991,8580000,
British Virgin Islands,VGB,1992,7490000,
British Virgin Islands,VGB,1993,4940000,
British Virgin Islands,VGB,1994,16320000,
British Virgin Islands,VGB,1995,1840000,
British Virgin Islands,VGB,1996,1600000,
British Virgin Islands,VGB,1997,2440000,
British Virgin Islands,VGB,1998,1420000,
British Virgin Islands,VGB,1999,3210000,
Brunei,BRN,1960,80000,
Brunei,BRN,1961,3960000,
Brunei,BRN,1962,5820000,
Brunei,BRN,1963,310000,
Brunei,BRN,1964,560000,
Brunei,BRN,1965,630000,
Brunei,BRN,1966,620000,
Brunei,BRN,1967,530000,
Brunei,BRN,1968,230000,
Brunei,BRN,1969,220000,
Brunei,BRN,1970,80000,
Brunei,BRN,1971,320000,
Brunei,BRN,1972,120000,
Brunei,BRN,1973,730000,
Brunei,BRN,1974,770000,
Brunei,BRN,1975,650000,
Brunei,BRN,1976,460000,
Brunei,BRN,1977,270000,
Brunei,BRN,1978,270000,
Brunei,BRN,1979,230000,
Brunei,BRN,1980,70000,
Brunei,BRN,1981,340000,
Brunei,BRN,1982,540000,
Brunei,BRN,1983,870000,
Brunei,BRN,1984,1640000,
Brunei,BRN,1985,2950000,
Brunei,BRN,1986,3690000,
Brunei,BRN,1987,4040000,
Brunei,BRN,1988,4980000,
Brunei,BRN,1989,5040000,
Brunei,BRN,1990,4530000,
Brunei,BRN,1991,3940000,
Brunei,BRN,1992,5370000,
Brunei,BRN,1993,4330000,
Brunei,BRN,1994,4179999.8,
Brunei,BRN,1995,2890000,
Burkina Faso,BFA,1960,1710000,
Burkina Faso,BFA,1961,13700000,
Burkina Faso,BFA,1962,40850000,
Burkina Faso,BFA,1963,37100000,
Burkina Faso,BFA,1964,120520000,
Burkina Faso,BFA,1965,132740010,
Burkina Faso,BFA,1966,127070000,
Burkina Faso,BFA,1967,136540000,
Burkina Faso,BFA,1968,156790000,
Burkina Faso,BFA,1969,161310000,
Burkina Faso,BFA,1970,145750000,
Burkina Faso,BFA,1971,179130000,
Burkina Faso,BFA,1972,190210000,
Burkina Faso,BFA,1973,279060000,
Burkina Faso,BFA,1974,429029980,
Burkina Faso,BFA,1975,328850020,
Burkina Faso,BFA,1976,289850020,
Burkina Faso,BFA,1977,378690020,
Burkina Faso,BFA,1978,465880000,
Burkina Faso,BFA,1979,514700000,
Burkina Faso,BFA,1980,493780000,
Burkina Faso,BFA,1981,551650050,
Burkina Faso,BFA,1982,554030000,
Burkina Faso,BFA,1983,478640000,
Burkina Faso,BFA,1984,498160000,
Burkina Faso,BFA,1985,502709980,
Burkina Faso,BFA,1986,590240000,
Burkina Faso,BFA,1987,491549980,
Burkina Faso,BFA,1988,506190000,
Burkina Faso,BFA,1989,472109980,
Burkina Faso,BFA,1990,495360000,
Burkina Faso,BFA,1991,634650050,
Burkina Faso,BFA,1992,604240000,
Burkina Faso,BFA,1993,682400000,
Burkina Faso,BFA,1994,606150000,
Burkina Faso,BFA,1995,611870000,
Burkina Faso,BFA,1996,535280030,
Burkina Faso,BFA,1997,530820000,
Burkina Faso,BFA,1998,573960000,
Burkina Faso,BFA,1999,571600000,
Burkina Faso,BFA,2000,307060000,
Burkina Faso,BFA,2001,626170000,
Burkina Faso,BFA,2002,679190000,
Burkina Faso,BFA,2003,708660000,
Burkina Faso,BFA,2004,772400000,
Burkina Faso,BFA,2005,812520000,
Burkina Faso,BFA,2006,1011120000,
Burkina Faso,BFA,2007,785020000,
Burkina Faso,BFA,2008,782750000,
Burkina Faso,BFA,2009,854480000,
Burkina Faso,BFA,2010,1056020030,
Burkina Faso,BFA,2011,933280000,
Burkina Faso,BFA,2012,1154849900,
Burkina Faso,BFA,2013,1042120000,
Burkina Faso,BFA,2014,1131660000,
Burkina Faso,BFA,2015,1097750000,
Burkina Faso,BFA,2016,1131270000,
Burkina Faso,BFA,2017,959880000,
Burkina Faso,BFA,2018,1222960000,
Burkina Faso,BFA,2019,1169010000,
Burkina Faso,BFA,2020,1762680000,
Burkina Faso,BFA,2021,1554560000,
Burkina Faso,BFA,2022,1391050100,
Burundi,BDI,1960,76750000,
Burundi,BDI,1961,72600000,
Burundi,BDI,1962,105430000,
Burundi,BDI,1963,57790000,
Burundi,BDI,1964,72390000,
Burundi,BDI,1965,42070000,
Burundi,BDI,1966,71340000,
Burundi,BDI,1967,81720000,
Burundi,BDI,1968,98220000,
Burundi,BDI,1969,109590000,
Burundi,BDI,1970,125200000,
Burundi,BDI,1971,141430000,
Burundi,BDI,1972,150150000,
Burundi,BDI,1973,135030000,
Burundi,BDI,1974,165500000,
Burundi,BDI,1975,177960000,
Burundi,BDI,1976,164410000,
Burundi,BDI,1977,156760000,
Burundi,BDI,1978,210990000,
Burundi,BDI,1979,236530000,
Burundi,BDI,1980,267850000,
Burundi,BDI,1981,310940000,
Burundi,BDI,1982,330780000,
Burundi,BDI,1983,371080000,
Burundi,BDI,1984,381280000,
Burundi,BDI,1985,386690020,
Burundi,BDI,1986,419190000,
Burundi,BDI,1987,355429980,
Burundi,BDI,1988,341920000,
Burundi,BDI,1989,356810000,
Burundi,BDI,1990,403800000,
Burundi,BDI,1991,378820000,
Burundi,BDI,1992,433280000,
Burundi,BDI,1993,316010020,
Burundi,BDI,1994,431680000,
Burundi,BDI,1995,367180000,
Burundi,BDI,1996,148930000,
Burundi,BDI,1997,85070000,
Burundi,BDI,1998,105550000,
Burundi,BDI,1999,119080000,
Burundi,BDI,2000,150300000,
Burundi,BDI,2001,236360000,
Burundi,BDI,2002,271650000,
Burundi,BDI,2003,315130020,
Burundi,BDI,2004,439570020,
Burundi,BDI,2005,438530000,
Burundi,BDI,2006,492730020,
Burundi,BDI,2007,409000000,
Burundi,BDI,2008,444050000,
Burundi,BDI,2009,524010020,
Burundi,BDI,2010,636840000,
Burundi,BDI,2011,555390000,
Burundi,BDI,2012,524860000,
Burundi,BDI,2013,546740000,
Burundi,BDI,2014,506440000,
Burundi,BDI,2015,410700000,
Burundi,BDI,2016,858110000,
Burundi,BDI,2017,476510000,
Burundi,BDI,2018,467920000,
Burundi,BDI,2019,584229950,
Burundi,BDI,2020,493920000,
Burundi,BDI,2021,588590000,
Burundi,BDI,2022,572800000,
Cambodia,KHM,1960,211220000,
Cambodia,KHM,1961,191350000,
Cambodia,KHM,1962,168080000,
Cambodia,KHM,1963,177480000,
Cambodia,KHM,1964,94890000,
Cambodia,KHM,1965,71090000,
Cambodia,KHM,1966,83910000,
Cambodia,KHM,1967,96060000,
Cambodia,KHM,1968,68100000,
Cambodia,KHM,1969,84520000,
Cambodia,KHM,1970,127980000,
Cambodia,KHM,1971,235730000,
Cambodia,KHM,1972,360480000,
Cambodia,KHM,1973,719979970,
Cambodia,KHM,1974,1412689900,
Cambodia,KHM,1975,344120000,
Cambodia,KHM,1976,2640000,
Cambodia,KHM,1977,1080000,
Cambodia,KHM,1978,670000,
Cambodia,KHM,1979,289820000,
Cambodia,KHM,1980,646280000,
Cambodia,KHM,1981,278170020,
Cambodia,KHM,1982,92570000,
Cambodia,KHM,1983,100130000,
Cambodia,KHM,1984,58050000,
Cambodia,KHM,1985,38170000,
Cambodia,KHM,1986,33640000,
Cambodia,KHM,1987,32380002,
Cambodia,KHM,1988,37230000,
Cambodia,KHM,1989,43680000,
Cambodia,KHM,1990,68690000,
Cambodia,KHM,1991,140460000,
Cambodia,KHM,1992,281440000,
Cambodia,KHM,1993,412820000,
Cambodia,KHM,1994,389250000,
Cambodia,KHM,1995,575880000,
Cambodia,KHM,1996,483829980,
Cambodia,KHM,1997,446050000,
Cambodia,KHM,1998,427480000,
Cambodia,KHM,1999,347860000,
Cambodia,KHM,2000,482100000,
Cambodia,KHM,2001,518270000,
Cambodia,KHM,2002,575810000,
Cambodia,KHM,2003,543450000,
Cambodia,KHM,2004,473309980,
Cambodia,KHM,2005,516109980,
Cambodia,KHM,2006,529890020,
Cambodia,KHM,2007,609960000,
Cambodia,KHM,2008,574430000,
Cambodia,KHM,2009,608240000,
Cambodia,KHM,2010,666490000,
Cambodia,KHM,2011,632330050,
Cambodia,KHM,2012,742430000,
Cambodia,KHM,2013,770450000,
Cambodia,KHM,2014,771050000,
Cambodia,KHM,2015,730200000,
Cambodia,KHM,2016,770740000,
Cambodia,KHM,2017,878090050,
Cambodia,KHM,2018,780830000,
Cambodia,KHM,2019,981480000,
Cambodia,KHM,2020,1353810000,
Cambodia,KHM,2021,1257329900,
Cambodia,KHM,2022,1547910000,
Cameroon,CMR,1960,3870000,
Cameroon,CMR,1961,69430000,
Cameroon,CMR,1962,86270000,
Cameroon,CMR,1963,75230000,
Cameroon,CMR,1964,216890000,
Cameroon,CMR,1965,252060000,
Cameroon,CMR,1966,363160000,
Cameroon,CMR,1967,274490000,
Cameroon,CMR,1968,348740000,
Cameroon,CMR,1969,256799980,
Cameroon,CMR,1970,400950000,
Cameroon,CMR,1971,305869980,
Cameroon,CMR,1972,351989980,
Cameroon,CMR,1973,289450020,
Cameroon,CMR,1974,265040020,
Cameroon,CMR,1975,405280000,
Cameroon,CMR,1976,494549980,
Cameroon,CMR,1977,631110000,
Cameroon,CMR,1978,520300000,
Cameroon,CMR,1979,699080000,
Cameroon,CMR,1980,606960000,
Cameroon,CMR,1981,490029980,
Cameroon,CMR,1982,547010000,
Cameroon,CMR,1983,337100000,
Cameroon,CMR,1984,514909980,
Cameroon,CMR,1985,422970020,
Cameroon,CMR,1986,477200000,
Cameroon,CMR,1987,369100000,
Cameroon,CMR,1988,482040000,
Cameroon,CMR,1989,819190000,
Cameroon,CMR,1990,679320000,
Cameroon,CMR,1991,779360000,
Cameroon,CMR,1992,967940030,
Cameroon,CMR,1993,752090050,
Cameroon,CMR,1994,995450000,
Cameroon,CMR,1995,538970000,
Cameroon,CMR,1996,512630000,
Cameroon,CMR,1997,688740000,
Cameroon,CMR,1998,715010000,
Cameroon,CMR,1999,608830000,
Cameroon,CMR,2000,579120000,
Cameroon,CMR,2001,737190000,
Cameroon,CMR,2002,949300000,
Cameroon,CMR,2003,1128240000,
Cameroon,CMR,2004,920349950,
Cameroon,CMR,2005,484260000,
Cameroon,CMR,2006,1919010000,
Cameroon,CMR,2007,1883300100,
Cameroon,CMR,2008,497850020,
Cameroon,CMR,2009,602990000,
Cameroon,CMR,2010,534000000,
Cameroon,CMR,2011,574960000,
Cameroon,CMR,2012,593140030,
Cameroon,CMR,2013,722460000,
Cameroon,CMR,2014,809870000,
Cameroon,CMR,2015,724090050,
Cameroon,CMR,2016,822000000,
Cameroon,CMR,2017,1297270000,
Cameroon,CMR,2018,1188880000,
Cameroon,CMR,2019,1348520100,
Cameroon,CMR,2020,1436599900,
Cameroon,CMR,2021,1097890000,
Cameroon,CMR,2022,1185650000,
Cape Verde,CPV,1961,32360000,
Cape Verde,CPV,1966,25270000,
Cape Verde,CPV,1967,7170000,
Cape Verde,CPV,1969,60000,
Cape Verde,CPV,1975,32640000,
Cape Verde,CPV,1976,90750000,
Cape Verde,CPV,1977,86050000,
Cape Verde,CPV,1978,103810000,
Cape Verde,CPV,1979,79730000,
Cape Verde,CPV,1980,142420000,
Cape Verde,CPV,1981,123810000,
Cape Verde,CPV,1982,132560000,
Cape Verde,CPV,1983,149590000,
Cape Verde,CPV,1984,173700000,
Cape Verde,CPV,1985,177740000,
Cape Verde,CPV,1986,228280000,
Cape Verde,CPV,1987,155950000,
Cape Verde,CPV,1988,138290000,
Cape Verde,CPV,1989,154110000,
Cape Verde,CPV,1990,168880000,
Cape Verde,CPV,1991,157390000,
Cape Verde,CPV,1992,161420000,
Cape Verde,CPV,1993,169370000,
Cape Verde,CPV,1994,175070000,
Cape Verde,CPV,1995,149950000,
Cape Verde,CPV,1996,155610000,
Cape Verde,CPV,1997,164810000,
Cape Verde,CPV,1998,193480000,
Cape Verde,CPV,1999,200670000,
Cape Verde,CPV,2000,151090000,
Cape Verde,CPV,2001,129580000,
Cape Verde,CPV,2002,142570000,
Cape Verde,CPV,2003,189810000,
Cape Verde,CPV,2004,173750000,
Cape Verde,CPV,2005,194200000,
Cape Verde,CPV,2006,157790000,
Cape Verde,CPV,2007,147160000,
Cape Verde,CPV,2008,196920000,
Cape Verde,CPV,2009,195760000,
Cape Verde,CPV,2010,328589980,
Cape Verde,CPV,2011,227880000,
Cape Verde,CPV,2012,242770000,
Cape Verde,CPV,2013,232750000,
Cape Verde,CPV,2014,220530000,
Cape Verde,CPV,2015,167240000,
Cape Verde,CPV,2016,125600000,
Cape Verde,CPV,2017,130990010,
Cape Verde,CPV,2018,84080000,
Cape Verde,CPV,2019,157680000,
Cape Verde,CPV,2020,159830000,
Cape Verde,CPV,2021,137570000,
Cape Verde,CPV,2022,82580000,
Caribbean (OECD),,1960,341589980,
Caribbean (OECD),,1961,396100000,
Caribbean (OECD),,1962,460960000,
Caribbean (OECD),,1963,602940000,
Caribbean (OECD),,1964,585560000,
Caribbean (OECD),,1965,973240000,
Caribbean (OECD),,1966,712630000,
Caribbean (OECD),,1967,852450000,
Caribbean (OECD),,1968,785640000,
Caribbean (OECD),,1969,705650050,
Caribbean (OECD),,1970,833210050,
Caribbean (OECD),,1971,858780000,
Caribbean (OECD),,1972,786110000,
Caribbean (OECD),,1973,619920000,
Caribbean (OECD),,1974,615510000,
Caribbean (OECD),,1975,775600000,
Caribbean (OECD),,1976,922900030,
Caribbean (OECD),,1977,820610000,
Caribbean (OECD),,1978,1114730000,
Caribbean (OECD),,1979,1060980000,
Caribbean (OECD),,1980,1238350000,
Caribbean (OECD),,1981,1257800100,
Caribbean (OECD),,1982,1445590000,
Caribbean (OECD),,1983,1366190000,
Caribbean (OECD),,1984,1622199900,
Caribbean (OECD),,1985,1764439900,
Caribbean (OECD),,1986,1579590000,
Caribbean (OECD),,1987,1713650000,
Caribbean (OECD),,1988,1428350000,
Caribbean (OECD),,1989,1686699900,
Caribbean (OECD),,1990,1357100000,
Caribbean (OECD),,1991,1147700000,
Caribbean (OECD),,1992,958440000,
Caribbean (OECD),,1993,811690000,
Caribbean (OECD),,1994,1820870000,
Caribbean (OECD),,1995,1831670000,
Caribbean (OECD),,1996,1158740000,
Caribbean (OECD),,1997,1159290000,
Caribbean (OECD),,1998,1304770000,
Caribbean (OECD),,1999,1077020000,
Caribbean (OECD),,2000,792330050,
Caribbean (OECD),,2001,979500000,
Caribbean (OECD),,2002,873820000,
Caribbean (OECD),,2003,692619970,
Caribbean (OECD),,2004,894940000,
Caribbean (OECD),,2005,991720000,
Caribbean (OECD),,2006,1108770000,
Caribbean (OECD),,2007,1243450000,
Caribbean (OECD),,2008,1542930000,
Caribbean (OECD),,2009,1727560100,
Caribbean (OECD),,2010,4034520000,
Caribbean (OECD),,2011,2291670000,
Caribbean (OECD),,2012,2121690000,
Caribbean (OECD),,2013,1843479900,
Caribbean (OECD),,2014,1766640000,
Caribbean (OECD),,2015,2091050100,
Caribbean (OECD),,2016,4293089800,
Caribbean (OECD),,2017,2111070100,
Caribbean (OECD),,2018,2141870100,
Caribbean (OECD),,2019,1618580000,
Caribbean (OECD),,2020,2135409900,
Caribbean (OECD),,2021,2142939900,
Caribbean (OECD),,2022,1685670000,
Caribbean Development Bank,,1970,14370000,
Caribbean Development Bank,,1971,9970000,
Caribbean Development Bank,,1972,11720000,
Caribbean Development Bank,,1973,20460000,
Caribbean Development Bank,,1974,30340000,
Caribbean Development Bank,,1975,12880000,
Caribbean Development Bank,,1976,40220000,
Caribbean Development Bank,,1977,37730000,
Caribbean Development Bank,,1978,37290000,
Caribbean Development Bank,,1979,67310000,
Caribbean Development Bank,,1980,95080000,
Caribbean Development Bank,,1981,109570000,
Caribbean Development Bank,,1982,56450000,
Caribbean Development Bank,,1983,41730000,
Caribbean Development Bank,,1984,35630000,
Caribbean Development Bank,,1985,32439998,
Caribbean Development Bank,,1986,3320000,
Caribbean Development Bank,,1987,41680000,
Caribbean Development Bank,,1988,11370000,
Caribbean Development Bank,,1989,24590000,
Caribbean Development Bank,,1990,6830000,
Caribbean Development Bank,,1991,6250000,
Caribbean Development Bank,,1992,2520000,
Caribbean Development Bank,,1993,7240000,
Caribbean Development Bank,,1994,12900000,
Caribbean Development Bank,,1995,7840000,
Caribbean Development Bank,,1996,-880000,
Caribbean Development Bank,,1997,-8170000,
Caribbean Development Bank,,1998,-3570000,
Caribbean Development Bank,,1999,20820000,
Caribbean Development Bank,,2000,-4260000,
Caribbean Development Bank,,2001,-8760000,
Caribbean Development Bank,,2002,32340000,
Caribbean Development Bank,,2003,27670000,
Caribbean Development Bank,,2004,15000000,
Caribbean Development Bank,,2005,15730000,
Caribbean Development Bank,,2006,34000000,
Caribbean Development Bank,,2007,30090000,
Caribbean Development Bank,,2008,29850000,
Caribbean Development Bank,,2009,40270000,
Caribbean Development Bank,,2010,46850000,
Caribbean Development Bank,,2011,40900000,
Caribbean Development Bank,,2012,41670000,
Caribbean Development Bank,,2013,55720000,
Caribbean Development Bank,,2014,36920000,
Caribbean Development Bank,,2015,41620000,
Caribbean Development Bank,,2016,39290000,
Caribbean Development Bank,,2017,32540000,
Caribbean Development Bank,,2018,25570000,
Caribbean Development Bank,,2019,26070000,
Caribbean Development Bank,,2020,24810000,
Caribbean Development Bank,,2021,30150000,
Caribbean Development Bank,,2022,25370000,
Caribbean and Central America (OECD),,1960,789080000,
Caribbean and Central America (OECD),,1961,1498860000,
Caribbean and Central America (OECD),,1962,1189290000,
Caribbean and Central America (OECD),,1963,1196770000,
Caribbean and Central America (OECD),,1964,992859970,
Caribbean and Central America (OECD),,1965,2202230000,
Caribbean and Central America (OECD),,1966,1650270100,
Caribbean and Central America (OECD),,1967,1737680000,
Caribbean and Central America (OECD),,1968,1575590000,
Caribbean and Central America (OECD),,1969,1461350000,
Caribbean and Central America (OECD),,1970,1678410000,
Caribbean and Central America (OECD),,1971,1532000000,
Caribbean and Central America (OECD),,1972,1479030000,
Caribbean and Central America (OECD),,1973,1271660000,
Caribbean and Central America (OECD),,1974,1293760000,
Caribbean and Central America (OECD),,1975,1566980000,
Caribbean and Central America (OECD),,1976,1813140000,
Caribbean and Central America (OECD),,1977,1597790100,
Caribbean and Central America (OECD),,1978,1870839900,
Caribbean and Central America (OECD),,1979,2102370200,
Caribbean and Central America (OECD),,1980,2624080100,
Caribbean and Central America (OECD),,1981,2683480000,
Caribbean and Central America (OECD),,1982,3341090000,
Caribbean and Central America (OECD),,1983,3909660000,
Caribbean and Central America (OECD),,1984,4240589800,
Caribbean and Central America (OECD),,1985,5060820000,
Caribbean and Central America (OECD),,1986,4721990000,
Caribbean and Central America (OECD),,1987,4895430000,
Caribbean and Central America (OECD),,1988,4496930300,
Caribbean and Central America (OECD),,1989,4582140000,
Caribbean and Central America (OECD),,1990,4560080000,
Caribbean and Central America (OECD),,1991,4751400000,
Caribbean and Central America (OECD),,1992,4350520000,
Caribbean and Central America (OECD),,1993,3650740000,
Caribbean and Central America (OECD),,1994,4542279700,
Caribbean and Central America (OECD),,1995,4234520000,
Caribbean and Central America (OECD),,1996,3574140000,
Caribbean and Central America (OECD),,1997,3163340000,
Caribbean and Central America (OECD),,1998,3531550000,
Caribbean and Central America (OECD),,1999,4234960000,
Caribbean and Central America (OECD),,2000,3238860000,
Caribbean and Central America (OECD),,2001,4389140000,
Caribbean and Central America (OECD),,2002,3301830100,
Caribbean and Central America (OECD),,2003,3220060200,
Caribbean and Central America (OECD),,2004,3983690000,
Caribbean and Central America (OECD),,2005,3751459800,
Caribbean and Central America (OECD),,2006,3804190000,
Caribbean and Central America (OECD),,2007,3380050200,
Caribbean and Central America (OECD),,2008,4039350000,
Caribbean and Central America (OECD),,2009,4135490300,
Caribbean and Central America (OECD),,2010,6800450000,
Caribbean and Central America (OECD),,2011,5314560000,
Caribbean and Central America (OECD),,2012,4937580000,
Caribbean and Central America (OECD),,2013,4731990000,
Caribbean and Central America (OECD),,2014,4365420000,
Caribbean and Central America (OECD),,2015,4767000000,
Caribbean and Central America (OECD),,2016,7226210000,
Caribbean and Central America (OECD),,2017,5227940000,
Caribbean and Central America (OECD),,2018,5043890000,
Caribbean and Central America (OECD),,2019,4441920000,
Caribbean and Central America (OECD),,2020,6224880000,
Caribbean and Central America (OECD),,2021,5250870300,
Caribbean and Central America (OECD),,2022,6291190000,
Cayman Islands,CYM,1974,9050000,
Cayman Islands,CYM,1975,6510000,
Cayman Islands,CYM,1976,8930000,
Cayman Islands,CYM,1977,6050000,
Cayman Islands,CYM,1978,10900000,
Cayman Islands,CYM,1979,2069999.9,
Cayman Islands,CYM,1980,3360000,
Cayman Islands,CYM,1981,2470000,
Cayman Islands,CYM,1982,1440000,
Cayman Islands,CYM,1983,960000,
Cayman Islands,CYM,1984,900000,
Cayman Islands,CYM,1985,170000,
Cayman Islands,CYM,1986,4170000,
Cayman Islands,CYM,1987,3950000,
Cayman Islands,CYM,1988,20740000,
Cayman Islands,CYM,1989,2170000,
Cayman Islands,CYM,1990,4400000,
Cayman Islands,CYM,1991,-380000,
Cayman Islands,CYM,1992,110000,
Cayman Islands,CYM,1993,-510000,
Cayman Islands,CYM,1994,-1300000,
Cayman Islands,CYM,1995,-620000,
Cayman Islands,CYM,1996,-2380000,
Central African Republic,CAF,1960,300000,
Central African Republic,CAF,1961,4139999.8,
Central African Republic,CAF,1962,10770000,
Central African Republic,CAF,1963,18780000,
Central African Republic,CAF,1964,136660000,
Central African Republic,CAF,1965,121680000,
Central African Republic,CAF,1966,114790000,
Central African Republic,CAF,1967,143730000,
Central African Republic,CAF,1968,119180000,
Central African Republic,CAF,1969,130530000,
Central African Republic,CAF,1970,95600000,
Central African Republic,CAF,1971,95910000,
Central African Republic,CAF,1972,141780000,
Central African Republic,CAF,1973,120530000,
Central African Republic,CAF,1974,161730000,
Central African Republic,CAF,1975,195400000,
Central African Republic,CAF,1976,138730000,
Central African Republic,CAF,1977,146280000,
Central African Republic,CAF,1978,142770000,
Central African Republic,CAF,1979,200650000,
Central African Republic,CAF,1980,234800000,
Central African Republic,CAF,1981,241390000,
Central African Republic,CAF,1982,222190000,
Central African Republic,CAF,1983,240030000,
Central African Republic,CAF,1984,358930000,
Central African Republic,CAF,1985,280360000,
Central African Republic,CAF,1986,274350000,
Central African Republic,CAF,1987,316149980,
Central African Republic,CAF,1988,338029980,
Central African Republic,CAF,1989,317860000,
Central African Republic,CAF,1990,368340000,
Central African Republic,CAF,1991,247910000,
Central African Republic,CAF,1992,231030000,
Central African Republic,CAF,1993,230160000,
Central African Republic,CAF,1994,224200000,
Central African Republic,CAF,1995,174890000,
Central African Republic,CAF,1996,195180000,
Central African Republic,CAF,1997,114240000,
Central African Republic,CAF,1998,160450000,
Central African Republic,CAF,1999,157810000,
Central African Republic,CAF,2000,100370000,
Central African Republic,CAF,2001,111700000,
Central African Republic,CAF,2002,82600000,
Central African Republic,CAF,2003,64559996,
Central African Republic,CAF,2004,129550000,
Central African Republic,CAF,2005,105350000,
Central African Republic,CAF,2006,154830000,
Central African Republic,CAF,2007,182750000,
Central African Republic,CAF,2008,247000000,
Central African Republic,CAF,2009,216650000,
Central African Republic,CAF,2010,264280000,
Central African Republic,CAF,2011,245030000,
Central African Republic,CAF,2012,224020000,
Central African Republic,CAF,2013,200050000,
Central African Republic,CAF,2014,596660000,
Central African Republic,CAF,2015,537120000,
Central African Republic,CAF,2016,560550000,
Central African Republic,CAF,2017,554530050,
Central African Republic,CAF,2018,661780030,
Central African Republic,CAF,2019,717870000,
Central African Republic,CAF,2020,854810000,
Central African Republic,CAF,2021,642770050,
Central African Republic,CAF,2022,682539970,
Central America (OECD),,1960,455210000,
Central America (OECD),,1961,1102760100,
Central America (OECD),,1962,726690000,
Central America (OECD),,1963,558280000,
Central America (OECD),,1964,396610000,
Central America (OECD),,1965,1108960000,
Central America (OECD),,1966,872690000,
Central America (OECD),,1967,848650050,
Central America (OECD),,1968,752299970,
Central America (OECD),,1969,724750000,
Central America (OECD),,1970,808219970,
Central America (OECD),,1971,620420000,
Central America (OECD),,1972,640539970,
Central America (OECD),,1973,642270000,
Central America (OECD),,1974,645620000,
Central America (OECD),,1975,751240000,
Central America (OECD),,1976,775540000,
Central America (OECD),,1977,681530050,
Central America (OECD),,1978,711500000,
Central America (OECD),,1979,1007560000,
Central America (OECD),,1980,1345840000,
Central America (OECD),,1981,1332119900,
Central America (OECD),,1982,1810520000,
Central America (OECD),,1983,2421770000,
Central America (OECD),,1984,2450470000,
Central America (OECD),,1985,2985670000,
Central America (OECD),,1986,2958390000,
Central America (OECD),,1987,3097230000,
Central America (OECD),,1988,2914080000,
Central America (OECD),,1989,2808760000,
Central America (OECD),,1990,3060790000,
Central America (OECD),,1991,3518410000,
Central America (OECD),,1992,3273070000,
Central America (OECD),,1993,2758590200,
Central America (OECD),,1994,2570300200,
Central America (OECD),,1995,2286470000,
Central America (OECD),,1996,2323750000,
Central America (OECD),,1997,1825960000,
Central America (OECD),,1998,1934910100,
Central America (OECD),,1999,2776280000,
Central America (OECD),,2000,2090090100,
Central America (OECD),,2001,3212260000,
Central America (OECD),,2002,2231250000,
Central America (OECD),,2003,2284950000,
Central America (OECD),,2004,2806330000,
Central America (OECD),,2005,2426179800,
Central America (OECD),,2006,2425220000,
Central America (OECD),,2007,1806949900,
Central America (OECD),,2008,2109179900,
Central America (OECD),,2009,2113000000,
Central America (OECD),,2010,2484110000,
Central America (OECD),,2011,2669540000,
Central America (OECD),,2012,2251970000,
Central America (OECD),,2013,2464280000,
Central America (OECD),,2014,2171120000,
Central America (OECD),,2015,2237570000,
Central America (OECD),,2016,2443720000,
Central America (OECD),,2017,2664280000,
Central America (OECD),,2018,2517850000,
Central America (OECD),,2019,2375639800,
Central America (OECD),,2020,3828980000,
Central America (OECD),,2021,2902850000,
Central America (OECD),,2022,4390700000,
Central American Bank for Economic Integration,,1968,71900000,
Central American Bank for Economic Integration,,1969,49220000,
Central American Bank for Economic Integration,,1970,64280000,
Central American Bank for Economic Integration,,1971,127920000,
Central American Bank for Economic Integration,,1972,85300000,
Central American Bank for Economic Integration,,1973,70760000,
Central American Bank for Economic Integration,,1974,60280000,
Central American Bank for Economic Integration,,1975,59410000,
Central American Bank for Economic Integration,,1977,18510000,
Central American Bank for Economic Integration,,1978,3000000,
Central American Bank for Economic Integration,,1979,19330000,
Central American Bank for Economic Integration,,1980,36850000,
Central American Bank for Economic Integration,,1981,6460000,
Central American Bank for Economic Integration,,1982,1160000,
Central American Bank for Economic Integration,,1983,4139999.8,
Central American Bank for Economic Integration,,1984,-4270000,
Central American Bank for Economic Integration,,1985,-7440000,
Central American Bank for Economic Integration,,1986,-9170000,
Central American Bank for Economic Integration,,1987,-10280000,
Central American Bank for Economic Integration,,1988,-6190000,
Central American Bank for Economic Integration,,1989,22650000,
Central American Bank for Economic Integration,,1990,-10160000,
Central American Bank for Economic Integration,,1991,38970000,
Central American Bank for Economic Integration,,1992,36170000,
Central American Bank for Economic Integration,,1993,-4960000,
Central American Bank for Economic Integration,,1994,-7320000,
Central American Bank for Economic Integration,,1995,-8810000,
Central American Bank for Economic Integration,,1996,-12110000,
Central American Bank for Economic Integration,,1997,2330000,
Central American Bank for Economic Integration,,1998,-8420000,
Central American Bank for Economic Integration,,1999,7650000,
Central American Bank for Economic Integration,,2000,-11370000,
Central American Bank for Economic Integration,,2001,-5070000,
Central American Bank for Economic Integration,,2002,440000,
Central American Bank for Economic Integration,,2003,-11430000,
Central American Bank for Economic Integration,,2004,-11370000,
Central American Bank for Economic Integration,,2005,630000,
Central American Bank for Economic Integration,,2006,7340000,
Central American Bank for Economic Integration,,2007,3290000,
Central American Bank for Economic Integration,,2008,2400000,
Central American Bank for Economic Integration,,2009,-8140000.5,
Central American Bank for Economic Integration,,2010,-6990000,
Central American Bank for Economic Integration,,2011,-5520000,
Central American Bank for Economic Integration,,2012,-2750000,
Central American Bank for Economic Integration,,2013,-2790000,
Central American Bank for Economic Integration,,2014,-2830000,
Central American Bank for Economic Integration,,2015,-1350000,
Central American Bank for Economic Integration,,2016,-1370000,
Central American Bank for Economic Integration,,2017,-1390000,
Central American Bank for Economic Integration,,2018,-690000,
Central American Bank for Economic Integration,,2020,183080000,
Central American Bank for Economic Integration,,2021,68580000,
Central American Bank for Economic Integration,,2022,17400000,
Central Asia (OECD),,1998,7470000,
Central Asia (OECD),,1999,6150000,
Central Asia (OECD),,2000,6380000,
Central Asia (OECD),,2001,6750000,
Central Asia (OECD),,2002,6540000,
Central Asia (OECD),,2003,360000,
Central Asia (OECD),,2004,300000,
Central Asia (OECD),,2005,11540000,
Central Asia (OECD),,2006,185740000,
Central Asia (OECD),,2007,314180000,
Central Asia (OECD),,2008,340240000,
Central Asia (OECD),,2009,423700000,
Central Asia (OECD),,2010,211950000,
Central Asia (OECD),,2011,166040000,
Central Asia (OECD),,2012,193250000,
Central Asia (OECD),,2013,225340000,
Central Asia (OECD),,2014,221710000,
Central Asia (OECD),,2015,165910000,
Central Asia (OECD),,2016,139870000,
Central Asia (OECD),,2017,155300000,
Central Asia (OECD),,2018,165720000,
Central Asia (OECD),,2019,229000000,
Central Asia (OECD),,2020,185060000,
Central Asia (OECD),,2021,253110000,
Central Asia (OECD),,2022,263690000,
Central and Eastern European countries (OECD),,1988,9520000,
Central and Eastern European countries (OECD),,1989,17800000,
Central and Eastern European countries (OECD),,1990,16070000,
Central and Eastern European countries (OECD),,1991,445510000,
Central and Eastern European countries (OECD),,1992,560789950,
Central and Eastern European countries (OECD),,1993,408860000,
Central and Eastern European countries (OECD),,1994,227040000,
Central and Eastern European countries (OECD),,1995,229560000,
Central and Eastern European countries (OECD),,1996,298109980,
Central and Eastern European countries (OECD),,1997,231630000,
Central and Eastern European countries (OECD),,1998,383280000,
Central and Eastern European countries (OECD),,1999,705730000,
Central and Eastern European countries (OECD),,2000,503690020,
Central and Eastern European countries (OECD),,2001,435100000,
Central and Eastern European countries (OECD),,2002,471740000,
Central and Eastern European countries (OECD),,2003,452580000,
Central and Eastern European countries (OECD),,2004,363170020,
Central and Eastern European countries (OECD),,2005,362560000,
Central and Eastern European countries (OECD),,2006,365010020,
Central and Eastern European countries (OECD),,2007,270010020,
Central and Eastern European countries (OECD),,2008,324080000,
Central and Eastern European countries (OECD),,2009,316290020,
Central and Eastern European countries (OECD),,2010,358450020,
Central and Eastern European countries (OECD),,2011,348930000,
Central and Eastern European countries (OECD),,2012,339370000,
Central and Eastern European countries (OECD),,2013,258859980,
Central and Eastern European countries (OECD),,2014,261150000,
Central and Eastern European countries (OECD),,2015,336330000,
Central and Eastern European countries (OECD),,2016,179140000,
Central and Eastern European countries (OECD),,2017,174590000,
Central and Eastern European countries (OECD),,2018,344680000,
Central and Eastern European countries (OECD),,2019,25080000,
Central and Eastern European countries (OECD),,2020,314670000,
Central and Eastern European countries (OECD),,2021,592720000,
Central and Eastern European countries (OECD),,2022,315530000,
Chad,TCD,1960,300000,
Chad,TCD,1961,33770000,
Chad,TCD,1962,54470000,
Chad,TCD,1963,52850000,
Chad,TCD,1964,128810000,
Chad,TCD,1965,137770000,
Chad,TCD,1966,138450000,
Chad,TCD,1967,140080000,
Chad,TCD,1968,147150000,
Chad,TCD,1969,161740000,
Chad,TCD,1970,150120000,
Chad,TCD,1971,188290000,
Chad,TCD,1972,166410000,
Chad,TCD,1973,217640000,
Chad,TCD,1974,348900000,
Chad,TCD,1975,250250000,
Chad,TCD,1976,218070000,
Chad,TCD,1977,283570020,
Chad,TCD,1978,364549980,
Chad,TCD,1979,225290000,
Chad,TCD,1980,85890000,
Chad,TCD,1981,147520000,
Chad,TCD,1982,167290000,
Chad,TCD,1983,237330000,
Chad,TCD,1984,311410020,
Chad,TCD,1985,492960000,
Chad,TCD,1986,344240000,
Chad,TCD,1987,369650000,
Chad,TCD,1988,455580000,
Chad,TCD,1989,437650000,
Chad,TCD,1990,466190000,
Chad,TCD,1991,393140000,
Chad,TCD,1992,333549980,
Chad,TCD,1993,322840000,
Chad,TCD,1994,293340000,
Chad,TCD,1995,289760000,
Chad,TCD,1996,374350000,
Chad,TCD,1997,318589980,
Chad,TCD,1998,245500000,
Chad,TCD,1999,266859980,
Chad,TCD,2000,204450000,
Chad,TCD,2001,303140000,
Chad,TCD,2002,347400000,
Chad,TCD,2003,327010020,
Chad,TCD,2004,405070000,
Chad,TCD,2005,466330000,
Chad,TCD,2006,333109980,
Chad,TCD,2007,365170020,
Chad,TCD,2008,470050000,
Chad,TCD,2009,598340030,
Chad,TCD,2010,528960030,
Chad,TCD,2011,459730020,
Chad,TCD,2012,490829980,
Chad,TCD,2013,467190000,
Chad,TCD,2014,383140000,
Chad,TCD,2015,667170000,
Chad,TCD,2016,690360000,
Chad,TCD,2017,693229950,
Chad,TCD,2018,902789950,
Chad,TCD,2019,675090050,
Chad,TCD,2020,1060740000,
Chad,TCD,2021,708330050,
Chad,TCD,2022,700390000,
Chile,CHL,1960,138540000,
Chile,CHL,1961,937229950,
Chile,CHL,1962,1027270000,
Chile,CHL,1963,993800000,
Chile,CHL,1964,818610000,
Chile,CHL,1965,772260030,
Chile,CHL,1966,865789950,
Chile,CHL,1967,650299970,
Chile,CHL,1968,492100000,
Chile,CHL,1969,458170020,
Chile,CHL,1970,355149980,
Chile,CHL,1971,166530000,
Chile,CHL,1972,207070000,
Chile,CHL,1973,186560000,
Chile,CHL,1974,45090000,
Chile,CHL,1975,465570020,
Chile,CHL,1976,41740000,
Chile,CHL,1977,40650000,
Chile,CHL,1978,12320000,
Chile,CHL,1979,-95880000,
Chile,CHL,1980,-28440000,
Chile,CHL,1981,-4410000,
Chile,CHL,1982,-3000000,
Chile,CHL,1983,24310000,
Chile,CHL,1984,38660000,
Chile,CHL,1985,134700000,
Chile,CHL,1986,1830000,
Chile,CHL,1987,33900000,
Chile,CHL,1988,73490000,
Chile,CHL,1989,104720000,
Chile,CHL,1990,145730000,
Chile,CHL,1991,169130000,
Chile,CHL,1992,168350000,
Chile,CHL,1993,243030000,
Chile,CHL,1994,186940000,
Chile,CHL,1995,136680000,
Chile,CHL,1996,217030000,
Chile,CHL,1997,157920000,
Chile,CHL,1998,134740000,
Chile,CHL,1999,86740000,
Chile,CHL,2000,64680000,
Chile,CHL,2001,77020000,
Chile,CHL,2002,16840000,
Chile,CHL,2003,101290000,
Chile,CHL,2004,76160000,
Chile,CHL,2005,198450000,
Chile,CHL,2006,111640000,
Chile,CHL,2007,110460000,
Chile,CHL,2008,101070000,
Chile,CHL,2009,75650000,
Chile,CHL,2010,181230000,
Chile,CHL,2011,148720000,
Chile,CHL,2012,125070000,
Chile,CHL,2013,77180000,
Chile,CHL,2014,233410000,
Chile,CHL,2015,58420000,
Chile,CHL,2016,197080000,
Chile,CHL,2017,75080000,
China,CHN,1979,42080000,
China,CHN,1980,152590000,
China,CHN,1981,1164660100,
China,CHN,1982,1134990000,
China,CHN,1983,1498470000,
China,CHN,1984,1817940000,
China,CHN,1985,2202410000,
China,CHN,1986,1934490000,
China,CHN,1987,2144530000,
China,CHN,1988,2802930000,
China,CHN,1989,2974220000,
China,CHN,1990,2744260000,
China,CHN,1991,2533930000,
China,CHN,1992,3595430000,
China,CHN,1993,3766150000,
China,CHN,1994,3427230000,
China,CHN,1995,3469950000,
China,CHN,1996,2939740000,
China,CHN,1997,2572620000,
China,CHN,1998,2913470000,
China,CHN,1999,2687470000,
China,CHN,2000,2107370100,
China,CHN,2001,1910949900,
China,CHN,2002,1813740000,
China,CHN,2003,1456310000,
China,CHN,2004,1663610000,
China,CHN,2005,1727329900,
China,CHN,2006,1286459900,
China,CHN,2007,1675170000,
China,CHN,2008,1650480000,
China,CHN,2009,1422130000,
China,CHN,2010,739560000,
China,CHN,2011,-508180000,
China,CHN,2012,104370000,
China,CHN,2013,-522770020,
China,CHN,2014,-822970000,
China,CHN,2015,-211420000,
China,CHN,2016,-623280000,
China,CHN,2017,-866950000,
China,CHN,2018,-575090050,
China,CHN,2019,-462860000,
China,CHN,2020,-414290020,
China,CHN,2021,-453910000,
China,CHN,2022,-282320000,
Colombia,COL,1960,-54750000,
Colombia,COL,1961,394480000,
Colombia,COL,1962,370330000,
Colombia,COL,1963,525090020,
Colombia,COL,1964,312260000,
Colombia,COL,1965,283829980,
Colombia,COL,1966,579210050,
Colombia,COL,1967,646780000,
Colombia,COL,1968,765650050,
Colombia,COL,1969,655640000,
Colombia,COL,1970,805630000,
Colombia,COL,1971,596690000,
Colombia,COL,1972,561450000,
Colombia,COL,1973,639930000,
Colombia,COL,1974,391720000,
Colombia,COL,1975,280840000,
Colombia,COL,1976,254580000,
Colombia,COL,1977,132899990,
Colombia,COL,1978,169690000,
Colombia,COL,1979,95360000,
Colombia,COL,1980,86950000,
Colombia,COL,1981,125740000,
Colombia,COL,1982,161930000,
Colombia,COL,1983,109840000,
Colombia,COL,1984,127810000,
Colombia,COL,1985,147880000,
Colombia,COL,1986,106420000,
Colombia,COL,1987,139250000,
Colombia,COL,1988,131100010,
Colombia,COL,1989,120060000,
Colombia,COL,1990,138100000,
Colombia,COL,1991,185220000,
Colombia,COL,1992,340149980,
Colombia,COL,1993,157590000,
Colombia,COL,1994,107070000,
Colombia,COL,1995,222250000,
Colombia,COL,1996,240360000,
Colombia,COL,1997,262010020,
Colombia,COL,1998,263420020,
Colombia,COL,1999,494610000,
Colombia,COL,2000,328490000,
Colombia,COL,2001,645669950,
Colombia,COL,2002,719020000,
Colombia,COL,2003,1227250000,
Colombia,COL,2004,756890000,
Colombia,COL,2005,876180000,
Colombia,COL,2006,1323630000,
Colombia,COL,2007,888480000,
Colombia,COL,2008,1169230000,
Colombia,COL,2009,1260480000,
Colombia,COL,2010,730180000,
Colombia,COL,2011,1108230000,
Colombia,COL,2012,828970000,
Colombia,COL,2013,885490000,
Colombia,COL,2014,1221729900,
Colombia,COL,2015,1509680000,
Colombia,COL,2016,1245729900,
Colombia,COL,2017,957430000,
Colombia,COL,2018,1836180100,
Colombia,COL,2019,979580000,
Colombia,COL,2020,1964150000,
Colombia,COL,2021,1894060000,
Colombia,COL,2022,1883420000,
Comoros,COM,1966,42460000,
Comoros,COM,1967,65620004,
Comoros,COM,1968,53790000,
Comoros,COM,1969,40570000,
Comoros,COM,1970,51380000,
Comoros,COM,1971,53770000,
Comoros,COM,1972,53040000,
Comoros,COM,1973,75610000,
Comoros,COM,1974,112140000,
Comoros,COM,1975,72840000,
Comoros,COM,1976,90890000,
Comoros,COM,1977,43390000,
Comoros,COM,1978,41370000,
Comoros,COM,1979,49830000,
Comoros,COM,1980,99220000,
Comoros,COM,1981,112710000,
Comoros,COM,1982,97090000,
Comoros,COM,1983,96330000,
Comoros,COM,1984,113780000,
Comoros,COM,1985,126290000,
Comoros,COM,1986,96150000,
Comoros,COM,1987,94420000,
Comoros,COM,1988,83920000,
Comoros,COM,1989,73230000,
Comoros,COM,1990,63640000,
Comoros,COM,1991,91520000,
Comoros,COM,1992,64040000,
Comoros,COM,1993,65300004,
Comoros,COM,1994,52240000,
Comoros,COM,1995,48280000,
Comoros,COM,1996,48310000,
Comoros,COM,1997,40990000,
Comoros,COM,1998,54130000,
Comoros,COM,1999,30310000,
Comoros,COM,2000,30230000,
Comoros,COM,2001,43430000,
Comoros,COM,2002,40980000,
Comoros,COM,2003,31170000,
Comoros,COM,2004,29360000,
Comoros,COM,2005,25660000,
Comoros,COM,2006,33940000,
Comoros,COM,2007,41580000,
Comoros,COM,2008,38100000,
Comoros,COM,2009,46440000,
Comoros,COM,2010,69410000,
Comoros,COM,2011,50000000,
Comoros,COM,2012,96170000,
Comoros,COM,2013,76260000,
Comoros,COM,2014,70350000,
Comoros,COM,2015,70430000,
Comoros,COM,2016,58100000,
Comoros,COM,2017,70800000,
Comoros,COM,2018,91850000,
Comoros,COM,2019,75270000,
Comoros,COM,2020,132950000,
Comoros,COM,2021,146200000,
Comoros,COM,2022,137790000,
Congo,COG,1960,220000,
Congo,COG,1961,1810000,
Congo,COG,1962,30210000,
Congo,COG,1963,51120000,
Congo,COG,1964,141970000,
Congo,COG,1965,119700000,
Congo,COG,1966,180920000,
Congo,COG,1967,136080000,
Congo,COG,1968,148110000,
Congo,COG,1969,112640000,
Congo,COG,1970,102300000,
Congo,COG,1971,108100000,
Congo,COG,1972,126990000,
Congo,COG,1973,123310000,
Congo,COG,1974,165430000,
Congo,COG,1975,200330000,
Congo,COG,1976,260329980,
Congo,COG,1977,157550000,
Congo,COG,1978,228500000,
Congo,COG,1979,220220000,
Congo,COG,1980,198230000,
Congo,COG,1981,193110000,
Congo,COG,1982,229460000,
Congo,COG,1983,278370000,
Congo,COG,1984,270390000,
Congo,COG,1985,195450000,
Congo,COG,1986,215450000,
Congo,COG,1987,233680000,
Congo,COG,1988,144240000,
Congo,COG,1989,152880000,
Congo,COG,1990,305080000,
Congo,COG,1991,187370000,
Congo,COG,1992,152730000,
Congo,COG,1993,168210000,
Congo,COG,1994,488340000,
Congo,COG,1995,153750000,
Congo,COG,1996,550020030,
Congo,COG,1997,361549980,
Congo,COG,1998,89360000,
Congo,COG,1999,206320000,
Congo,COG,2000,52460000,
Congo,COG,2001,115870000,
Congo,COG,2002,86860000,
Congo,COG,2003,89240000,
Congo,COG,2004,134410000,
Congo,COG,2005,1554750000,
Congo,COG,2006,278490000,
Congo,COG,2007,102760000,
Congo,COG,2008,408580000,
Congo,COG,2009,255910000,
Congo,COG,2010,1250740000,
Congo,COG,2011,243990000,
Congo,COG,2012,139390000,
Congo,COG,2013,144550000,
Congo,COG,2014,99640000,
Congo,COG,2015,94930000,
Congo,COG,2016,94040000,
Congo,COG,2017,112270000,
Congo,COG,2018,146020000,
Congo,COG,2019,181450000,
Congo,COG,2020,217300000,
Congo,COG,2021,195670000,
Congo,COG,2022,703320000,
Cook Islands,COK,1972,27790000,
Cook Islands,COK,1973,25810000,
Cook Islands,COK,1974,32590000,
Cook Islands,COK,1975,32090000,
Cook Islands,COK,1976,38380000,
Cook Islands,COK,1977,37420000,
Cook Islands,COK,1978,28990000,
Cook Islands,COK,1979,28750000,
Cook Islands,COK,1980,35860000,
Cook Islands,COK,1981,32240002,
Cook Islands,COK,1982,33590000,
Cook Islands,COK,1983,29240000,
Cook Islands,COK,1984,29750000,
Cook Islands,COK,1985,34080000,
Cook Islands,COK,1986,74810000,
Cook Islands,COK,1987,24880000,
Cook Islands,COK,1988,23940000,
Cook Islands,COK,1989,25170000,
Cook Islands,COK,1990,21710000,
Cook Islands,COK,1991,23940000,
Cook Islands,COK,1992,25110000,
Cook Islands,COK,1993,21780000,
Cook Islands,COK,1994,21620000,
Cook Islands,COK,1995,18800000,
Cook Islands,COK,1996,11960000,
Cook Islands,COK,1997,13050000,
Cook Islands,COK,1998,12470000,
Cook Islands,COK,1999,9810000,
Cook Islands,COK,2000,8510000,
Cook Islands,COK,2001,10230000,
Cook Islands,COK,2002,8359999.5,
Cook Islands,COK,2003,9410000,
Cook Islands,COK,2004,10880000,
Cook Islands,COK,2005,9890000,
Cook Islands,COK,2006,36660000,
Cook Islands,COK,2007,11820000,
Cook Islands,COK,2008,5860000,
Cook Islands,COK,2009,8010000,
Cook Islands,COK,2010,15250000,
Cook Islands,COK,2011,24040000,
Cook Islands,COK,2012,20270000,
Cook Islands,COK,2013,14920000,
Cook Islands,COK,2014,26330000,
Cook Islands,COK,2015,28180000,
Cook Islands,COK,2016,19180000,
Cook Islands,COK,2017,19630000,
Cook Islands,COK,2018,34770000,
Cook Islands,COK,2019,30660000,
Costa Rica,CRI,1960,32259998,
Costa Rica,CRI,1961,53480000,
Costa Rica,CRI,1962,68580000,
Costa Rica,CRI,1963,60160000,
Costa Rica,CRI,1964,84290000,
Costa Rica,CRI,1965,107930000,
Costa Rica,CRI,1966,88220000,
Costa Rica,CRI,1967,88290000,
Costa Rica,CRI,1968,77660000,
Costa Rica,CRI,1969,85700000,
Costa Rica,CRI,1970,73150000,
Costa Rica,CRI,1971,82290000,
Costa Rica,CRI,1972,85940000,
Costa Rica,CRI,1973,80840000,
Costa Rica,CRI,1974,72940000,
Costa Rica,CRI,1975,83960000,
Costa Rica,CRI,1976,52690000,
Costa Rica,CRI,1977,58620000,
Costa Rica,CRI,1978,85500000,
Costa Rica,CRI,1979,74060000,
Costa Rica,CRI,1980,56340000,
Costa Rica,CRI,1981,77120000,
Costa Rica,CRI,1982,166270000,
Costa Rica,CRI,1983,559650050,
Costa Rica,CRI,1984,491690020,
Costa Rica,CRI,1985,615330050,
Costa Rica,CRI,1986,409360000,
Costa Rica,CRI,1987,477390000,
Costa Rica,CRI,1988,359340000,
Costa Rica,CRI,1989,435300000,
Costa Rica,CRI,1990,363930000,
Costa Rica,CRI,1991,270730020,
Costa Rica,CRI,1992,196990000,
Costa Rica,CRI,1993,172730000,
Costa Rica,CRI,1994,113350000,
Costa Rica,CRI,1995,57600000,
Costa Rica,CRI,1996,-7310000,
Costa Rica,CRI,1997,6200000,
Costa Rica,CRI,1998,40900000,
Costa Rica,CRI,1999,4430000,
Costa Rica,CRI,2000,47220000,
Costa Rica,CRI,2001,28550000,
Costa Rica,CRI,2002,23960000,
Costa Rica,CRI,2003,46720000,
Costa Rica,CRI,2004,32220002,
Costa Rica,CRI,2005,35970000,
Costa Rica,CRI,2006,31470000,
Costa Rica,CRI,2007,61700000,
Costa Rica,CRI,2008,72230000,
Costa Rica,CRI,2009,94400000,
Costa Rica,CRI,2010,81930000,
Costa Rica,CRI,2011,36220000,
Costa Rica,CRI,2012,32480000,
Costa Rica,CRI,2013,34450000,
Costa Rica,CRI,2014,53610000,
Costa Rica,CRI,2015,115240000,
Costa Rica,CRI,2016,103970000,
Costa Rica,CRI,2017,99170000,
Costa Rica,CRI,2018,96730000,
Costa Rica,CRI,2019,55040000,
Costa Rica,CRI,2020,206830000,
Costa Rica,CRI,2021,79920000,
Costa Rica,CRI,2022,639900000,
Cote d'Ivoire,CIV,1960,1140000,
Cote d'Ivoire,CIV,1961,31710000,
Cote d'Ivoire,CIV,1962,83330000,
Cote d'Ivoire,CIV,1963,77450000,
Cote d'Ivoire,CIV,1964,298080000,
Cote d'Ivoire,CIV,1965,291460000,
Cote d'Ivoire,CIV,1966,264670020,
Cote d'Ivoire,CIV,1967,238960000,
Cote d'Ivoire,CIV,1968,307020000,
Cote d'Ivoire,CIV,1969,324309980,
Cote d'Ivoire,CIV,1970,351850020,
Cote d'Ivoire,CIV,1971,319450020,
Cote d'Ivoire,CIV,1972,264350000,
Cote d'Ivoire,CIV,1973,292010020,
Cote d'Ivoire,CIV,1974,329540000,
Cote d'Ivoire,CIV,1975,355109980,
Cote d'Ivoire,CIV,1976,392530000,
Cote d'Ivoire,CIV,1977,345120000,
Cote d'Ivoire,CIV,1978,366970020,
Cote d'Ivoire,CIV,1979,387140000,
Cote d'Ivoire,CIV,1980,450290020,
Cote d'Ivoire,CIV,1981,300460000,
Cote d'Ivoire,CIV,1982,354980000,
Cote d'Ivoire,CIV,1983,409100000,
Cote d'Ivoire,CIV,1984,347260000,
Cote d'Ivoire,CIV,1985,319070000,
Cote d'Ivoire,CIV,1986,358269980,
Cote d'Ivoire,CIV,1987,415570020,
Cote d'Ivoire,CIV,1988,724800000,
Cote d'Ivoire,CIV,1989,675000000,
Cote d'Ivoire,CIV,1990,974270000,
Cote d'Ivoire,CIV,1991,899640000,
Cote d'Ivoire,CIV,1992,1013200000,
Cote d'Ivoire,CIV,1993,1030030000,
Cote d'Ivoire,CIV,1994,2160050200,
Cote d'Ivoire,CIV,1995,1454710000,
Cote d'Ivoire,CIV,1996,1199420000,
Cote d'Ivoire,CIV,1997,602320000,
Cote d'Ivoire,CIV,1998,1373750000,
Cote d'Ivoire,CIV,1999,610130000,
Cote d'Ivoire,CIV,2000,530560000,
Cote d'Ivoire,CIV,2001,307450020,
Cote d'Ivoire,CIV,2002,1637150100,
Cote d'Ivoire,CIV,2003,337650000,
Cote d'Ivoire,CIV,2004,188670000,
Cote d'Ivoire,CIV,2005,107080000,
Cote d'Ivoire,CIV,2006,270040000,
Cote d'Ivoire,CIV,2007,201220000,
Cote d'Ivoire,CIV,2008,395440000,
Cote d'Ivoire,CIV,2009,2165100000,
Cote d'Ivoire,CIV,2010,849780030,
Cote d'Ivoire,CIV,2011,1359750000,
Cote d'Ivoire,CIV,2012,2844419800,
Cote d'Ivoire,CIV,2013,1281640100,
Cote d'Ivoire,CIV,2014,924490000,
Cote d'Ivoire,CIV,2015,719780030,
Cote d'Ivoire,CIV,2016,685500000,
Cote d'Ivoire,CIV,2017,898200000,
Cote d'Ivoire,CIV,2018,991770050,
Cote d'Ivoire,CIV,2019,1212910100,
Cote d'Ivoire,CIV,2020,1586050000,
Cote d'Ivoire,CIV,2021,1513850000,
Cote d'Ivoire,CIV,2022,1965969900,
Countries not classified by the World Bank,,1960,3070000,
Countries not classified by the World Bank,,1961,-560000,
Countries not classified by the World Bank,,1962,673150000,
Countries not classified by the World Bank,,1963,339869980,
Countries not classified by the World Bank,,1964,-406580000,
Countries not classified by the World Bank,,1965,62390000,
Countries not classified by the World Bank,,1966,218480000,
Countries not classified by the World Bank,,1967,181650000,
Countries not classified by the World Bank,,1968,132200000,
Countries not classified by the World Bank,,1969,81290000,
Countries not classified by the World Bank,,1970,42510000,
Countries not classified by the World Bank,,1971,58900000,
Countries not classified by the World Bank,,1972,100690000,
Countries not classified by the World Bank,,1973,90390000,
Countries not classified by the World Bank,,1974,122830000,
Countries not classified by the World Bank,,1975,106350000,
Countries not classified by the World Bank,,1976,47450000,
Countries not classified by the World Bank,,1977,93650000,
Countries not classified by the World Bank,,1978,66540000,
Countries not classified by the World Bank,,1979,168160000,
Countries not classified by the World Bank,,1980,187400000,
Countries not classified by the World Bank,,1981,178800000,
Countries not classified by the World Bank,,1982,190580000,
Countries not classified by the World Bank,,1983,182110000,
Countries not classified by the World Bank,,1984,179610000,
Countries not classified by the World Bank,,1985,204390000,
Countries not classified by the World Bank,,1986,240020000,
Countries not classified by the World Bank,,1987,206010000,
Countries not classified by the World Bank,,1988,220940000,
Countries not classified by the World Bank,,1989,335410020,
Countries not classified by the World Bank,,1990,303040000,
Countries not classified by the World Bank,,1991,243130000,
Countries not classified by the World Bank,,1992,222800000,
Countries not classified by the World Bank,,1993,249220000,
Countries not classified by the World Bank,,1994,261590000,
Countries not classified by the World Bank,,1995,253490000,
Countries not classified by the World Bank,,1996,273040000,
Countries not classified by the World Bank,,1997,250760000,
Countries not classified by the World Bank,,1998,391269980,
Countries not classified by the World Bank,,1999,387040000,
Countries not classified by the World Bank,,2000,465980000,
Countries not classified by the World Bank,,2001,442620000,
Countries not classified by the World Bank,,2002,454090000,
Countries not classified by the World Bank,,2003,481410020,
Countries not classified by the World Bank,,2004,481480000,
Countries not classified by the World Bank,,2005,464490000,
Countries not classified by the World Bank,,2006,648330050,
Countries not classified by the World Bank,,2007,680840000,
Countries not classified by the World Bank,,2008,726660000,
Countries not classified by the World Bank,,2009,760640000,
Countries not classified by the World Bank,,2010,867090050,
Countries not classified by the World Bank,,2011,352660000,
Countries not classified by the World Bank,,2012,428029980,
Countries not classified by the World Bank,,2013,380280000,
Countries not classified by the World Bank,,2014,341480000,
Countries not classified by the World Bank,,2015,341589980,
Countries not classified by the World Bank,,2016,342390000,
Countries not classified by the World Bank,,2017,338910000,
Countries not classified by the World Bank,,2018,393120000,
Countries not classified by the World Bank,,2019,552040000,
Countries not classified by the World Bank,,2020,598340030,
Countries not classified by the World Bank,,2021,503340000,
Countries not classified by the World Bank,,2022,503429980,
Croatia,HRV,1992,10000,
Croatia,HRV,1994,159110000,
Croatia,HRV,1995,72200000,
Croatia,HRV,1996,169960000,
Croatia,HRV,1997,66610000,
Croatia,HRV,1998,72130000,
Croatia,HRV,1999,76440000,
Croatia,HRV,2000,108250000,
Croatia,HRV,2001,191810000,
Croatia,HRV,2002,207150000,
Croatia,HRV,2003,173920000,
Croatia,HRV,2004,160410000,
Croatia,HRV,2005,150240000,
Croatia,HRV,2006,227510000,
Croatia,HRV,2007,169100000,
Croatia,HRV,2008,223460000,
Croatia,HRV,2009,160080000,
Croatia,HRV,2010,127270000,
Cuba,CUB,1960,2000000,
Cuba,CUB,1961,1570000,
Cuba,CUB,1962,320000,
Cuba,CUB,1963,-1330000,
Cuba,CUB,1964,3470000,
Cuba,CUB,1965,4320000,
Cuba,CUB,1966,5300000,
Cuba,CUB,1967,5290000,
Cuba,CUB,1968,4540000,
Cuba,CUB,1969,8710000,
Cuba,CUB,1970,11830000,
Cuba,CUB,1971,14720000,
Cuba,CUB,1972,19060000,
Cuba,CUB,1973,23180000,
Cuba,CUB,1974,55780000,
Cuba,CUB,1975,65430000,
Cuba,CUB,1976,155780000,
Cuba,CUB,1977,143460000,
Cuba,CUB,1978,141070000,
Cuba,CUB,1979,117190000,
Cuba,CUB,1980,106500000,
Cuba,CUB,1981,67700000,
Cuba,CUB,1982,89160000,
Cuba,CUB,1983,93360000,
Cuba,CUB,1984,94340000,
Cuba,CUB,1985,107980000,
Cuba,CUB,1986,88460000,
Cuba,CUB,1987,89760000,
Cuba,CUB,1988,103920000,
Cuba,CUB,1989,99310000,
Cuba,CUB,1990,75400000,
Cuba,CUB,1991,52610000,
Cuba,CUB,1992,33270000,
Cuba,CUB,1993,64600000,
Cuba,CUB,1994,66230004,
Cuba,CUB,1995,82650000,
Cuba,CUB,1996,76160000,
Cuba,CUB,1997,94750000,
Cuba,CUB,1998,114950000,
Cuba,CUB,1999,88830000,
Cuba,CUB,2000,73670000,
Cuba,CUB,2001,90160000,
Cuba,CUB,2002,97220000,
Cuba,CUB,2003,103320000,
Cuba,CUB,2004,123150000,
Cuba,CUB,2005,106090000,
Cuba,CUB,2006,96530000,
Cuba,CUB,2007,104320000,
Cuba,CUB,2008,122040000,
Cuba,CUB,2009,113890000,
Cuba,CUB,2010,132729990,
Cuba,CUB,2011,84310000,
Cuba,CUB,2012,77500000,
Cuba,CUB,2013,94330000,
Cuba,CUB,2014,83880000,
Cuba,CUB,2015,222630000,
Cuba,CUB,2016,2508700000,
Cuba,CUB,2017,392920000,
Cuba,CUB,2018,387060000,
Cuba,CUB,2019,144040000,
Cuba,CUB,2020,174020000,
Cuba,CUB,2021,144120000,
Cuba,CUB,2022,137620000,
Cyprus,CYP,1960,248930000,
Cyprus,CYP,1961,190370000,
Cyprus,CYP,1962,137430000,
Cyprus,CYP,1963,99060000,
Cyprus,CYP,1964,41230000,
Cyprus,CYP,1965,54860000,
Cyprus,CYP,1966,12300000,
Cyprus,CYP,1967,10090000,
Cyprus,CYP,1968,6340000,
Cyprus,CYP,1969,24430000,
Cyprus,CYP,1970,41070000,
Cyprus,CYP,1971,36670000,
Cyprus,CYP,1972,42160000,
Cyprus,CYP,1973,39460000,
Cyprus,CYP,1974,96390000,
Cyprus,CYP,1975,121650000,
Cyprus,CYP,1976,217650000,
Cyprus,CYP,1977,341709980,
Cyprus,CYP,1978,153180000,
Cyprus,CYP,1979,84610000,
Cyprus,CYP,1980,135550000,
Cyprus,CYP,1981,117070000,
Cyprus,CYP,1982,79790000,
Cyprus,CYP,1983,48100000,
Cyprus,CYP,1984,44470000,
Cyprus,CYP,1985,92130000,
Cyprus,CYP,1986,78120000,
Cyprus,CYP,1987,82390000,
Cyprus,CYP,1988,81770000,
Cyprus,CYP,1989,76320000,
Cyprus,CYP,1990,65670000,
Cyprus,CYP,1991,66460000,
Cyprus,CYP,1992,41250000,
Cyprus,CYP,1993,54330000,
Cyprus,CYP,1994,69410000,
Cyprus,CYP,1995,29850000,
Cyprus,CYP,1996,32910000,
Democratic Republic of Congo,COD,1960,818859970,
Democratic Republic of Congo,COD,1961,855460030,
Democratic Republic of Congo,COD,1962,1017930000,
Democratic Republic of Congo,COD,1963,970500000,
Democratic Republic of Congo,COD,1964,1065880000,
Democratic Republic of Congo,COD,1965,1165150100,
Democratic Republic of Congo,COD,1966,725380030,
Democratic Republic of Congo,COD,1967,709990000,
Democratic Republic of Congo,COD,1968,573260000,
Democratic Republic of Congo,COD,1969,614170000,
Democratic Republic of Congo,COD,1970,627160000,
Democratic Republic of Congo,COD,1971,697739970,
Democratic Republic of Congo,COD,1972,697490000,
Democratic Republic of Congo,COD,1973,671970000,
Democratic Republic of Congo,COD,1974,771930000,
Democratic Republic of Congo,COD,1975,953060000,
Democratic Republic of Congo,COD,1976,701090050,
Democratic Republic of Congo,COD,1977,858640000,
Democratic Republic of Congo,COD,1978,888520000,
Democratic Republic of Congo,COD,1979,1030990000,
Democratic Republic of Congo,COD,1980,963410000,
Democratic Republic of Congo,COD,1981,975360000,
Democratic Republic of Congo,COD,1982,914130000,
Democratic Republic of Congo,COD,1983,872810000,
Democratic Republic of Congo,COD,1984,867120000,
Democratic Republic of Congo,COD,1985,862410000,
Democratic Republic of Congo,COD,1986,942010000,
Democratic Republic of Congo,COD,1987,1251189900,
Democratic Republic of Congo,COD,1988,971099970,
Democratic Republic of Congo,COD,1989,1243680000,
Democratic Republic of Congo,COD,1990,1325230000,
Democratic Republic of Congo,COD,1991,709130000,
Democratic Republic of Congo,COD,1992,388490000,
Democratic Republic of Congo,COD,1993,259570000,
Democratic Republic of Congo,COD,1994,335860000,
Democratic Republic of Congo,COD,1995,237650000,
Democratic Republic of Congo,COD,1996,215000000,
Democratic Republic of Congo,COD,1997,228300000,
Democratic Republic of Congo,COD,1998,186230000,
Democratic Republic of Congo,COD,1999,200960000,
Democratic Republic of Congo,COD,2000,290720000,
Democratic Republic of Congo,COD,2001,406269980,
Democratic Republic of Congo,COD,2002,1787089900,
Democratic Republic of Congo,COD,2003,7290620000,
Democratic Republic of Congo,COD,2004,2261920000,
Democratic Republic of Congo,COD,2005,2094689900,
Democratic Republic of Congo,COD,2006,2674640000,
Democratic Republic of Congo,COD,2007,1174260000,
Democratic Republic of Congo,COD,2008,1465000000,
Democratic Republic of Congo,COD,2009,2044890000,
Democratic Republic of Congo,COD,2010,3547850000,
Democratic Republic of Congo,COD,2011,5488610000,
Democratic Republic of Congo,COD,2012,2874730000,
Democratic Republic of Congo,COD,2013,2569889800,
Democratic Republic of Congo,COD,2014,2405080000,
Democratic Republic of Congo,COD,2015,2911610000,
Democratic Republic of Congo,COD,2016,2339000000,
Democratic Republic of Congo,COD,2017,2512320000,
Democratic Republic of Congo,COD,2018,2644030000,
Democratic Republic of Congo,COD,2019,3012370200,
Democratic Republic of Congo,COD,2020,3533010000,
Democratic Republic of Congo,COD,2021,3561590000,
Democratic Republic of Congo,COD,2022,3288419800,
Developing countries (OECD),,1960,35994018000,
Developing countries (OECD),,1961,43412443000,
Developing countries (OECD),,1962,43440390000,
Developing countries (OECD),,1963,45474020000,
Developing countries (OECD),,1964,43496400000,
Developing countries (OECD),,1965,46738150000,
Developing countries (OECD),,1966,46811930000,
Developing countries (OECD),,1967,46603424000,
Developing countries (OECD),,1968,41057050000,
Developing countries (OECD),,1969,39759057000,
Developing countries (OECD),,1970,43122782000,
Developing countries (OECD),,1971,45975660000,
Developing countries (OECD),,1972,44528570000,
Developing countries (OECD),,1973,51333628000,
Developing countries (OECD),,1974,62612910000,
Developing countries (OECD),,1975,71121460000,
Developing countries (OECD),,1976,66515595000,
Developing countries (OECD),,1977,63996120000,
Developing countries (OECD),,1978,74673380000,
Developing countries (OECD),,1979,74831405000,
Developing countries (OECD),,1980,82430960000,
Developing countries (OECD),,1981,81531250000,
Developing countries (OECD),,1982,75944830000,
Developing countries (OECD),,1983,73123280000,
Developing countries (OECD),,1984,77399580000,
Developing countries (OECD),,1985,81745850000,
Developing countries (OECD),,1986,78851430000,
Developing countries (OECD),,1987,75331710000,
Developing countries (OECD),,1988,74661790000,
Developing countries (OECD),,1989,76851440000,
Developing countries (OECD),,1990,88172040000,
Developing countries (OECD),,1991,89738140000,
Developing countries (OECD),,1992,83249740000,
Developing countries (OECD),,1993,79026400000,
Developing countries (OECD),,1994,80821270000,
Developing countries (OECD),,1995,70773840000,
Developing countries (OECD),,1996,70920000000,
Developing countries (OECD),,1997,66412060000,
Developing countries (OECD),,1998,70905960000,
Developing countries (OECD),,1999,71627640000,
Developing countries (OECD),,2000,71175954000,
Developing countries (OECD),,2001,78508490000,
Developing countries (OECD),,2002,90539850000,
Developing countries (OECD),,2003,93254386000,
Developing countries (OECD),,2004,96527340000,
Developing countries (OECD),,2005,127541960000,
Developing countries (OECD),,2006,121867076000,
Developing countries (OECD),,2007,105916470000,
Developing countries (OECD),,2008,121455290000,
Developing countries (OECD),,2009,121697160000,
Developing countries (OECD),,2010,135096450000,
Developing countries (OECD),,2011,137613460000,
Developing countries (OECD),,2012,134748800000,
Developing countries (OECD),,2013,149544010000,
Developing countries (OECD),,2014,159676630000,
Developing countries (OECD),,2015,160070480000,
Developing countries (OECD),,2016,173403590000,
Developing countries (OECD),,2017,176712220000,
Developing countries (OECD),,2018,173574720000,
Developing countries (OECD),,2019,172254100000,
Developing countries (OECD),,2020,199537330000,
Developing countries (OECD),,2021,198539020000,
Developing countries (OECD),,2022,245603060000,
"Developing countries, unspecified (OECD)",,1960,1154760100,
"Developing countries, unspecified (OECD)",,1961,1581569900,
"Developing countries, unspecified (OECD)",,1962,1914990000,
"Developing countries, unspecified (OECD)",,1963,2083669900,
"Developing countries, unspecified (OECD)",,1964,1140920000,
"Developing countries, unspecified (OECD)",,1965,1455070000,
"Developing countries, unspecified (OECD)",,1966,1047099970,
"Developing countries, unspecified (OECD)",,1967,1100240000,
"Developing countries, unspecified (OECD)",,1968,1182380000,
"Developing countries, unspecified (OECD)",,1969,1603630000,
"Developing countries, unspecified (OECD)",,1970,2261300000,
"Developing countries, unspecified (OECD)",,1971,3357010000,
"Developing countries, unspecified (OECD)",,1972,4170440000,
"Developing countries, unspecified (OECD)",,1973,6628520000,
"Developing countries, unspecified (OECD)",,1974,7555340000,
"Developing countries, unspecified (OECD)",,1975,6605319700,
"Developing countries, unspecified (OECD)",,1976,5059320000,
"Developing countries, unspecified (OECD)",,1977,4365470000,
"Developing countries, unspecified (OECD)",,1978,14072509000,
"Developing countries, unspecified (OECD)",,1979,9619469000,
"Developing countries, unspecified (OECD)",,1980,12244000000,
"Developing countries, unspecified (OECD)",,1981,11755230000,
"Developing countries, unspecified (OECD)",,1982,8202889700,
"Developing countries, unspecified (OECD)",,1983,8469730300,
"Developing countries, unspecified (OECD)",,1984,8294390000,
"Developing countries, unspecified (OECD)",,1985,9163740000,
"Developing countries, unspecified (OECD)",,1986,7500620300,
"Developing countries, unspecified (OECD)",,1987,9196849000,
"Developing countries, unspecified (OECD)",,1988,11824800000,
"Developing countries, unspecified (OECD)",,1989,11204990000,
"Developing countries, unspecified (OECD)",,1990,9397470000,
"Developing countries, unspecified (OECD)",,1991,9677500000,
"Developing countries, unspecified (OECD)",,1992,10379340000,
"Developing countries, unspecified (OECD)",,1993,10328460000,
"Developing countries, unspecified (OECD)",,1994,8689210000,
"Developing countries, unspecified (OECD)",,1995,10814071000,
"Developing countries, unspecified (OECD)",,1996,8048550000,
"Developing countries, unspecified (OECD)",,1997,10788981000,
"Developing countries, unspecified (OECD)",,1998,11723070000,
"Developing countries, unspecified (OECD)",,1999,11355920000,
"Developing countries, unspecified (OECD)",,2000,13557340000,
"Developing countries, unspecified (OECD)",,2001,13232190000,
"Developing countries, unspecified (OECD)",,2002,16130880000,
"Developing countries, unspecified (OECD)",,2003,17419080000,
"Developing countries, unspecified (OECD)",,2004,19029109000,
"Developing countries, unspecified (OECD)",,2005,17171789000,
"Developing countries, unspecified (OECD)",,2006,18697410000,
"Developing countries, unspecified (OECD)",,2007,20625099000,
"Developing countries, unspecified (OECD)",,2008,22791440000,
"Developing countries, unspecified (OECD)",,2009,26305090000,
"Developing countries, unspecified (OECD)",,2010,29599650000,
"Developing countries, unspecified (OECD)",,2011,29062200000,
"Developing countries, unspecified (OECD)",,2012,28669020000,
"Developing countries, unspecified (OECD)",,2013,30106980000,
"Developing countries, unspecified (OECD)",,2014,33475660000,
"Developing countries, unspecified (OECD)",,2015,41223897000,
"Developing countries, unspecified (OECD)",,2016,48275943000,
"Developing countries, unspecified (OECD)",,2017,46448230000,
"Developing countries, unspecified (OECD)",,2018,44410680000,
"Developing countries, unspecified (OECD)",,2019,44744750000,
"Developing countries, unspecified (OECD)",,2020,45554890000,
"Developing countries, unspecified (OECD)",,2021,49648830000,
"Developing countries, unspecified (OECD)",,2022,78198350000,
Djibouti,DJI,1966,45030000,
Djibouti,DJI,1967,65940004,
Djibouti,DJI,1968,63280000,
Djibouti,DJI,1969,67310000,
Djibouti,DJI,1970,76600000,
Djibouti,DJI,1971,64640000,
Djibouti,DJI,1972,69470000,
Djibouti,DJI,1973,82730000,
Djibouti,DJI,1974,119650000,
Djibouti,DJI,1975,110720000,
Djibouti,DJI,1976,90920000,
Djibouti,DJI,1977,147140000,
Djibouti,DJI,1978,302540000,
Djibouti,DJI,1979,54260000,
Djibouti,DJI,1980,166480000,
Djibouti,DJI,1981,156080000,
Djibouti,DJI,1982,146380000,
Djibouti,DJI,1983,168200000,
Djibouti,DJI,1984,272670000,
Djibouti,DJI,1985,216350000,
Djibouti,DJI,1986,239230000,
Djibouti,DJI,1987,185310000,
Djibouti,DJI,1988,153290000,
Djibouti,DJI,1989,125870000,
Djibouti,DJI,1990,306340000,
Djibouti,DJI,1991,146970000,
Djibouti,DJI,1992,145700000,
Djibouti,DJI,1993,191160000,
Djibouti,DJI,1994,165120000,
Djibouti,DJI,1995,112160000,
Djibouti,DJI,1996,110480000,
Djibouti,DJI,1997,110070000,
Djibouti,DJI,1998,102700000,
Djibouti,DJI,1999,99500000,
Djibouti,DJI,2000,99880000,
Djibouti,DJI,2001,91660000,
Djibouti,DJI,2002,107160000,
Djibouti,DJI,2003,98710000,
Djibouti,DJI,2004,73320000,
Djibouti,DJI,2005,83300000,
Djibouti,DJI,2006,125370000,
Djibouti,DJI,2007,102000000,
Djibouti,DJI,2008,127060000,
Djibouti,DJI,2009,146440000,
Djibouti,DJI,2010,120830000,
Djibouti,DJI,2011,130780000,
Djibouti,DJI,2012,138540000,
Djibouti,DJI,2013,142680000,
Djibouti,DJI,2014,155070000,
Djibouti,DJI,2015,184250000,
Djibouti,DJI,2016,199680000,
Djibouti,DJI,2017,148370000,
Djibouti,DJI,2018,179860000,
Djibouti,DJI,2019,266630000,
Djibouti,DJI,2020,259510020,
Djibouti,DJI,2021,169870000,
Djibouti,DJI,2022,59100000,
Dominica,DMA,1973,430000,
Dominica,DMA,1974,17900000,
Dominica,DMA,1975,32790000,
Dominica,DMA,1976,18180000,
Dominica,DMA,1977,19560000,
Dominica,DMA,1978,24840000,
Dominica,DMA,1979,26270000,
Dominica,DMA,1980,42630000,
Dominica,DMA,1981,37860000,
Dominica,DMA,1982,42780000,
Dominica,DMA,1983,26140000,
Dominica,DMA,1984,40670000,
Dominica,DMA,1985,45540000,
Dominica,DMA,1986,26690000,
Dominica,DMA,1987,30160000,
Dominica,DMA,1988,32369998,
Dominica,DMA,1989,41420000,
Dominica,DMA,1990,29190000,
Dominica,DMA,1991,25960000,
Dominica,DMA,1992,17320000,
Dominica,DMA,1993,13460000,
Dominica,DMA,1994,25780000,
Dominica,DMA,1995,27280000,
Dominica,DMA,1996,52880000,
Dominica,DMA,1997,17560000,
Dominica,DMA,1998,26680000,
Dominica,DMA,1999,11460000,
Dominica,DMA,2000,19790000,
Dominica,DMA,2001,28500000,
Dominica,DMA,2002,37780000,
Dominica,DMA,2003,13370000,
Dominica,DMA,2004,30390000,
Dominica,DMA,2005,24540000,
Dominica,DMA,2006,21510000,
Dominica,DMA,2007,17730000,
Dominica,DMA,2008,19130000,
Dominica,DMA,2009,33270000,
Dominica,DMA,2010,30820000,
Dominica,DMA,2011,21160000,
Dominica,DMA,2012,24220000,
Dominica,DMA,2013,18280000,
Dominica,DMA,2014,14740000,
Dominica,DMA,2015,12690000,
Dominica,DMA,2016,8590000,
Dominica,DMA,2017,20830000,
Dominica,DMA,2018,28180000,
Dominica,DMA,2019,54430000,
Dominica,DMA,2020,66269996,
Dominica,DMA,2021,76490000,
Dominica,DMA,2022,59520000,
Dominican Republic,DOM,1960,1520000,
Dominican Republic,DOM,1961,1240000,
Dominican Republic,DOM,1962,164460000,
Dominican Republic,DOM,1963,349230000,
Dominican Republic,DOM,1964,170550000,
Dominican Republic,DOM,1965,562770050,
Dominican Republic,DOM,1966,362700000,
Dominican Republic,DOM,1967,394170020,
Dominican Republic,DOM,1968,279309980,
Dominican Republic,DOM,1969,212640000,
Dominican Republic,DOM,1970,207630000,
Dominican Republic,DOM,1971,137150000,
Dominican Republic,DOM,1972,131429990,
Dominican Republic,DOM,1973,97740000,
Dominican Republic,DOM,1974,72920000,
Dominican Republic,DOM,1975,83120000,
Dominican Republic,DOM,1976,94490000,
Dominican Republic,DOM,1977,53940000,
Dominican Republic,DOM,1978,63000000,
Dominican Republic,DOM,1979,138730000,
Dominican Republic,DOM,1980,187610000,
Dominican Republic,DOM,1981,161620000,
Dominican Republic,DOM,1982,251170000,
Dominican Republic,DOM,1983,154530000,
Dominican Republic,DOM,1984,357570020,
Dominican Republic,DOM,1985,392470000,
Dominican Republic,DOM,1986,145090000,
Dominican Republic,DOM,1987,220050000,
Dominican Republic,DOM,1988,192120000,
Dominican Republic,DOM,1989,230110000,
Dominican Republic,DOM,1990,140420000,
Dominican Republic,DOM,1991,112990000,
Dominican Republic,DOM,1992,101590000,
Dominican Republic,DOM,1993,-33500000,
Dominican Republic,DOM,1994,78960000,
Dominican Republic,DOM,1995,95270000,
Dominican Republic,DOM,1996,97730000,
Dominican Republic,DOM,1997,78080000,
Dominican Republic,DOM,1998,145520000,
Dominican Republic,DOM,1999,249600000,
Dominican Republic,DOM,2000,73750000,
Dominican Republic,DOM,2001,160530000,
Dominican Republic,DOM,2002,216730000,
Dominican Republic,DOM,2003,95360000,
Dominican Republic,DOM,2004,111790000,
Dominican Republic,DOM,2005,113220000,
Dominican Republic,DOM,2006,100650000,
Dominican Republic,DOM,2007,146870000,
Dominican Republic,DOM,2008,174810000,
Dominican Republic,DOM,2009,139120000,
Dominican Republic,DOM,2010,199130000,
Dominican Republic,DOM,2011,228010000,
Dominican Republic,DOM,2012,265340000,
Dominican Republic,DOM,2013,148020000,
Dominican Republic,DOM,2014,161680000,
Dominican Republic,DOM,2015,297750000,
Dominican Republic,DOM,2016,193610000,
Dominican Republic,DOM,2017,130590000,
Dominican Republic,DOM,2018,99170000,
Dominican Republic,DOM,2019,139210000,
Dominican Republic,DOM,2020,370120000,
Dominican Republic,DOM,2021,422900000,
Dominican Republic,DOM,2022,367000000,
East African Community,,1966,135200000,
East African Community,,1967,90240000,
East African Community,,1968,-190000,
East African Community,,1969,21850000,
East African Community,,1970,22920000,
East African Community,,1971,112830000,
East African Community,,1972,62820000,
East African Community,,1973,59860000,
East African Community,,1974,71930000,
East African Community,,1975,88890000,
East African Community,,1976,65640000,
East African Community,,1977,21530000,
East African Community,,1978,35000000,
East African Community,,1979,8770000,
East African Community,,1980,11070000,
East African Community,,1981,10060000,
East African Community,,1982,9380000,
East African Community,,1983,12630000,
East African Community,,1984,6990000,
East African Community,,1985,29730000,
East African Community,,1986,4230000,
East African Community,,1987,2350000,
East African Community,,1988,1290000,
East African Community,,1992,-360000,
East Timor,TLS,1961,19510000,
East Timor,TLS,1967,3220000,
East Timor,TLS,1974,30000,
East Timor,TLS,1975,960000,
East Timor,TLS,1976,1770000,
East Timor,TLS,1978,40000,
East Timor,TLS,1979,1060000,
East Timor,TLS,1980,860000,
East Timor,TLS,1981,640000,
East Timor,TLS,1982,570000,
East Timor,TLS,1983,1080000,
East Timor,TLS,1986,640000,
East Timor,TLS,1988,40000,
East Timor,TLS,1990,160000,
East Timor,TLS,1991,1240000,
East Timor,TLS,1992,200000,
East Timor,TLS,1993,660000,
East Timor,TLS,1994,310000,
East Timor,TLS,1995,20000,
East Timor,TLS,1996,120000,
East Timor,TLS,1997,690000,
East Timor,TLS,1998,2490000,
East Timor,TLS,1999,285869980,
East Timor,TLS,2000,420440000,
East Timor,TLS,2001,359010020,
East Timor,TLS,2002,375720000,
East Timor,TLS,2003,252210000,
East Timor,TLS,2004,213450000,
East Timor,TLS,2005,223060000,
East Timor,TLS,2006,251100000,
East Timor,TLS,2007,303500000,
East Timor,TLS,2008,276640000,
East Timor,TLS,2009,229670000,
East Timor,TLS,2010,291130020,
East Timor,TLS,2011,254940000,
East Timor,TLS,2012,266269980,
East Timor,TLS,2013,244760000,
East Timor,TLS,2014,245200000,
East Timor,TLS,2015,236380000,
East Timor,TLS,2016,241180000,
East Timor,TLS,2017,245440000,
East Timor,TLS,2018,213380000,
East Timor,TLS,2019,237120000,
East Timor,TLS,2020,264140020,
East Timor,TLS,2021,247680000,
East Timor,TLS,2022,223360000,
Eastern Africa (OECD),,1960,1412110000,
Eastern Africa (OECD),,1961,2122810100,
Eastern Africa (OECD),,1962,2153250000,
Eastern Africa (OECD),,1963,2157530000,
Eastern Africa (OECD),,1964,2636370200,
Eastern Africa (OECD),,1965,2633630000,
Eastern Africa (OECD),,1966,3061920000,
Eastern Africa (OECD),,1967,2886260000,
Eastern Africa (OECD),,1968,3151990000,
Eastern Africa (OECD),,1969,2548240000,
Eastern Africa (OECD),,1970,2709520100,
Eastern Africa (OECD),,1971,2894020000,
Eastern Africa (OECD),,1972,3100510000,
Eastern Africa (OECD),,1973,3140129800,
Eastern Africa (OECD),,1974,4683870000,
Eastern Africa (OECD),,1975,6009160000,
Eastern Africa (OECD),,1976,5356650000,
Eastern Africa (OECD),,1977,6018600000,
Eastern Africa (OECD),,1978,7102200300,
Eastern Africa (OECD),,1979,8369990000,
Eastern Africa (OECD),,1980,9630790000,
Eastern Africa (OECD),,1981,9992679000,
Eastern Africa (OECD),,1982,11143260000,
Eastern Africa (OECD),,1983,10986129000,
Eastern Africa (OECD),,1984,11269259000,
Eastern Africa (OECD),,1985,13436970000,
Eastern Africa (OECD),,1986,12370099000,
Eastern Africa (OECD),,1987,12223400000,
Eastern Africa (OECD),,1988,13102380000,
Eastern Africa (OECD),,1989,12547231000,
Eastern Africa (OECD),,1990,13996911000,
Eastern Africa (OECD),,1991,13445769000,
Eastern Africa (OECD),,1992,14894060000,
Eastern Africa (OECD),,1993,13799930000,
Eastern Africa (OECD),,1994,13097309000,
Eastern Africa (OECD),,1995,12039661000,
Eastern Africa (OECD),,1996,9174140000,
Eastern Africa (OECD),,1997,9640969000,
Eastern Africa (OECD),,1998,9342380000,
Eastern Africa (OECD),,1999,9031570000,
Eastern Africa (OECD),,2000,10480130000,
Eastern Africa (OECD),,2001,11608611000,
Eastern Africa (OECD),,2002,13974350000,
Eastern Africa (OECD),,2003,13248690000,
Eastern Africa (OECD),,2004,15143580000,
Eastern Africa (OECD),,2005,16050890000,
Eastern Africa (OECD),,2006,17752381000,
Eastern Africa (OECD),,2007,16513860000,
Eastern Africa (OECD),,2008,18320670000,
Eastern Africa (OECD),,2009,19778030000,
Eastern Africa (OECD),,2010,21376150000,
Eastern Africa (OECD),,2011,20899350000,
Eastern Africa (OECD),,2012,22106790000,
Eastern Africa (OECD),,2013,24751190000,
Eastern Africa (OECD),,2014,22070180000,
Eastern Africa (OECD),,2015,22916130000,
Eastern Africa (OECD),,2016,23711510000,
Eastern Africa (OECD),,2017,26285830000,
Eastern Africa (OECD),,2018,24945801000,
Eastern Africa (OECD),,2019,26605980000,
Eastern Africa (OECD),,2020,33681750000,
Eastern Africa (OECD),,2021,29844650000,
Eastern Africa (OECD),,2022,27922600000,
Ecuador,ECU,1960,51620000,
Ecuador,ECU,1961,89220000,
Ecuador,ECU,1962,100600000,
Ecuador,ECU,1963,122600000,
Ecuador,ECU,1964,138090000,
Ecuador,ECU,1965,153600000,
Ecuador,ECU,1966,175870000,
Ecuador,ECU,1967,184800000,
Ecuador,ECU,1968,150420000,
Ecuador,ECU,1969,110790000,
Ecuador,ECU,1970,127100000,
Ecuador,ECU,1971,130860000,
Ecuador,ECU,1972,109600000,
Ecuador,ECU,1973,146490000,
Ecuador,ECU,1974,126070000,
Ecuador,ECU,1975,150430000,
Ecuador,ECU,1976,178160000,
Ecuador,ECU,1977,113110000,
Ecuador,ECU,1978,84800000,
Ecuador,ECU,1979,130840000,
Ecuador,ECU,1980,73590000,
Ecuador,ECU,1981,87650000,
Ecuador,ECU,1982,105970000,
Ecuador,ECU,1983,129950000,
Ecuador,ECU,1984,186060000,
Ecuador,ECU,1985,204240000,
Ecuador,ECU,1986,212520000,
Ecuador,ECU,1987,343480000,
Ecuador,ECU,1988,267100000,
Ecuador,ECU,1989,233410000,
Ecuador,ECU,1990,224630000,
Ecuador,ECU,1991,293440000,
Ecuador,ECU,1992,299589980,
Ecuador,ECU,1993,267049980,
Ecuador,ECU,1994,264630000,
Ecuador,ECU,1995,224330000,
Ecuador,ECU,1996,289460000,
Ecuador,ECU,1997,215990000,
Ecuador,ECU,1998,240830000,
Ecuador,ECU,1999,215420000,
Ecuador,ECU,2000,242360000,
Ecuador,ECU,2001,273800000,
Ecuador,ECU,2002,353230000,
Ecuador,ECU,2003,282730020,
Ecuador,ECU,2004,246960000,
Ecuador,ECU,2005,315040000,
Ecuador,ECU,2006,257700020,
Ecuador,ECU,2007,243040000,
Ecuador,ECU,2008,248600000,
Ecuador,ECU,2009,236740000,
Ecuador,ECU,2010,173890000,
Ecuador,ECU,2011,184930000,
Ecuador,ECU,2012,156910000,
Ecuador,ECU,2013,150810000,
Ecuador,ECU,2014,163400000,
Ecuador,ECU,2015,345160000,
Ecuador,ECU,2016,260250000,
Ecuador,ECU,2017,219660000,
Ecuador,ECU,2018,401910000,
Ecuador,ECU,2019,521560000,
Ecuador,ECU,2020,346740000,
Ecuador,ECU,2021,290770000,
Ecuador,ECU,2022,376180000,
Egypt,EGY,1960,1633690000,
Egypt,EGY,1961,893419970,
Egypt,EGY,1962,1400790000,
Egypt,EGY,1963,1558970000,
Egypt,EGY,1964,1742860000,
Egypt,EGY,1965,908480000,
Egypt,EGY,1966,693099970,
Egypt,EGY,1967,230990000,
Egypt,EGY,1968,219320000,
Egypt,EGY,1969,63750000,
Egypt,EGY,1970,1157830000,
Egypt,EGY,1971,854750000,
Egypt,EGY,1972,781320000,
Egypt,EGY,1973,4264629800,
Egypt,EGY,1974,5994120000,
Egypt,EGY,1975,9673180000,
Egypt,EGY,1976,9104309000,
Egypt,EGY,1977,9166769000,
Egypt,EGY,1978,8293309400,
Egypt,EGY,1979,4389880000,
Egypt,EGY,1980,3734750000,
Egypt,EGY,1981,3415860200,
Egypt,EGY,1982,3749140000,
Egypt,EGY,1983,3669020000,
Egypt,EGY,1984,4413470000,
Egypt,EGY,1985,4288270000,
Egypt,EGY,1986,3629450000,
Egypt,EGY,1987,3504460000,
Egypt,EGY,1988,2790639900,
Egypt,EGY,1989,3101950000,
Egypt,EGY,1990,10301520000,
Egypt,EGY,1991,8982200000,
Egypt,EGY,1992,5887350300,
Egypt,EGY,1993,3772919800,
Egypt,EGY,1994,3951980000,
Egypt,EGY,1995,2701570000,
Egypt,EGY,1996,3034930000,
Egypt,EGY,1997,2885350100,
Egypt,EGY,1998,2964680000,
Egypt,EGY,1999,2399000000,
Egypt,EGY,2000,2137220000,
Egypt,EGY,2001,2057100200,
Egypt,EGY,2002,2024000000,
Egypt,EGY,2003,1416920000,
Egypt,EGY,2004,1943910000,
Egypt,EGY,2005,1332010000,
Egypt,EGY,2006,1066390000,
Egypt,EGY,2007,1352860000,
Egypt,EGY,2008,1849750000,
Egypt,EGY,2009,1021880000,
Egypt,EGY,2010,610160000,
Egypt,EGY,2011,385470000,
Egypt,EGY,2012,1593660000,
Egypt,EGY,2013,5307850000,
Egypt,EGY,2014,3455139800,
Egypt,EGY,2015,2829930000,
Egypt,EGY,2016,2791410000,
Egypt,EGY,2017,105890000,
Egypt,EGY,2018,2097500000,
Egypt,EGY,2019,1733189900,
Egypt,EGY,2020,1533430000,
Egypt,EGY,2021,7585570000,
Egypt,EGY,2022,5817330000,
El Salvador,SLV,1960,10510000,
El Salvador,SLV,1961,63750000,
El Salvador,SLV,1962,48910000,
El Salvador,SLV,1963,87000000,
El Salvador,SLV,1964,92550000,
El Salvador,SLV,1965,104270000,
El Salvador,SLV,1966,146340000,
El Salvador,SLV,1967,98880000,
El Salvador,SLV,1968,71520000,
El Salvador,SLV,1969,80240000,
El Salvador,SLV,1970,84910000,
El Salvador,SLV,1971,61240000,
El Salvador,SLV,1972,86850000,
El Salvador,SLV,1973,62020000,
El Salvador,SLV,1974,43310000,
El Salvador,SLV,1975,67860000,
El Salvador,SLV,1976,65710000,
El Salvador,SLV,1977,85280000,
El Salvador,SLV,1978,92130000,
El Salvador,SLV,1979,97480000,
El Salvador,SLV,1980,228670000,
El Salvador,SLV,1981,319210000,
El Salvador,SLV,1982,483709980,
El Salvador,SLV,1983,623229950,
El Salvador,SLV,1984,576780000,
El Salvador,SLV,1985,779620000,
El Salvador,SLV,1986,747160000,
El Salvador,SLV,1987,911480000,
El Salvador,SLV,1988,819380030,
El Salvador,SLV,1989,767060000,
El Salvador,SLV,1990,611480000,
El Salvador,SLV,1991,480900000,
El Salvador,SLV,1992,618469950,
El Salvador,SLV,1993,573050000,
El Salvador,SLV,1994,429860000,
El Salvador,SLV,1995,376930000,
El Salvador,SLV,1996,348980000,
El Salvador,SLV,1997,366720000,
El Salvador,SLV,1998,261540020,
El Salvador,SLV,1999,269250000,
El Salvador,SLV,2000,259620000,
El Salvador,SLV,2001,378790000,
El Salvador,SLV,2002,370230000,
El Salvador,SLV,2003,284230000,
El Salvador,SLV,2004,315450020,
El Salvador,SLV,2005,256850000,
El Salvador,SLV,2006,194790000,
El Salvador,SLV,2007,130289990,
El Salvador,SLV,2008,234430000,
El Salvador,SLV,2009,304340000,
El Salvador,SLV,2010,336860000,
El Salvador,SLV,2011,335149980,
El Salvador,SLV,2012,260070000,
El Salvador,SLV,2013,173240000,
El Salvador,SLV,2014,104020000,
El Salvador,SLV,2015,103530000,
El Salvador,SLV,2016,148550000,
El Salvador,SLV,2017,169670000,
El Salvador,SLV,2018,271690020,
El Salvador,SLV,2019,331610000,
El Salvador,SLV,2020,356340000,
El Salvador,SLV,2021,209390000,
El Salvador,SLV,2022,707979970,
Equatorial Guinea,GNQ,1973,4860000,
Equatorial Guinea,GNQ,1974,69440000,
Equatorial Guinea,GNQ,1975,8410000,
Equatorial Guinea,GNQ,1976,1570000,
Equatorial Guinea,GNQ,1977,2890000,
Equatorial Guinea,GNQ,1978,1780000,
Equatorial Guinea,GNQ,1979,7030000,
Equatorial Guinea,GNQ,1980,22020000,
Equatorial Guinea,GNQ,1981,26300000,
Equatorial Guinea,GNQ,1982,37730000,
Equatorial Guinea,GNQ,1983,29020000,
Equatorial Guinea,GNQ,1984,40550000,
Equatorial Guinea,GNQ,1985,45510000,
Equatorial Guinea,GNQ,1986,42760000,
Equatorial Guinea,GNQ,1987,100090000,
Equatorial Guinea,GNQ,1988,80760000,
Equatorial Guinea,GNQ,1989,98640000,
Equatorial Guinea,GNQ,1990,88640000,
Equatorial Guinea,GNQ,1991,90060000,
Equatorial Guinea,GNQ,1992,82200000,
Equatorial Guinea,GNQ,1993,75840000,
Equatorial Guinea,GNQ,1994,41430000,
Equatorial Guinea,GNQ,1995,42130000,
Equatorial Guinea,GNQ,1996,40040000,
Equatorial Guinea,GNQ,1997,34930000,
Equatorial Guinea,GNQ,1998,32630002,
Equatorial Guinea,GNQ,1999,29880000,
Equatorial Guinea,GNQ,2000,35280000,
Equatorial Guinea,GNQ,2001,22620000,
Equatorial Guinea,GNQ,2002,30900000,
Equatorial Guinea,GNQ,2003,26470000,
Equatorial Guinea,GNQ,2004,32590000,
Equatorial Guinea,GNQ,2005,41740000,
Equatorial Guinea,GNQ,2006,27350000,
Equatorial Guinea,GNQ,2007,31050000,
Equatorial Guinea,GNQ,2008,30200000,
Equatorial Guinea,GNQ,2009,30320000,
Equatorial Guinea,GNQ,2010,79270000,
Equatorial Guinea,GNQ,2011,21700000,
Equatorial Guinea,GNQ,2012,13630000,
Equatorial Guinea,GNQ,2013,4100000,
Equatorial Guinea,GNQ,2014,70000,
Equatorial Guinea,GNQ,2015,8080000,
Equatorial Guinea,GNQ,2016,7630000,
Equatorial Guinea,GNQ,2017,7490000,
Equatorial Guinea,GNQ,2018,6820000,
Equatorial Guinea,GNQ,2019,66309996,
Equatorial Guinea,GNQ,2020,6040000,
Equatorial Guinea,GNQ,2021,12100000,
Equatorial Guinea,GNQ,2022,11180000,
Eritrea,ERI,1971,180000,
Eritrea,ERI,1973,2980000,
Eritrea,ERI,1974,9400000,
Eritrea,ERI,1975,6250000,
Eritrea,ERI,1977,7290000,
Eritrea,ERI,1978,14830000,
Eritrea,ERI,1979,10880000,
Eritrea,ERI,1980,11350000,
Eritrea,ERI,1981,13900000,
Eritrea,ERI,1982,11450000,
Eritrea,ERI,1983,11430000,
Eritrea,ERI,1984,11630000,
Eritrea,ERI,1986,2120000,
Eritrea,ERI,1987,3660000,
Eritrea,ERI,1988,3400000,
Eritrea,ERI,1990,6920000,
Eritrea,ERI,1992,1400000,
Eritrea,ERI,1993,111420000,
Eritrea,ERI,1994,234640000,
Eritrea,ERI,1995,207880000,
Eritrea,ERI,1996,223970000,
Eritrea,ERI,1997,179120000,
Eritrea,ERI,1998,244590000,
Eritrea,ERI,1999,226300000,
Eritrea,ERI,2000,287810000,
Eritrea,ERI,2001,459549980,
Eritrea,ERI,2002,353460000,
Eritrea,ERI,2003,442800000,
Eritrea,ERI,2004,350600000,
Eritrea,ERI,2005,448230000,
Eritrea,ERI,2006,143500000,
Eritrea,ERI,2007,129920000,
Eritrea,ERI,2008,112800000,
Eritrea,ERI,2009,141570000,
Eritrea,ERI,2010,167800000,
Eritrea,ERI,2011,122610000,
Eritrea,ERI,2012,135030000,
Eritrea,ERI,2013,78390000,
Eritrea,ERI,2014,81580000,
Eritrea,ERI,2015,103010000,
Eritrea,ERI,2016,73900000,
Eritrea,ERI,2017,84700000,
Eritrea,ERI,2018,86890000,
Eritrea,ERI,2019,279860000,
Eritrea,ERI,2020,62260000,
Eritrea,ERI,2021,41850000,
Eritrea,ERI,2022,62090000,
Eswatini,SWZ,1960,89870000,
Eswatini,SWZ,1961,116890000,
Eswatini,SWZ,1962,63540000,
Eswatini,SWZ,1963,61230000,
Eswatini,SWZ,1964,119480000,
Eswatini,SWZ,1965,134800000,
Eswatini,SWZ,1966,88840000,
Eswatini,SWZ,1967,78740000,
Eswatini,SWZ,1968,70730000,
Eswatini,SWZ,1969,82770000,
Eswatini,SWZ,1970,43480000,
Eswatini,SWZ,1971,11360000,
Eswatini,SWZ,1972,50920000,
Eswatini,SWZ,1973,56820000,
Eswatini,SWZ,1974,69470000,
Eswatini,SWZ,1975,55600000,
Eswatini,SWZ,1976,51500000,
Eswatini,SWZ,1977,108220000,
Eswatini,SWZ,1978,134480000,
Eswatini,SWZ,1979,129660000,
Eswatini,SWZ,1980,118880000,
Eswatini,SWZ,1981,86060000,
Eswatini,SWZ,1982,67250000,
Eswatini,SWZ,1983,84570000,
Eswatini,SWZ,1984,77770000,
Eswatini,SWZ,1985,62170000,
Eswatini,SWZ,1986,73320000,
Eswatini,SWZ,1987,88100000,
Eswatini,SWZ,1988,72390000,
Eswatini,SWZ,1989,59010000,
Eswatini,SWZ,1990,89200000,
Eswatini,SWZ,1991,83990000,
Eswatini,SWZ,1992,83790000,
Eswatini,SWZ,1993,83880000,
Eswatini,SWZ,1994,79820000,
Eswatini,SWZ,1995,75660000,
Eswatini,SWZ,1996,41520000,
Eswatini,SWZ,1997,35900000,
Eswatini,SWZ,1998,48660000,
Eswatini,SWZ,1999,38730000,
Eswatini,SWZ,2000,16980000,
Eswatini,SWZ,2001,44040000,
Eswatini,SWZ,2002,31260000,
Eswatini,SWZ,2003,42190000,
Eswatini,SWZ,2004,24060000,
Eswatini,SWZ,2005,48840000,
Eswatini,SWZ,2006,36670000,
Eswatini,SWZ,2007,52540000,
Eswatini,SWZ,2008,71680000,
Eswatini,SWZ,2009,61720000,
Eswatini,SWZ,2010,98340000,
Eswatini,SWZ,2011,129130010,
Eswatini,SWZ,2012,100900000,
Eswatini,SWZ,2013,124150000,
Eswatini,SWZ,2014,94030000,
Eswatini,SWZ,2015,105650000,
Eswatini,SWZ,2016,168340000,
Eswatini,SWZ,2017,165080000,
Eswatini,SWZ,2018,131390000,
Eswatini,SWZ,2019,77020000,
Eswatini,SWZ,2020,112340000,
Eswatini,SWZ,2021,125430000,
Eswatini,SWZ,2022,96620000,
Ethiopia,ETH,1960,144950000,
Ethiopia,ETH,1961,181410000,
Ethiopia,ETH,1962,205640000,
Ethiopia,ETH,1963,189430000,
Ethiopia,ETH,1964,120620000,
Ethiopia,ETH,1965,153280000,
Ethiopia,ETH,1966,179530000,
Ethiopia,ETH,1967,187480000,
Ethiopia,ETH,1968,288190000,
Ethiopia,ETH,1969,242780000,
Ethiopia,ETH,1970,261690000,
Ethiopia,ETH,1971,273549980,
Ethiopia,ETH,1972,255150000,
Ethiopia,ETH,1973,321020000,
Ethiopia,ETH,1974,524650020,
Ethiopia,ETH,1975,506580000,
Ethiopia,ETH,1976,529650020,
Ethiopia,ETH,1977,377230000,
Ethiopia,ETH,1978,413360000,
Ethiopia,ETH,1979,497560000,
Ethiopia,ETH,1980,501140000,
Ethiopia,ETH,1981,625669950,
Ethiopia,ETH,1982,522060000,
Ethiopia,ETH,1983,896349950,
Ethiopia,ETH,1984,1019150000,
Ethiopia,ETH,1985,1967900000,
Ethiopia,ETH,1986,1408370000,
Ethiopia,ETH,1987,1174250000,
Ethiopia,ETH,1988,1708780000,
Ethiopia,ETH,1989,1269480000,
Ethiopia,ETH,1990,1550449900,
Ethiopia,ETH,1991,1659240000,
Ethiopia,ETH,1992,1662250000,
Ethiopia,ETH,1993,1605250000,
Ethiopia,ETH,1994,1543910000,
Ethiopia,ETH,1995,1143990000,
Ethiopia,ETH,1996,1078190000,
Ethiopia,ETH,1997,840469950,
Ethiopia,ETH,1998,975160000,
Ethiopia,ETH,1999,946669950,
Ethiopia,ETH,2000,1074699900,
Ethiopia,ETH,2001,1715560100,
Ethiopia,ETH,2002,1991500000,
Ethiopia,ETH,2003,2250340000,
Ethiopia,ETH,2004,2303380000,
Ethiopia,ETH,2005,2412030000,
Ethiopia,ETH,2006,2351100200,
Ethiopia,ETH,2007,2362479900,
Ethiopia,ETH,2008,2952050200,
Ethiopia,ETH,2009,3031830000,
Ethiopia,ETH,2010,3751649800,
Ethiopia,ETH,2011,3546679800,
Ethiopia,ETH,2012,3368260000,
Ethiopia,ETH,2013,3956210000,
Ethiopia,ETH,2014,3611660000,
Ethiopia,ETH,2015,3578830000,
Ethiopia,ETH,2016,4575270000,
Ethiopia,ETH,2017,4562819600,
Ethiopia,ETH,2018,5197770000,
Ethiopia,ETH,2019,5012670000,
Ethiopia,ETH,2020,5504580000,
Ethiopia,ETH,2021,4054130000,
Ethiopia,ETH,2022,4928870000,
Europe (OECD),,1960,3053990000,
Europe (OECD),,1961,4588430300,
Europe (OECD),,1962,3611939800,
Europe (OECD),,1963,3492719900,
Europe (OECD),,1964,2558520000,
Europe (OECD),,1965,2737800000,
Europe (OECD),,1966,2893120000,
Europe (OECD),,1967,2049510000,
Europe (OECD),,1968,1665540100,
Europe (OECD),,1969,1742560000,
Europe (OECD),,1970,1207240000,
Europe (OECD),,1971,1447920000,
Europe (OECD),,1972,1608540000,
Europe (OECD),,1973,1167010000,
Europe (OECD),,1974,541620000,
Europe (OECD),,1975,565400000,
Europe (OECD),,1976,1180050000,
Europe (OECD),,1977,1250890000,
Europe (OECD),,1978,1077890000,
Europe (OECD),,1979,2184129800,
Europe (OECD),,1980,2983610000,
Europe (OECD),,1981,2389850000,
Europe (OECD),,1982,2081300100,
Europe (OECD),,1983,1382740000,
Europe (OECD),,1984,1077490000,
Europe (OECD),,1985,1079569900,
Europe (OECD),,1986,1255010000,
Europe (OECD),,1987,893550000,
Europe (OECD),,1988,805920000,
Europe (OECD),,1989,575550000,
Europe (OECD),,1990,2119120100,
Europe (OECD),,1991,3115030000,
Europe (OECD),,1992,3175610000,
Europe (OECD),,1993,5101330000,
Europe (OECD),,1994,3153889800,
Europe (OECD),,1995,2960690000,
Europe (OECD),,1996,2866410000,
Europe (OECD),,1997,2574490000,
Europe (OECD),,1998,3010710000,
Europe (OECD),,1999,6117200400,
Europe (OECD),,2000,5987650000,
Europe (OECD),,2001,5559580000,
Europe (OECD),,2002,7811759600,
Europe (OECD),,2003,4680250000,
Europe (OECD),,2004,4467120000,
Europe (OECD),,2005,4780359700,
Europe (OECD),,2006,5777819600,
Europe (OECD),,2007,4247070000,
Europe (OECD),,2008,4959730000,
Europe (OECD),,2009,5554700300,
Europe (OECD),,2010,5776660000,
Europe (OECD),,2011,8294240000,
Europe (OECD),,2012,7973030000,
Europe (OECD),,2013,7075580000,
Europe (OECD),,2014,8093760000,
Europe (OECD),,2015,7456730000,
Europe (OECD),,2016,8796080000,
Europe (OECD),,2017,8954350000,
Europe (OECD),,2018,6603740000,
Europe (OECD),,2019,5420590000,
Europe (OECD),,2020,7148339700,
Europe (OECD),,2021,7609629700,
Europe (OECD),,2022,34274808000,
European Commission,,1968,320360000,
European Commission,,1974,1508860000,
European Commission,,1975,1556800000,
European Commission,,1976,651880000,
European Commission,,1977,822590000,
European Commission,,1978,1043229950,
European Commission,,1979,1359400100,
European Commission,,1980,1484520100,
European Commission,,1981,2415550000,
European Commission,,1982,2083830000,
European Commission,,1983,2087930000,
European Commission,,1984,2697000000,
European Commission,,1985,2686510000,
European Commission,,1986,2196610000,
European Commission,,1987,1934870000,
European Commission,,1988,2557540000,
European Commission,,1989,2471740000,
European Commission,,1990,2482060000,
European Commission,,1991,3639360000,
European Commission,,1992,2946560000,
European Commission,,1993,3251960000,
European Commission,,1994,3647360000,
European Commission,,1995,3822740000,
European Commission,,1996,4376130000,
European Commission,,1997,4733770000,
European Commission,,1998,4236850200,
European Commission,,1999,4393049600,
European Commission,,2000,5318210000,
European Commission,,2001,6158140000,
European Commission,,2002,6018260000,
European Commission,,2003,5807780000,
European Commission,,2004,6477900000,
European Commission,,2005,7101440000,
European Commission,,2006,7352430000,
European Commission,,2007,7499940000,
European Commission,,2008,8190810000,
European Commission,,2009,9205429000,
European Commission,,2010,8849481000,
European Commission,,2011,8428980000,
European Commission,,2012,8206860300,
European Commission,,2013,8167610000,
European Commission,,2014,8690941000,
European Commission,,2015,8993901000,
European Commission,,2016,10823111000,
European Commission,,2017,10443879000,
European Commission,,2018,10461390000,
European Commission,,2019,10640830000,
European Commission,,2020,11743719000,
European Commission,,2021,12447030000,
European Commission,,2022,15514040000,
European Development Fund,,1968,372510000,
European Development Fund,,1969,783170000,
European Development Fund,,1970,1127740000,
European Development Fund,,1971,1617310100,
European Development Fund,,1972,1043400000,
European Development Fund,,1973,844170000,
European Development Fund,,1974,830810000,
European Development Fund,,1975,932850000,
European Development Fund,,1976,1696190000,
European Development Fund,,1977,1663310100,
European Development Fund,,1978,550210050,
European Development Fund,,1979,1728520100,
European Development Fund,,1980,1990910100,
European Development Fund,,1981,1527540100,
European Development Fund,,1982,1733810000,
European Development Fund,,1983,1687990000,
European Development Fund,,1984,1667870000,
European Development Fund,,1985,1472580000,
European Development Fund,,1986,1554590000,
European Development Fund,,1987,1547959900,
European Development Fund,,1988,1990670100,
European Development Fund,,1989,2407040000,
European Development Fund,,1990,2256680000,
European Development Fund,,1991,2645480000,
European Development Fund,,1992,2796429800,
European Development Fund,,1993,2686050000,
European Development Fund,,1994,2949820200,
European Development Fund,,1995,2675840000,
European Development Fund,,1996,1528430100,
European Development Fund,,1997,1961130000,
European Development Fund,,1998,2682000000,
European Development Fund,,1999,2765010000,
European Development Fund,,2000,2563610000,
European Development Fund,,2001,1818150000,
European Development Fund,,2002,2540780000,
European Development Fund,,2003,2861150000,
European Development Fund,,2004,3601660000,
European Development Fund,,2005,3335159800,
European Development Fund,,2006,3576129800,
European Development Fund,,2007,3976290000,
European Development Fund,,2008,4162290000,
European Development Fund,,2009,4427050000,
European Development Fund,,2010,4620270000,
European Development Fund,,2011,4320770000,
European Development Fund,,2012,3535280000,
European Development Fund,,2013,3904590000,
European Development Fund,,2014,3791060000,
European Development Fund,,2015,3898220000,
European Development Fund,,2016,4253510000,
European Development Fund,,2017,4617560000,
European Development Fund,,2018,5022450000,
European Development Fund,,2019,5690690000,
European Development Fund,,2020,4925299700,
European Development Fund,,2021,4311750000,
European Development Fund,,2022,2788100000,
European Investment Bank,,1968,68750000,
European Investment Bank,,1969,221720000,
European Investment Bank,,1970,151030000,
European Investment Bank,,1971,159160000,
European Investment Bank,,1972,79150000,
European Investment Bank,,1973,161380000,
European Investment Bank,,1974,118500000,
European Investment Bank,,1975,36840000,
European Investment Bank,,1976,241620000,
European Investment Bank,,1977,117580000,
European Investment Bank,,1978,23630000,
European Investment Bank,,1979,31780000,
European Investment Bank,,1980,8810000,
European Investment Bank,,1981,7480000,
European Investment Bank,,1982,-5920000,
European Investment Bank,,1983,-10430000,
European Investment Bank,,1984,-12910000,
European Investment Bank,,1985,-17020000,
European Investment Bank,,1986,-15260000,
European Investment Bank,,1987,-18240000,
European Investment Bank,,1988,-17730000,
European Investment Bank,,1989,-17120000,
European Investment Bank,,1990,-17580000,
European Investment Bank,,1991,-5350000,
European Investment Bank,,1992,-48380000,
European Investment Bank,,1993,-22020000,
European Investment Bank,,1994,-14530000,
European Investment Bank,,1995,250630000,
European Investment Bank,,1996,-1690000,
European Investment Bank,,1997,-17610000,
European Investment Bank,,1998,-13450000,
European Investment Bank,,1999,-37520000,
European Investment Bank,,2000,-7840000,
European Investment Bank,,2001,2710000,
European Investment Bank,,2002,-7710000,
European Investment Bank,,2003,5470000,
European Investment Bank,,2004,-3150000,
European Investment Bank,,2005,-8730000,
European Investment Bank,,2006,-25110000,
European Investment Bank,,2007,43130000,
European Investment Bank,,2008,25270000,
European Investment Bank,,2009,-27650000,
European Investment Bank,,2010,-16549999,
European Investment Bank,,2011,6700000,
European Investment Bank,,2012,8580000,
European Investment Bank,,2013,34850000,
European Investment Bank,,2014,13460000,
European Investment Bank,,2015,22030000,
European Investment Bank,,2016,-8400000,
European Investment Bank,,2017,16150000,
European Investment Bank,,2018,23850000,
European Investment Bank,,2019,24740000,
European Investment Bank,,2020,27560000,
European Investment Bank,,2021,35630000,
European Investment Bank,,2022,40810000,
Far East Asia (OECD),,1960,6668780000,
Far East Asia (OECD),,1961,6359780000,
Far East Asia (OECD),,1962,6459850000,
Far East Asia (OECD),,1963,6146510000,
Far East Asia (OECD),,1964,5438080000,
Far East Asia (OECD),,1965,6688790000,
Far East Asia (OECD),,1966,7970530000,
Far East Asia (OECD),,1967,9038769000,
Far East Asia (OECD),,1968,8833000000,
Far East Asia (OECD),,1969,9358640000,
Far East Asia (OECD),,1970,9241130000,
Far East Asia (OECD),,1971,10090110000,
Far East Asia (OECD),,1972,10097290000,
Far East Asia (OECD),,1973,8951230000,
Far East Asia (OECD),,1974,9748140000,
Far East Asia (OECD),,1975,6942010000,
Far East Asia (OECD),,1976,5577009700,
Far East Asia (OECD),,1977,4880830000,
Far East Asia (OECD),,1978,5382220300,
Far East Asia (OECD),,1979,5546250000,
Far East Asia (OECD),,1980,5891040000,
Far East Asia (OECD),,1981,7171180000,
Far East Asia (OECD),,1982,6256270000,
Far East Asia (OECD),,1983,6272069600,
Far East Asia (OECD),,1984,6737340000,
Far East Asia (OECD),,1985,6924270000,
Far East Asia (OECD),,1986,6857720300,
Far East Asia (OECD),,1987,6696020000,
Far East Asia (OECD),,1988,7271810000,
Far East Asia (OECD),,1989,8294650400,
Far East Asia (OECD),,1990,8706541000,
Far East Asia (OECD),,1991,8021010000,
Far East Asia (OECD),,1992,9785071000,
Far East Asia (OECD),,1993,9451900000,
Far East Asia (OECD),,1994,8998460000,
Far East Asia (OECD),,1995,8400349700,
Far East Asia (OECD),,1996,7241160000,
Far East Asia (OECD),,1997,6813600300,
Far East Asia (OECD),,1998,8439940600,
Far East Asia (OECD),,1999,9538790000,
Far East Asia (OECD),,2000,8609330000,
Far East Asia (OECD),,2001,8139759600,
Far East Asia (OECD),,2002,8077149700,
Far East Asia (OECD),,2003,6923900000,
Far East Asia (OECD),,2004,6227340000,
Far East Asia (OECD),,2005,8526490000,
Far East Asia (OECD),,2006,6927800000,
Far East Asia (OECD),,2007,6373820000,
Far East Asia (OECD),,2008,5944830000,
Far East Asia (OECD),,2009,6488700400,
Far East Asia (OECD),,2010,7254670000,
Far East Asia (OECD),,2011,4865290000,
Far East Asia (OECD),,2012,6243290000,
Far East Asia (OECD),,2013,5940840000,
Far East Asia (OECD),,2014,6139990000,
Far East Asia (OECD),,2015,6057850000,
Far East Asia (OECD),,2016,5183540000,
Far East Asia (OECD),,2017,5304760000,
Far East Asia (OECD),,2018,4628840000,
Far East Asia (OECD),,2019,3244909800,
Far East Asia (OECD),,2020,6826240000,
Far East Asia (OECD),,2021,5294590000,
Far East Asia (OECD),,2022,5646089700,
Fiji,FJI,1960,11430000,
Fiji,FJI,1961,10260000,
Fiji,FJI,1962,106510000,
Fiji,FJI,1963,43010000,
Fiji,FJI,1964,32300000,
Fiji,FJI,1965,38620000,
Fiji,FJI,1966,34700000,
Fiji,FJI,1967,23520000,
Fiji,FJI,1968,55670000,
Fiji,FJI,1969,74850000,
Fiji,FJI,1970,54490000,
Fiji,FJI,1971,74210000,
Fiji,FJI,1972,53860000,
Fiji,FJI,1973,83600000,
Fiji,FJI,1974,73900000,
Fiji,FJI,1975,89600000,
Fiji,FJI,1976,112790000,
Fiji,FJI,1977,97740000,
Fiji,FJI,1978,93750000,
Fiji,FJI,1979,96830000,
Fiji,FJI,1980,93890000,
Fiji,FJI,1981,104880000,
Fiji,FJI,1982,93130000,
Fiji,FJI,1983,88500000,
Fiji,FJI,1984,85850000,
Fiji,FJI,1985,88630000,
Fiji,FJI,1986,97230000,
Fiji,FJI,1987,71090000,
Fiji,FJI,1988,95990000,
Fiji,FJI,1989,73690000,
Fiji,FJI,1990,84430000,
Fiji,FJI,1991,74780000,
Fiji,FJI,1992,102140000,
Fiji,FJI,1993,91540000,
Fiji,FJI,1994,59690000,
Fiji,FJI,1995,59890000,
Fiji,FJI,1996,60160000,
Fiji,FJI,1997,61900000,
Fiji,FJI,1998,54810000,
Fiji,FJI,1999,47970000,
Fiji,FJI,2000,43060000,
Fiji,FJI,2001,41700000,
Fiji,FJI,2002,49180000,
Fiji,FJI,2003,64610000,
Fiji,FJI,2004,79430000,
Fiji,FJI,2005,79460000,
Fiji,FJI,2006,69360000,
Fiji,FJI,2007,55970000,
Fiji,FJI,2008,47950000,
Fiji,FJI,2009,66320000,
Fiji,FJI,2010,71190000,
Fiji,FJI,2011,62760000,
Fiji,FJI,2012,90780000,
Fiji,FJI,2013,84490000,
Fiji,FJI,2014,90120000,
Fiji,FJI,2015,113930000,
Fiji,FJI,2016,130440000,
Fiji,FJI,2017,152110000,
Fiji,FJI,2018,126170000,
Fiji,FJI,2019,136860000,
Fiji,FJI,2020,195650000,
Fiji,FJI,2021,577510000,
Fiji,FJI,2022,358050000,
Fragile states and conflict-affected countries (OECD),,1960,6757590000,
Fragile states and conflict-affected countries (OECD),,1961,9060140000,
Fragile states and conflict-affected countries (OECD),,1962,10197550000,
Fragile states and conflict-affected countries (OECD),,1963,10162201000,
Fragile states and conflict-affected countries (OECD),,1964,10947299000,
Fragile states and conflict-affected countries (OECD),,1965,13046320000,
Fragile states and conflict-affected countries (OECD),,1966,12083420000,
Fragile states and conflict-affected countries (OECD),,1967,12319500000,
Fragile states and conflict-affected countries (OECD),,1968,11269550000,
Fragile states and conflict-affected countries (OECD),,1969,10354000000,
Fragile states and conflict-affected countries (OECD),,1970,11450639000,
Fragile states and conflict-affected countries (OECD),,1971,11809530000,
Fragile states and conflict-affected countries (OECD),,1972,12790790000,
Fragile states and conflict-affected countries (OECD),,1973,15450900000,
Fragile states and conflict-affected countries (OECD),,1974,21603930000,
Fragile states and conflict-affected countries (OECD),,1975,25025370000,
Fragile states and conflict-affected countries (OECD),,1976,22493270000,
Fragile states and conflict-affected countries (OECD),,1977,23266690000,
Fragile states and conflict-affected countries (OECD),,1978,24850920000,
Fragile states and conflict-affected countries (OECD),,1979,28222890000,
Fragile states and conflict-affected countries (OECD),,1980,30543430000,
Fragile states and conflict-affected countries (OECD),,1981,29359050000,
Fragile states and conflict-affected countries (OECD),,1982,30016119000,
Fragile states and conflict-affected countries (OECD),,1983,27248390000,
Fragile states and conflict-affected countries (OECD),,1984,28068640000,
Fragile states and conflict-affected countries (OECD),,1985,30304780000,
Fragile states and conflict-affected countries (OECD),,1986,28849529000,
Fragile states and conflict-affected countries (OECD),,1987,28390949000,
Fragile states and conflict-affected countries (OECD),,1988,27989500000,
Fragile states and conflict-affected countries (OECD),,1989,28970760000,
Fragile states and conflict-affected countries (OECD),,1990,31611030000,
Fragile states and conflict-affected countries (OECD),,1991,31278400000,
Fragile states and conflict-affected countries (OECD),,1992,29574910000,
Fragile states and conflict-affected countries (OECD),,1993,27994450000,
Fragile states and conflict-affected countries (OECD),,1994,30960860000,
Fragile states and conflict-affected countries (OECD),,1995,26119160000,
Fragile states and conflict-affected countries (OECD),,1996,23258330000,
Fragile states and conflict-affected countries (OECD),,1997,23394580000,
Fragile states and conflict-affected countries (OECD),,1998,23439020000,
Fragile states and conflict-affected countries (OECD),,1999,22583090000,
Fragile states and conflict-affected countries (OECD),,2000,23150880000,
Fragile states and conflict-affected countries (OECD),,2001,29792788000,
Fragile states and conflict-affected countries (OECD),,2002,35264300000,
Fragile states and conflict-affected countries (OECD),,2003,41263854000,
Fragile states and conflict-affected countries (OECD),,2004,43437310000,
Fragile states and conflict-affected countries (OECD),,2005,71445545000,
Fragile states and conflict-affected countries (OECD),,2006,63306990000,
Fragile states and conflict-affected countries (OECD),,2007,49743940000,
Fragile states and conflict-affected countries (OECD),,2008,52893140000,
Fragile states and conflict-affected countries (OECD),,2009,51407730000,
Fragile states and conflict-affected countries (OECD),,2010,60772110000,
Fragile states and conflict-affected countries (OECD),,2011,59489660000,
Fragile states and conflict-affected countries (OECD),,2012,58484070000,
Fragile states and conflict-affected countries (OECD),,2013,64727540000,
Fragile states and conflict-affected countries (OECD),,2014,61247090000,
Fragile states and conflict-affected countries (OECD),,2015,65999258000,
Fragile states and conflict-affected countries (OECD),,2016,70023610000,
Fragile states and conflict-affected countries (OECD),,2017,77966950000,
Fragile states and conflict-affected countries (OECD),,2018,80189570000,
Fragile states and conflict-affected countries (OECD),,2019,81301530000,
Fragile states and conflict-affected countries (OECD),,2020,93767670000,
Fragile states and conflict-affected countries (OECD),,2021,85938545000,
Fragile states and conflict-affected countries (OECD),,2022,80804960000,
French Polynesia,PYF,1966,93560000,
French Polynesia,PYF,1967,102430000,
French Polynesia,PYF,1968,118760000,
French Polynesia,PYF,1969,118490000,
French Polynesia,PYF,1970,127270000,
French Polynesia,PYF,1971,119010000,
French Polynesia,PYF,1972,142690000,
French Polynesia,PYF,1973,214290000,
French Polynesia,PYF,1974,155550000,
French Polynesia,PYF,1975,231000000,
French Polynesia,PYF,1976,251640000,
French Polynesia,PYF,1977,254420000,
French Polynesia,PYF,1978,232690000,
French Polynesia,PYF,1979,315670000,
French Polynesia,PYF,1980,311040000,
French Polynesia,PYF,1981,329589980,
French Polynesia,PYF,1982,420010020,
French Polynesia,PYF,1983,455770000,
French Polynesia,PYF,1984,472250000,
French Polynesia,PYF,1985,460920000,
French Polynesia,PYF,1986,486240000,
French Polynesia,PYF,1987,489770000,
French Polynesia,PYF,1988,530099970,
French Polynesia,PYF,1989,478580000,
French Polynesia,PYF,1990,357860000,
French Polynesia,PYF,1991,433560000,
French Polynesia,PYF,1992,418630000,
French Polynesia,PYF,1993,449200000,
French Polynesia,PYF,1994,482330000,
French Polynesia,PYF,1995,525820000,
French Polynesia,PYF,1996,475930000,
French Polynesia,PYF,1997,489530000,
French Polynesia,PYF,1998,494140000,
French Polynesia,PYF,1999,488010020,
Gabon,GAB,1960,190000,
Gabon,GAB,1961,5650000,
Gabon,GAB,1962,25430000,
Gabon,GAB,1963,35640000,
Gabon,GAB,1964,115100000,
Gabon,GAB,1965,97660000,
Gabon,GAB,1966,97300000,
Gabon,GAB,1967,104410000,
Gabon,GAB,1968,91910000,
Gabon,GAB,1969,125090000,
Gabon,GAB,1970,157260000,
Gabon,GAB,1971,147520000,
Gabon,GAB,1972,148180000,
Gabon,GAB,1973,195760000,
Gabon,GAB,1974,101880000,
Gabon,GAB,1975,210060000,
Gabon,GAB,1976,109870000,
Gabon,GAB,1977,84300000,
Gabon,GAB,1978,117050000,
Gabon,GAB,1979,87320000,
Gabon,GAB,1980,114870000,
Gabon,GAB,1981,99930000,
Gabon,GAB,1982,151960000,
Gabon,GAB,1983,165650000,
Gabon,GAB,1984,208430000,
Gabon,GAB,1985,166550000,
Gabon,GAB,1986,162120000,
Gabon,GAB,1987,142640000,
Gabon,GAB,1988,173580000,
Gabon,GAB,1989,220490000,
Gabon,GAB,1990,186460000,
Gabon,GAB,1991,202800000,
Gabon,GAB,1992,91080000,
Gabon,GAB,1993,138680000,
Gabon,GAB,1994,241800000,
Gabon,GAB,1995,176220000,
Gabon,GAB,1996,154170000,
Gabon,GAB,1997,55470000,
Gabon,GAB,1998,61960000,
Gabon,GAB,1999,68390000,
Gabon,GAB,2000,21800000,
Gabon,GAB,2001,14070000,
Gabon,GAB,2002,106160000,
Gabon,GAB,2003,-10200000,
Gabon,GAB,2004,46260000,
Gabon,GAB,2005,55250000,
Gabon,GAB,2006,32750000,
Gabon,GAB,2007,51660000,
Gabon,GAB,2008,57430000,
Gabon,GAB,2009,72650000,
Gabon,GAB,2010,94440000,
Gabon,GAB,2011,59060000,
Gabon,GAB,2012,64150000,
Gabon,GAB,2013,80450000,
Gabon,GAB,2014,101860000,
Gabon,GAB,2015,105740000,
Gabon,GAB,2016,44170000,
Gabon,GAB,2017,109730000,
Gabon,GAB,2018,113600000,
Gabon,GAB,2019,114880000,
Gabon,GAB,2020,51960000,
Gabon,GAB,2021,94930000,
Gabon,GAB,2022,133259990,
Gambia,GMB,1960,5720000,
Gambia,GMB,1961,14610000,
Gambia,GMB,1962,24970000,
Gambia,GMB,1963,49680000,
Gambia,GMB,1964,23850000,
Gambia,GMB,1965,37110000,
Gambia,GMB,1966,28620000,
Gambia,GMB,1967,24250000,
Gambia,GMB,1968,46630000,
Gambia,GMB,1969,28140000,
Gambia,GMB,1970,9880000,
Gambia,GMB,1971,22350000,
Gambia,GMB,1972,28900000,
Gambia,GMB,1973,33750000,
Gambia,GMB,1974,47790000,
Gambia,GMB,1975,33230000,
Gambia,GMB,1976,44250000,
Gambia,GMB,1977,77990000,
Gambia,GMB,1978,107020000,
Gambia,GMB,1979,91810000,
Gambia,GMB,1980,128229990,
Gambia,GMB,1981,174180000,
Gambia,GMB,1982,118640000,
Gambia,GMB,1983,106650000,
Gambia,GMB,1984,138470000,
Gambia,GMB,1985,129149990,
Gambia,GMB,1986,223740000,
Gambia,GMB,1987,193000000,
Gambia,GMB,1988,150140000,
Gambia,GMB,1989,180370000,
Gambia,GMB,1990,152900000,
Gambia,GMB,1991,150990000,
Gambia,GMB,1992,154740000,
Gambia,GMB,1993,121450000,
Gambia,GMB,1994,92890000,
Gambia,GMB,1995,58650000,
Gambia,GMB,1996,48470000,
Gambia,GMB,1997,56140000,
Gambia,GMB,1998,56010000,
Gambia,GMB,1999,47670000,
Gambia,GMB,2000,72730000,
Gambia,GMB,2001,79400000,
Gambia,GMB,2002,91830000,
Gambia,GMB,2003,79630000,
Gambia,GMB,2004,74030000,
Gambia,GMB,2005,70600000,
Gambia,GMB,2006,83020000,
Gambia,GMB,2007,95430000,
Gambia,GMB,2008,88690000,
Gambia,GMB,2009,109680000,
Gambia,GMB,2010,119290000,
Gambia,GMB,2011,126270000,
Gambia,GMB,2012,136030000,
Gambia,GMB,2013,108580000,
Gambia,GMB,2014,96900000,
Gambia,GMB,2015,118740000,
Gambia,GMB,2016,100420000,
Gambia,GMB,2017,308220000,
Gambia,GMB,2018,239110000,
Gambia,GMB,2019,198400000,
Gambia,GMB,2020,305960000,
Gambia,GMB,2021,238010000,
Gambia,GMB,2022,271149980,
Georgia,GEO,1991,340000,
Georgia,GEO,1992,23730000,
Georgia,GEO,1993,177750000,
Georgia,GEO,1994,273480000,
Georgia,GEO,1995,287480000,
Georgia,GEO,1996,422160000,
Georgia,GEO,1997,347120000,
Georgia,GEO,1998,301829980,
Georgia,GEO,1999,353960000,
Georgia,GEO,2000,266310000,
Georgia,GEO,2001,456190000,
Georgia,GEO,2002,479390000,
Georgia,GEO,2003,311989980,
Georgia,GEO,2004,398060000,
Georgia,GEO,2005,359840000,
Georgia,GEO,2006,424770000,
Georgia,GEO,2007,345380000,
Georgia,GEO,2008,815600000,
Georgia,GEO,2009,710630000,
Georgia,GEO,2010,649020000,
Georgia,GEO,2011,561580000,
Georgia,GEO,2012,675500000,
Georgia,GEO,2013,652430000,
Georgia,GEO,2014,568310000,
Georgia,GEO,2015,494500000,
Georgia,GEO,2016,508880000,
Georgia,GEO,2017,480260000,
Georgia,GEO,2018,597659970,
Georgia,GEO,2019,514640000,
Georgia,GEO,2020,1036550100,
Georgia,GEO,2021,723160000,
Georgia,GEO,2022,375910000,
Ghana,GHA,1960,23860000,
Ghana,GHA,1961,23810000,
Ghana,GHA,1962,43580000,
Ghana,GHA,1963,139170000,
Ghana,GHA,1964,161350000,
Ghana,GHA,1965,342510000,
Ghana,GHA,1966,432980000,
Ghana,GHA,1967,335160000,
Ghana,GHA,1968,454429980,
Ghana,GHA,1969,485900000,
Ghana,GHA,1970,392720000,
Ghana,GHA,1971,355400000,
Ghana,GHA,1972,325190000,
Ghana,GHA,1973,204910000,
Ghana,GHA,1974,156820000,
Ghana,GHA,1975,476460000,
Ghana,GHA,1976,238790000,
Ghana,GHA,1977,316200000,
Ghana,GHA,1978,345080000,
Ghana,GHA,1979,464360000,
Ghana,GHA,1980,464250000,
Ghana,GHA,1981,369410020,
Ghana,GHA,1982,370390000,
Ghana,GHA,1983,285740000,
Ghana,GHA,1984,579690000,
Ghana,GHA,1985,511140000,
Ghana,GHA,1986,763000000,
Ghana,GHA,1987,753349950,
Ghana,GHA,1988,954030000,
Ghana,GHA,1989,1175819900,
Ghana,GHA,1990,833179970,
Ghana,GHA,1991,1263910000,
Ghana,GHA,1992,842700000,
Ghana,GHA,1993,879870000,
Ghana,GHA,1994,701160000,
Ghana,GHA,1995,776909950,
Ghana,GHA,1996,809630000,
Ghana,GHA,1997,669710000,
Ghana,GHA,1998,932580030,
Ghana,GHA,1999,809270000,
Ghana,GHA,2000,841260000,
Ghana,GHA,2001,995170000,
Ghana,GHA,2002,1020120000,
Ghana,GHA,2003,1283210000,
Ghana,GHA,2004,1626560000,
Ghana,GHA,2005,1328400000,
Ghana,GHA,2006,1385990000,
Ghana,GHA,2007,939970000,
Ghana,GHA,2008,1014110000,
Ghana,GHA,2009,1384840000,
Ghana,GHA,2010,1775579900,
Ghana,GHA,2011,1827240000,
Ghana,GHA,2012,1812699900,
Ghana,GHA,2013,1313940000,
Ghana,GHA,2014,1114580000,
Ghana,GHA,2015,1954650000,
Ghana,GHA,2016,1469020000,
Ghana,GHA,2017,1376500000,
Ghana,GHA,2018,1120170000,
Ghana,GHA,2019,970490000,
Ghana,GHA,2020,2270360000,
Ghana,GHA,2021,1207940000,
Ghana,GHA,2022,1048610000,
Gibraltar,GIB,1960,4980000,
Gibraltar,GIB,1961,8890000,
Gibraltar,GIB,1962,4230000,
Gibraltar,GIB,1963,-100000,
Gibraltar,GIB,1964,4159999.8,
Gibraltar,GIB,1965,9410000,
Gibraltar,GIB,1966,15000000,
Gibraltar,GIB,1967,22600000,
Gibraltar,GIB,1968,8060000.5,
Gibraltar,GIB,1969,11900000,
Gibraltar,GIB,1970,20780000,
Gibraltar,GIB,1971,27130000,
Gibraltar,GIB,1972,27070000,
Gibraltar,GIB,1973,37840000,
Gibraltar,GIB,1974,36120000,
Gibraltar,GIB,1975,13850000,
Gibraltar,GIB,1976,14380000,
Gibraltar,GIB,1977,19630000,
Gibraltar,GIB,1978,12660000,
Gibraltar,GIB,1979,18540000,
Gibraltar,GIB,1980,24010000,
Gibraltar,GIB,1981,16450001,
Gibraltar,GIB,1982,7370000,
Gibraltar,GIB,1983,8740000,
Gibraltar,GIB,1984,30400000,
Gibraltar,GIB,1985,79390000,
Gibraltar,GIB,1986,47900000,
Gibraltar,GIB,1987,28450000,
Gibraltar,GIB,1988,27400000,
Gibraltar,GIB,1989,770000,
Gibraltar,GIB,1990,810000,
Gibraltar,GIB,1991,3510000,
Gibraltar,GIB,1992,4170000,
Gibraltar,GIB,1993,-20000,
Gibraltar,GIB,1994,820000,
Gibraltar,GIB,1995,280000,
Gibraltar,GIB,1996,-330000,
Gibraltar,GIB,1997,470000,
Gibraltar,GIB,1998,270000,
Gibraltar,GIB,1999,40000,
Grenada,GRD,1973,240000,
Grenada,GRD,1974,9330000,
Grenada,GRD,1975,11090000,
Grenada,GRD,1976,10030000,
Grenada,GRD,1977,12260000,
Grenada,GRD,1978,8200000,
Grenada,GRD,1979,7660000,
Grenada,GRD,1980,9380000,
Grenada,GRD,1981,15850000,
Grenada,GRD,1982,15960000,
Grenada,GRD,1983,20050000,
Grenada,GRD,1984,68920000,
Grenada,GRD,1985,84390000,
Grenada,GRD,1986,54690000,
Grenada,GRD,1987,38910000,
Grenada,GRD,1988,36510000,
Grenada,GRD,1989,25580000,
Grenada,GRD,1990,20620000,
Grenada,GRD,1991,22380000,
Grenada,GRD,1992,17960000,
Grenada,GRD,1993,11050000,
Grenada,GRD,1994,32369998,
Grenada,GRD,1995,11500000,
Grenada,GRD,1996,13420000,
Grenada,GRD,1997,10860000,
Grenada,GRD,1998,8109999.5,
Grenada,GRD,1999,13700000,
Grenada,GRD,2000,20690000,
Grenada,GRD,2001,15590000,
Grenada,GRD,2002,14370000,
Grenada,GRD,2003,10940000,
Grenada,GRD,2004,17590000,
Grenada,GRD,2005,61800000,
Grenada,GRD,2006,30540000,
Grenada,GRD,2007,18560000,
Grenada,GRD,2008,30280000,
Grenada,GRD,2009,43840000,
Grenada,GRD,2010,32279998,
Grenada,GRD,2011,8590000,
Grenada,GRD,2012,7570000,
Grenada,GRD,2013,12460000,
Grenada,GRD,2014,38510000,
Grenada,GRD,2015,26380000,
Grenada,GRD,2016,8530000,
Grenada,GRD,2017,6250000,
Grenada,GRD,2018,33009998,
Grenada,GRD,2019,15440000,
Grenada,GRD,2020,71240000,
Grenada,GRD,2021,65850000,
Grenada,GRD,2022,-93640000,
Guatemala,GTM,1960,127160000,
Guatemala,GTM,1961,116880000,
Guatemala,GTM,1962,74800000,
Guatemala,GTM,1963,78080000,
Guatemala,GTM,1964,89440000,
Guatemala,GTM,1965,105500000,
Guatemala,GTM,1966,72520000,
Guatemala,GTM,1967,103040000,
Guatemala,GTM,1968,107900000,
Guatemala,GTM,1969,83280000,
Guatemala,GTM,1970,87280000,
Guatemala,GTM,1971,67600000,
Guatemala,GTM,1972,102250000,
Guatemala,GTM,1973,91290000,
Guatemala,GTM,1974,101150000,
Guatemala,GTM,1975,124250000,
Guatemala,GTM,1976,195910000,
Guatemala,GTM,1977,151780000,
Guatemala,GTM,1978,101780000,
Guatemala,GTM,1979,119450000,
Guatemala,GTM,1980,109290000,
Guatemala,GTM,1981,101590000,
Guatemala,GTM,1982,113560000,
Guatemala,GTM,1983,144590000,
Guatemala,GTM,1984,123250000,
Guatemala,GTM,1985,187840000,
Guatemala,GTM,1986,272960000,
Guatemala,GTM,1987,494400000,
Guatemala,GTM,1988,419480000,
Guatemala,GTM,1989,463580000,
Guatemala,GTM,1990,323560000,
Guatemala,GTM,1991,311130020,
Guatemala,GTM,1992,326640000,
Guatemala,GTM,1993,327149980,
Guatemala,GTM,1994,277620000,
Guatemala,GTM,1995,264079980,
Guatemala,GTM,1996,222780000,
Guatemala,GTM,1997,361210000,
Guatemala,GTM,1998,333760000,
Guatemala,GTM,1999,389660000,
Guatemala,GTM,2000,366980000,
Guatemala,GTM,2001,346260000,
Guatemala,GTM,2002,385000000,
Guatemala,GTM,2003,344530000,
Guatemala,GTM,2004,286770000,
Guatemala,GTM,2005,314780000,
Guatemala,GTM,2006,548570000,
Guatemala,GTM,2007,460890020,
Guatemala,GTM,2008,508480000,
Guatemala,GTM,2009,384530000,
Guatemala,GTM,2010,411020000,
Guatemala,GTM,2011,354029980,
Guatemala,GTM,2012,316120000,
Guatemala,GTM,2013,504320000,
Guatemala,GTM,2014,297290020,
Guatemala,GTM,2015,465869980,
Guatemala,GTM,2016,306230000,
Guatemala,GTM,2017,415610000,
Guatemala,GTM,2018,431810000,
Guatemala,GTM,2019,419610000,
Guatemala,GTM,2020,492950000,
Guatemala,GTM,2021,514900030,
Guatemala,GTM,2022,437750000,
Guinea,GIN,1960,1360000,
Guinea,GIN,1961,19140000,
Guinea,GIN,1962,74590000,
Guinea,GIN,1963,167490000,
Guinea,GIN,1964,102120000,
Guinea,GIN,1965,172310000,
Guinea,GIN,1966,99070000,
Guinea,GIN,1967,53250000,
Guinea,GIN,1968,39440000,
Guinea,GIN,1969,90120000,
Guinea,GIN,1970,73000000,
Guinea,GIN,1971,58570000,
Guinea,GIN,1972,26420000,
Guinea,GIN,1973,59060000,
Guinea,GIN,1974,86510000,
Guinea,GIN,1975,97860000,
Guinea,GIN,1976,40870000,
Guinea,GIN,1977,76680000,
Guinea,GIN,1978,186580000,
Guinea,GIN,1979,147020000,
Guinea,GIN,1980,213560000,
Guinea,GIN,1981,271600000,
Guinea,GIN,1982,295829980,
Guinea,GIN,1983,175060000,
Guinea,GIN,1984,326740000,
Guinea,GIN,1985,300440000,
Guinea,GIN,1986,362610000,
Guinea,GIN,1987,387330000,
Guinea,GIN,1988,416580000,
Guinea,GIN,1989,619510000,
Guinea,GIN,1990,429549980,
Guinea,GIN,1991,548290000,
Guinea,GIN,1992,603500000,
Guinea,GIN,1993,574990000,
Guinea,GIN,1994,488820000,
Guinea,GIN,1995,494560000,
Guinea,GIN,1996,386380000,
Guinea,GIN,1997,538890000,
Guinea,GIN,1998,491130020,
Guinea,GIN,1999,334020000,
Guinea,GIN,2000,226910000,
Guinea,GIN,2001,447420000,
Guinea,GIN,2002,378090000,
Guinea,GIN,2003,328670000,
Guinea,GIN,2004,329269980,
Guinea,GIN,2005,232640000,
Guinea,GIN,2006,199330000,
Guinea,GIN,2007,213060000,
Guinea,GIN,2008,311520000,
Guinea,GIN,2009,238970000,
Guinea,GIN,2010,222090000,
Guinea,GIN,2011,190390000,
Guinea,GIN,2012,626850000,
Guinea,GIN,2013,441200000,
Guinea,GIN,2014,536190000,
Guinea,GIN,2015,590400000,
Guinea,GIN,2016,621800000,
Guinea,GIN,2017,503090000,
Guinea,GIN,2018,670600000,
Guinea,GIN,2019,586260030,
Guinea,GIN,2020,739070000,
Guinea,GIN,2021,570040000,
Guinea,GIN,2022,500640000,
Guinea-Bissau,GNB,1961,9640000,
Guinea-Bissau,GNB,1966,24120000,
Guinea-Bissau,GNB,1967,5150000,
Guinea-Bissau,GNB,1969,840000,
Guinea-Bissau,GNB,1971,1310000,
Guinea-Bissau,GNB,1973,40000,
Guinea-Bissau,GNB,1974,43950000,
Guinea-Bissau,GNB,1975,76160000,
Guinea-Bissau,GNB,1976,86760000,
Guinea-Bissau,GNB,1977,128890000,
Guinea-Bissau,GNB,1978,146260000,
Guinea-Bissau,GNB,1979,130130010,
Guinea-Bissau,GNB,1980,130320010,
Guinea-Bissau,GNB,1981,157320000,
Guinea-Bissau,GNB,1982,162160000,
Guinea-Bissau,GNB,1983,166140000,
Guinea-Bissau,GNB,1984,153050000,
Guinea-Bissau,GNB,1985,151290000,
Guinea-Bissau,GNB,1986,146810000,
Guinea-Bissau,GNB,1987,203300000,
Guinea-Bissau,GNB,1988,171030000,
Guinea-Bissau,GNB,1989,207390000,
Guinea-Bissau,GNB,1990,194780000,
Guinea-Bissau,GNB,1991,168430000,
Guinea-Bissau,GNB,1992,150080000,
Guinea-Bissau,GNB,1993,137010000,
Guinea-Bissau,GNB,1994,267170020,
Guinea-Bissau,GNB,1995,147000000,
Guinea-Bissau,GNB,1996,236370000,
Guinea-Bissau,GNB,1997,176740000,
Guinea-Bissau,GNB,1998,135460000,
Guinea-Bissau,GNB,1999,78270000,
Guinea-Bissau,GNB,2000,132880010,
Guinea-Bissau,GNB,2001,101480000,
Guinea-Bissau,GNB,2002,92990000,
Guinea-Bissau,GNB,2003,185660000,
Guinea-Bissau,GNB,2004,91730000,
Guinea-Bissau,GNB,2005,77210000,
Guinea-Bissau,GNB,2006,97810000,
Guinea-Bissau,GNB,2007,109430000,
Guinea-Bissau,GNB,2008,107920000,
Guinea-Bissau,GNB,2009,126240000,
Guinea-Bissau,GNB,2010,126710000,
Guinea-Bissau,GNB,2011,110780000,
Guinea-Bissau,GNB,2012,80250000,
Guinea-Bissau,GNB,2013,102990000,
Guinea-Bissau,GNB,2014,105640000,
Guinea-Bissau,GNB,2015,104020000,
Guinea-Bissau,GNB,2016,210070000,
Guinea-Bissau,GNB,2017,121790000,
Guinea-Bissau,GNB,2018,157600000,
Guinea-Bissau,GNB,2019,116540000,
Guinea-Bissau,GNB,2020,149630000,
Guinea-Bissau,GNB,2021,162040000,
Guinea-Bissau,GNB,2022,148190000,
Guyana,GUY,1960,79890000,
Guyana,GUY,1961,92530000,
Guyana,GUY,1962,78540000,
Guyana,GUY,1963,56340000,
Guyana,GUY,1964,44160000,
Guyana,GUY,1965,55430000,
Guyana,GUY,1966,68970000,
Guyana,GUY,1967,82290000,
Guyana,GUY,1968,111290000,
Guyana,GUY,1969,125160000,
Guyana,GUY,1970,114670000,
Guyana,GUY,1971,99150000,
Guyana,GUY,1972,70330000,
Guyana,GUY,1973,39810000,
Guyana,GUY,1974,53330000,
Guyana,GUY,1975,42020000,
Guyana,GUY,1976,83110000,
Guyana,GUY,1977,41280000,
Guyana,GUY,1978,88540000,
Guyana,GUY,1979,84120000,
Guyana,GUY,1980,69180000,
Guyana,GUY,1981,131460010,
Guyana,GUY,1982,65449996,
Guyana,GUY,1983,40310000,
Guyana,GUY,1984,25150000,
Guyana,GUY,1985,26310000,
Guyana,GUY,1986,51570000,
Guyana,GUY,1987,49090000,
Guyana,GUY,1988,42990000,
Guyana,GUY,1989,70960000,
Guyana,GUY,1990,245720000,
Guyana,GUY,1991,188850000,
Guyana,GUY,1992,103010000,
Guyana,GUY,1993,134820000,
Guyana,GUY,1994,99510000,
Guyana,GUY,1995,91350000,
Guyana,GUY,1996,116820000,
Guyana,GUY,1997,316600000,
Guyana,GUY,1998,105270000,
Guyana,GUY,1999,82260000,
Guyana,GUY,2000,94660000,
Guyana,GUY,2001,96300000,
Guyana,GUY,2002,70110000,
Guyana,GUY,2003,79440000,
Guyana,GUY,2004,120590000,
Guyana,GUY,2005,122080000,
Guyana,GUY,2006,150620000,
Guyana,GUY,2007,83700000,
Guyana,GUY,2008,116670000,
Guyana,GUY,2009,108180000,
Guyana,GUY,2010,114060000,
Guyana,GUY,2011,105750000,
Guyana,GUY,2012,115780000,
Guyana,GUY,2013,100970000,
Guyana,GUY,2014,161330000,
Guyana,GUY,2015,36830000,
Guyana,GUY,2016,78240000,
Guyana,GUY,2017,56600000,
Guyana,GUY,2018,108050000,
Guyana,GUY,2019,131160000,
Guyana,GUY,2020,52870000,
Guyana,GUY,2021,135580000,
Guyana,GUY,2022,199040000,
Haiti,HTI,1960,79170000,
Haiti,HTI,1961,107200000,
Haiti,HTI,1962,41190000,
Haiti,HTI,1963,23720000,
Haiti,HTI,1964,29180000,
Haiti,HTI,1965,44210000,
Haiti,HTI,1966,31320000,
Haiti,HTI,1967,30410000,
Haiti,HTI,1968,38160000,
Haiti,HTI,1969,26310000,
Haiti,HTI,1970,40780000,
Haiti,HTI,1971,34400000,
Haiti,HTI,1972,38520000,
Haiti,HTI,1973,38540000,
Haiti,HTI,1974,57090000,
Haiti,HTI,1975,159240000,
Haiti,HTI,1976,205210000,
Haiti,HTI,1977,231310000,
Haiti,HTI,1978,236930000,
Haiti,HTI,1979,216390000,
Haiti,HTI,1980,246140000,
Haiti,HTI,1981,250780000,
Haiti,HTI,1982,290780000,
Haiti,HTI,1983,300000000,
Haiti,HTI,1984,301010020,
Haiti,HTI,1985,350380000,
Haiti,HTI,1986,389690020,
Haiti,HTI,1987,416570020,
Haiti,HTI,1988,240980000,
Haiti,HTI,1989,341000000,
Haiti,HTI,1990,259190000,
Haiti,HTI,1991,278869980,
Haiti,HTI,1992,161460000,
Haiti,HTI,1993,202250000,
Haiti,HTI,1994,1089500000,
Haiti,HTI,1995,1024880000,
Haiti,HTI,1996,466690020,
Haiti,HTI,1997,427269980,
Haiti,HTI,1998,527490000,
Haiti,HTI,1999,340010020,
Haiti,HTI,2000,289149980,
Haiti,HTI,2001,273160000,
Haiti,HTI,2002,234790000,
Haiti,HTI,2003,268890020,
Haiti,HTI,2004,369750000,
Haiti,HTI,2005,480000000,
Haiti,HTI,2006,658430000,
Haiti,HTI,2007,674010000,
Haiti,HTI,2008,878410000,
Haiti,HTI,2009,1042910000,
Haiti,HTI,2010,3215250000,
Haiti,HTI,2011,1619490000,
Haiti,HTI,2012,1367329900,
Haiti,HTI,2013,1227550100,
Haiti,HTI,2014,1128710000,
Haiti,HTI,2015,1197410000,
Haiti,HTI,2016,1226190000,
Haiti,HTI,2017,1107250000,
Haiti,HTI,2018,1089830000,
Haiti,HTI,2019,753030000,
Haiti,HTI,2020,936890000,
Haiti,HTI,2021,945200000,
Haiti,HTI,2022,897760000,
Heavily indebted poor countries,,1960,2679320000,
Heavily indebted poor countries,,1961,3713230000,
Heavily indebted poor countries,,1962,4668110000,
Heavily indebted poor countries,,1963,4545690000,
Heavily indebted poor countries,,1964,6507930000,
Heavily indebted poor countries,,1965,6922360000,
Heavily indebted poor countries,,1966,7089900000,
Heavily indebted poor countries,,1967,6452970000,
Heavily indebted poor countries,,1968,6936819700,
Heavily indebted poor countries,,1969,6212560000,
Heavily indebted poor countries,,1970,6222160400,
Heavily indebted poor countries,,1971,6516270000,
Heavily indebted poor countries,,1972,6697570000,
Heavily indebted poor countries,,1973,6976310300,
Heavily indebted poor countries,,1974,9970220000,
Heavily indebted poor countries,,1975,11857580000,
Heavily indebted poor countries,,1976,10921900000,
Heavily indebted poor countries,,1977,11821400000,
Heavily indebted poor countries,,1978,13705111000,
Heavily indebted poor countries,,1979,15662740000,
Heavily indebted poor countries,,1980,16272380000,
Heavily indebted poor countries,,1981,16529849000,
Heavily indebted poor countries,,1982,17473270000,
Heavily indebted poor countries,,1983,17366760000,
Heavily indebted poor countries,,1984,18560260000,
Heavily indebted poor countries,,1985,21192140000,
Heavily indebted poor countries,,1986,21286859000,
Heavily indebted poor countries,,1987,20727280000,
Heavily indebted poor countries,,1988,21942850000,
Heavily indebted poor countries,,1989,22721800000,
Heavily indebted poor countries,,1990,24070060000,
Heavily indebted poor countries,,1991,24624290000,
Heavily indebted poor countries,,1992,23987590000,
Heavily indebted poor countries,,1993,22261869000,
Heavily indebted poor countries,,1994,24492660000,
Heavily indebted poor countries,,1995,21835821000,
Heavily indebted poor countries,,1996,18947200000,
Heavily indebted poor countries,,1997,18188130000,
Heavily indebted poor countries,,1998,18451230000,
Heavily indebted poor countries,,1999,17707741000,
Heavily indebted poor countries,,2000,17800790000,
Heavily indebted poor countries,,2001,22129609000,
Heavily indebted poor countries,,2002,27550920000,
Heavily indebted poor countries,,2003,32090620000,
Heavily indebted poor countries,,2004,30989859000,
Heavily indebted poor countries,,2005,31758820000,
Heavily indebted poor countries,,2006,34944557000,
Heavily indebted poor countries,,2007,31491981000,
Heavily indebted poor countries,,2008,34370210000,
Heavily indebted poor countries,,2009,38769877000,
Heavily indebted poor countries,,2010,46355150000,
Heavily indebted poor countries,,2011,44298530000,
Heavily indebted poor countries,,2012,43129910000,
Heavily indebted poor countries,,2013,40875980000,
Heavily indebted poor countries,,2014,38551620000,
Heavily indebted poor countries,,2015,41326840000,
Heavily indebted poor countries,,2016,40760300000,
Heavily indebted poor countries,,2017,43395860000,
Heavily indebted poor countries,,2018,43055970000,
Heavily indebted poor countries,,2019,44993712000,
Heavily indebted poor countries,,2020,56167660000,
Heavily indebted poor countries,,2021,49228968000,
Heavily indebted poor countries,,2022,48336500000,
High-income countries (WB),,1960,4557060000,
High-income countries (WB),,1961,4952520000,
High-income countries (WB),,1962,4597570000,
High-income countries (WB),,1963,5127150000,
High-income countries (WB),,1964,3845160000,
High-income countries (WB),,1965,4569200000,
High-income countries (WB),,1966,4693460000,
High-income countries (WB),,1967,4467880000,
High-income countries (WB),,1968,3999449900,
High-income countries (WB),,1969,4478830000,
High-income countries (WB),,1970,4137150000,
High-income countries (WB),,1971,4220970200,
High-income countries (WB),,1972,4397030000,
High-income countries (WB),,1973,4066969900,
High-income countries (WB),,1974,3857660000,
High-income countries (WB),,1975,5435490300,
High-income countries (WB),,1976,6332060000,
High-income countries (WB),,1977,7219589600,
High-income countries (WB),,1978,5707420000,
High-income countries (WB),,1979,6828110000,
High-income countries (WB),,1980,5721850000,
High-income countries (WB),,1981,5856170000,
High-income countries (WB),,1982,5077890000,
High-income countries (WB),,1983,6320200000,
High-income countries (WB),,1984,5998430000,
High-income countries (WB),,1985,7310310000,
High-income countries (WB),,1986,7164750000,
High-income countries (WB),,1987,5164130000,
High-income countries (WB),,1988,4578140000,
High-income countries (WB),,1989,4678590000,
High-income countries (WB),,1990,5174270000,
High-income countries (WB),,1991,5328290000,
High-income countries (WB),,1992,5822590000,
High-income countries (WB),,1993,4859670000,
High-income countries (WB),,1994,4549410300,
High-income countries (WB),,1995,2687430000,
High-income countries (WB),,1996,6052460000,
High-income countries (WB),,1997,2256210000,
High-income countries (WB),,1998,2772010000,
High-income countries (WB),,1999,1720510000,
High-income countries (WB),,2000,757240000,
High-income countries (WB),,2001,842840000,
High-income countries (WB),,2002,843570000,
High-income countries (WB),,2003,767680000,
High-income countries (WB),,2004,702550000,
High-income countries (WB),,2005,614380000,
High-income countries (WB),,2006,704150000,
High-income countries (WB),,2007,509090000,
High-income countries (WB),,2008,692120000,
High-income countries (WB),,2009,550299970,
High-income countries (WB),,2010,667930000,
High-income countries (WB),,2011,439340000,
High-income countries (WB),,2012,392240000,
High-income countries (WB),,2013,308660000,
High-income countries (WB),,2014,342490000,
High-income countries (WB),,2015,177970000,
High-income countries (WB),,2016,353780000,
High-income countries (WB),,2017,279410020,
High-income countries (WB),,2018,207820000,
High-income countries (WB),,2019,291500000,
High-income countries (WB),,2020,258640020,
High-income countries (WB),,2021,257910000,
High-income countries (WB),,2022,364700000,
Honduras,HND,1960,41390000,
Honduras,HND,1961,55540000,
Honduras,HND,1962,44770000,
Honduras,HND,1963,54890000,
Honduras,HND,1964,86980000,
Honduras,HND,1965,83730000,
Honduras,HND,1966,68830000,
Honduras,HND,1967,59930000,
Honduras,HND,1968,108440000,
Honduras,HND,1969,77240000,
Honduras,HND,1970,84690000,
Honduras,HND,1971,67690000,
Honduras,HND,1972,89010000,
Honduras,HND,1973,69350000,
Honduras,HND,1974,88570000,
Honduras,HND,1975,154810000,
Honduras,HND,1976,115920000,
Honduras,HND,1977,116270000,
Honduras,HND,1978,157020000,
Honduras,HND,1979,201550000,
Honduras,HND,1980,219750000,
Honduras,HND,1981,229020000,
Honduras,HND,1982,318760000,
Honduras,HND,1983,366869980,
Honduras,HND,1984,543789950,
Honduras,HND,1985,570440000,
Honduras,HND,1986,569490000,
Honduras,HND,1987,498810000,
Honduras,HND,1988,537640000,
Honduras,HND,1989,438100000,
Honduras,HND,1990,686400000,
Honduras,HND,1991,479709980,
Honduras,HND,1992,461510000,
Honduras,HND,1993,423410020,
Honduras,HND,1994,353040000,
Honduras,HND,1995,455750000,
Honduras,HND,1996,290340000,
Honduras,HND,1997,377029980,
Honduras,HND,1998,413610000,
Honduras,HND,1999,1068030000,
Honduras,HND,2000,595920000,
Honduras,HND,2001,858070000,
Honduras,HND,2002,531860000,
Honduras,HND,2003,415589980,
Honduras,HND,2004,655270000,
Honduras,HND,2005,733210050,
Honduras,HND,2006,563630000,
Honduras,HND,2007,378440000,
Honduras,HND,2008,410910000,
Honduras,HND,2009,395420000,
Honduras,HND,2010,496740000,
Honduras,HND,2011,356630000,
Honduras,HND,2012,571540000,
Honduras,HND,2013,634340030,
Honduras,HND,2014,615050000,
Honduras,HND,2015,605030000,
Honduras,HND,2016,463240000,
Honduras,HND,2017,483829980,
Honduras,HND,2018,699560000,
Honduras,HND,2019,478490000,
Honduras,HND,2020,1219750000,
Honduras,HND,2021,611860000,
Honduras,HND,2022,785880000,
Hong Kong,HKG,1960,46830000,
Hong Kong,HKG,1961,38480000,
Hong Kong,HKG,1962,13810000,
Hong Kong,HKG,1963,39400000,
Hong Kong,HKG,1964,2089999.9,
Hong Kong,HKG,1965,29010000,
Hong Kong,HKG,1966,18010000,
Hong Kong,HKG,1967,19490000,
Hong Kong,HKG,1968,9210000,
Hong Kong,HKG,1969,7690000,
Hong Kong,HKG,1970,10340000,
Hong Kong,HKG,1971,25310000,
Hong Kong,HKG,1972,18080000,
Hong Kong,HKG,1973,3420000,
Hong Kong,HKG,1974,3340000,
Hong Kong,HKG,1975,-6320000,
Hong Kong,HKG,1976,9750000,
Hong Kong,HKG,1977,7300000,
Hong Kong,HKG,1978,6300000,
Hong Kong,HKG,1979,30110000,
Hong Kong,HKG,1980,25260000,
Hong Kong,HKG,1981,22380000,
Hong Kong,HKG,1982,19620000,
Hong Kong,HKG,1983,21860000,
Hong Kong,HKG,1984,36220000,
Hong Kong,HKG,1985,60530000,
Hong Kong,HKG,1986,45360000,
Hong Kong,HKG,1987,40060000,
Hong Kong,HKG,1988,38730000,
Hong Kong,HKG,1989,67760000,
Hong Kong,HKG,1990,55800000,
Hong Kong,HKG,1991,51740000,
Hong Kong,HKG,1992,-50780000,
Hong Kong,HKG,1993,40140000,
Hong Kong,HKG,1994,33970000,
Hong Kong,HKG,1995,18450000,
Hong Kong,HKG,1996,13460000,
IFAD,,1976,51950000,
IFAD,,1977,420770000,
IFAD,,1978,579260000,
IFAD,,1979,413450020,
IFAD,,1980,159670000,
IFAD,,1981,28420000,
IFAD,,1982,923380030,
IFAD,,1983,524850000,
IFAD,,1984,419120000,
IFAD,,1985,268610000,
IFAD,,1986,413140000,
IFAD,,1987,429230000,
IFAD,,1988,241580000,
IFAD,,1989,195920000,
IFAD,,1990,217120000,
IFAD,,1991,236560000,
IFAD,,1992,220470000,
IFAD,,1993,104100000,
IFAD,,1994,73230000,
IFAD,,1995,118580000,
IFAD,,1996,87200000,
IFAD,,1997,176770000,
IFAD,,1998,115220000,
IFAD,,1999,97250000,
IFAD,,2000,94820000,
IFAD,,2001,160990000,
IFAD,,2002,152770000,
IFAD,,2003,172220000,
IFAD,,2004,250180000,
IFAD,,2005,125380000,
IFAD,,2006,189230000,
IFAD,,2007,324890020,
IFAD,,2008,160010000,
IFAD,,2009,296670000,
IFAD,,2010,333640000,
IFAD,,2011,232830000,
IFAD,,2012,250120000,
IFAD,,2013,338020000,
IFAD,,2014,273900000,
IFAD,,2015,188590000,
IFAD,,2016,277960000,
IFAD,,2017,317130020,
IFAD,,2018,339230000,
IFAD,,2019,555480000,
IFAD,,2020,233450000,
IFAD,,2021,358170020,
IFAD,,2022,294910000,
India,IND,1960,5915170000,
India,IND,1961,4895150000,
India,IND,1962,5199980000,
India,IND,1963,7441400000,
India,IND,1964,9150809000,
India,IND,1965,9490040000,
India,IND,1966,9043730000,
India,IND,1967,9699240000,
India,IND,1968,6299160000,
India,IND,1969,5905009700,
India,IND,1970,5295069700,
India,IND,1971,6046780000,
India,IND,1972,3502890000,
India,IND,1973,3809040100,
India,IND,1974,5444620300,
India,IND,1975,6255960000,
India,IND,1976,6576640000,
India,IND,1977,3475610000,
India,IND,1978,3449720000,
India,IND,1979,3607570200,
India,IND,1980,5261680000,
India,IND,1981,4972000000,
India,IND,1982,4221980000,
India,IND,1983,4719360000,
India,IND,1984,4513940000,
India,IND,1985,4273250000,
India,IND,1986,4144050000,
India,IND,1987,2957689900,
India,IND,1988,3296830000,
India,IND,1989,2882330000,
India,IND,1990,2098710000,
India,IND,1991,3585480000,
India,IND,1992,3171910000,
India,IND,1993,1959750000,
India,IND,1994,2640710000,
India,IND,1995,1883060100,
India,IND,1996,2188409900,
India,IND,1997,2040150000,
India,IND,1998,2016350000,
India,IND,1999,1713100000,
India,IND,2000,1767430000,
India,IND,2001,2340889900,
India,IND,2002,2258990000,
India,IND,2003,651260000,
India,IND,2004,960380000,
India,IND,2005,2100129900,
India,IND,2006,1523720000,
India,IND,2007,1213120000,
India,IND,2008,1756010000,
India,IND,2009,1887640000,
India,IND,2010,2592330000,
India,IND,2011,2921379800,
India,IND,2012,1423750000,
India,IND,2013,2273710000,
India,IND,2014,2805520100,
India,IND,2015,3334400000,
India,IND,2016,2691310000,
India,IND,2017,3116889900,
India,IND,2018,2270890000,
India,IND,2019,2286490000,
India,IND,2020,1654520000,
India,IND,2021,2707740000,
India,IND,2022,2816610000,
Indonesia,IDN,1960,830490000,
Indonesia,IDN,1961,1100500000,
Indonesia,IDN,1962,1438520000,
Indonesia,IDN,1963,832349950,
Indonesia,IDN,1964,506330000,
Indonesia,IDN,1965,339220000,
Indonesia,IDN,1966,639920000,
Indonesia,IDN,1967,1700580000,
Indonesia,IDN,1968,2327040000,
Indonesia,IDN,1969,2239139800,
Indonesia,IDN,1970,3044490000,
Indonesia,IDN,1971,3586420000,
Indonesia,IDN,1972,2731360000,
Indonesia,IDN,1973,2783680000,
Indonesia,IDN,1974,2634870000,
Indonesia,IDN,1975,2486630000,
Indonesia,IDN,1976,2292600000,
Indonesia,IDN,1977,1619150100,
Indonesia,IDN,1978,1699310100,
Indonesia,IDN,1979,1831430000,
Indonesia,IDN,1980,2132770000,
Indonesia,IDN,1981,2264280000,
Indonesia,IDN,1982,2160870100,
Indonesia,IDN,1983,1765840000,
Indonesia,IDN,1984,1685780000,
Indonesia,IDN,1985,1518160000,
Indonesia,IDN,1986,1456360000,
Indonesia,IDN,1987,1769700000,
Indonesia,IDN,1988,2020209900,
Indonesia,IDN,1989,2322450000,
Indonesia,IDN,1990,2072860200,
Indonesia,IDN,1991,2136399900,
Indonesia,IDN,1992,2016949900,
Indonesia,IDN,1993,1987600000,
Indonesia,IDN,1994,1532270100,
Indonesia,IDN,1995,1139980000,
Indonesia,IDN,1996,897640000,
Indonesia,IDN,1997,860650050,
Indonesia,IDN,1998,1429980000,
Indonesia,IDN,1999,2149879800,
Indonesia,IDN,2000,1898830000,
Indonesia,IDN,2001,1775610000,
Indonesia,IDN,2002,1713880000,
Indonesia,IDN,2003,1846050000,
Indonesia,IDN,2004,313190000,
Indonesia,IDN,2005,2590800100,
Indonesia,IDN,2006,1521710000,
Indonesia,IDN,2007,738760000,
Indonesia,IDN,2008,865140030,
Indonesia,IDN,2009,951360000,
Indonesia,IDN,2010,1357890000,
Indonesia,IDN,2011,550550000,
Indonesia,IDN,2012,333490000,
Indonesia,IDN,2013,222850000,
Indonesia,IDN,2014,-186850000,
Indonesia,IDN,2015,172120000,
Indonesia,IDN,2016,248430000,
Indonesia,IDN,2017,553780030,
Indonesia,IDN,2018,1158220000,
Indonesia,IDN,2019,-496869980,
Indonesia,IDN,2020,1300110000,
Indonesia,IDN,2021,659620000,
Indonesia,IDN,2022,666590000,
Indus Basin,,1966,302829980,
Indus Basin,,1967,285420000,
Indus Basin,,1968,407160000,
Indus Basin,,1969,288000000,
Indus Basin,,1970,12560000,
Indus Basin,,1971,269970020,
Indus Basin,,1972,265739980,
Indus Basin,,1973,116280000,
Indus Basin,,1974,100170000,
Indus Basin,,1975,54080000,
Indus Basin,,1976,132740010,
Indus Basin,,1977,-11360000,
Indus Basin,,1978,-10610000,
Indus Basin,,1979,-9800000,
Indus Basin,,1980,-8990000,
Indus Basin,,1981,-8210000,
Indus Basin,,1982,-5160000,
Indus Basin,,1983,-2480000,
Indus Basin,,1984,-2390000,
Indus Basin,,1985,-2320000,
Indus Basin,,1986,-2280000,
Indus Basin,,1987,-2220000,
Indus Basin,,1988,-2140000,
Indus Basin,,1989,-4130000,
Indus Basin,,1990,-3980000,
Indus Basin,,1991,2230000,
Indus Basin,,1992,-3760000,
Indus Basin,,1993,95950000,
Inter-American Development Bank,,1968,411760000,
Inter-American Development Bank,,1969,1881230000,
Inter-American Development Bank,,1970,56710000,
Inter-American Development Bank,,1971,270510000,
Inter-American Development Bank,,1972,2654220000,
Inter-American Development Bank,,1973,367050000,
Inter-American Development Bank,,1974,1434710000,
Inter-American Development Bank,,1975,1498870000,
Inter-American Development Bank,,1976,1791920000,
Inter-American Development Bank,,1977,1951640000,
Inter-American Development Bank,,1978,1218780000,
Inter-American Development Bank,,1979,170050000,
Inter-American Development Bank,,1980,432860000,
Inter-American Development Bank,,1981,128940000,
Inter-American Development Bank,,1982,431350000,
Inter-American Development Bank,,1983,226500000,
Inter-American Development Bank,,1984,183500000,
Inter-American Development Bank,,1985,129330000,
Inter-American Development Bank,,1986,219020000,
Inter-American Development Bank,,1987,97720000,
Inter-American Development Bank,,1988,31670000,
Inter-American Development Bank,,1989,108600000,
Inter-American Development Bank,,1990,216240000,
Inter-American Development Bank,,1991,110970000,
Inter-American Development Bank,,1992,237330000,
Inter-American Development Bank,,1993,243630000,
Inter-American Development Bank,,1994,359960000,
Inter-American Development Bank,,1995,135880000,
Inter-American Development Bank,,1996,296460000,
Inter-American Development Bank,,1997,147700000,
Inter-American Development Bank,,1998,270200000,
Inter-American Development Bank,,1999,438280000,
Inter-American Development Bank,,2000,246570000,
Inter-American Development Bank,,2001,218380000,
Inter-American Development Bank,,2002,115550000,
Inter-American Development Bank,,2003,99910000,
Inter-American Development Bank,,2004,68840000,
Inter-American Development Bank,,2005,74310000,
Inter-American Development Bank,,2006,55250000,
Inter-American Development Bank,,2007,88050000,
Inter-American Development Bank,,2008,184830000,
Inter-American Development Bank,,2009,143780000,
Inter-American Development Bank,,2010,69770000,
Inter-American Development Bank,,2011,115480000,
Inter-American Development Bank,,2012,150820000,
Inter-American Development Bank,,2013,92240000,
Inter-American Development Bank,,2014,74490000,
Inter-American Development Bank,,2015,79310000,
Inter-American Development Bank,,2016,109970000,
Inter-American Development Bank,,2017,151270000,
Inter-American Development Bank,,2018,81550000,
Inter-American Development Bank,,2019,209960000,
Inter-American Development Bank,,2020,73650000,
Inter-American Development Bank,,2021,36220000,
Inter-American Development Bank,,2022,22480000,
Inter-American Development Bank Special Operations Fund,,1979,105630000,
Inter-American Development Bank Special Operations Fund,,1980,1432660100,
Inter-American Development Bank Special Operations Fund,,1981,173840000,
Inter-American Development Bank Special Operations Fund,,1982,1289830000,
Inter-American Development Bank Special Operations Fund,,1983,415480000,
Inter-American Development Bank Special Operations Fund,,1984,265970000,
Inter-American Development Bank Special Operations Fund,,1985,233140000,
Inter-American Development Bank Special Operations Fund,,1986,200280000,
Inter-American Development Bank Special Operations Fund,,1987,104440000,
Inter-American Development Bank Special Operations Fund,,1988,14070000,
Inter-American Development Bank Special Operations Fund,,1989,57600000,
Inter-American Development Bank Special Operations Fund,,1990,235770000,
Inter-American Development Bank Special Operations Fund,,1991,20790000,
Inter-American Development Bank Special Operations Fund,,1992,94990000,
Inter-American Development Bank Special Operations Fund,,1993,61370000,
Inter-American Development Bank Special Operations Fund,,1994,41150000,
Inter-American Development Bank Special Operations Fund,,1995,56300000,
Inter-American Development Bank Special Operations Fund,,1996,174520000,
Inter-American Development Bank Special Operations Fund,,1997,214780000,
Inter-American Development Bank Special Operations Fund,,1998,91890000,
Inter-American Development Bank Special Operations Fund,,1999,45340000,
Inter-American Development Bank Special Operations Fund,,2000,79860000,
Inter-American Development Bank Special Operations Fund,,2001,2770000,
Inter-American Development Bank Special Operations Fund,,2002,8060000.5,
Inter-American Development Bank Special Operations Fund,,2003,9880000,
Inter-American Development Bank Special Operations Fund,,2004,6760000,
Inter-American Development Bank Special Operations Fund,,2005,90440000,
Inter-American Development Bank Special Operations Fund,,2006,1910000,
Inter-American Development Bank Special Operations Fund,,2007,13300000,
Inter-American Development Bank Special Operations Fund,,2008,3090000,
Inter-American Development Bank Special Operations Fund,,2009,2970000,
Inter-American Development Bank Special Operations Fund,,2010,271470000,
Inter-American Development Bank Special Operations Fund,,2011,9360000,
Inter-American Development Bank Special Operations Fund,,2012,120680000,
Inter-American Development Bank Special Operations Fund,,2013,154610000,
Inter-American Development Bank Special Operations Fund,,2014,146050000,
Inter-American Development Bank Special Operations Fund,,2015,132539990,
Inter-American Development Bank Special Operations Fund,,2016,122510000,
Inter-American Development Bank Special Operations Fund,,2017,26480000,
Inter-American Development Bank Special Operations Fund,,2018,530000,
Inter-American Development Bank Special Operations Fund,,2019,-60920000,
Inter-American Development Bank Special Operations Fund,,2020,100000,
Inter-American Development Bank Special Operations Fund,,2021,450000,
Inter-American Development Bank Special Operations Fund,,2022,370000,
International Bank for Reconstruction and Development,,1968,75810000,
International Bank for Reconstruction and Development,,1969,77120000,
International Bank for Reconstruction and Development,,1970,85090000,
International Bank for Reconstruction and Development,,1971,334250000,
International Bank for Reconstruction and Development,,1972,434850020,
International Bank for Reconstruction and Development,,1973,164690000,
International Bank for Reconstruction and Development,,1974,268400000,
International Bank for Reconstruction and Development,,1975,188050000,
International Bank for Reconstruction and Development,,1976,306260000,
International Bank for Reconstruction and Development,,1977,696490000,
International Bank for Reconstruction and Development,,1978,706360000,
International Bank for Reconstruction and Development,,1979,110540000,
International Bank for Reconstruction and Development,,1980,252850000,
International Bank for Reconstruction and Development,,1981,168710000,
International Bank for Reconstruction and Development,,1982,2387730000,
International Bank for Reconstruction and Development,,1983,760480000,
International Bank for Reconstruction and Development,,1984,1004170000,
International Bank for Reconstruction and Development,,1985,498020000,
International Bank for Reconstruction and Development,,1986,991720000,
International Bank for Reconstruction and Development,,1987,366709980,
International Bank for Reconstruction and Development,,1988,885099970,
International Bank for Reconstruction and Development,,1989,745110000,
International Bank for Reconstruction and Development,,1990,810160000,
International Bank for Reconstruction and Development,,1991,339660000,
International Bank for Reconstruction and Development,,1992,1016250000,
International Bank for Reconstruction and Development,,1993,371989980,
International Bank for Reconstruction and Development,,1994,266980020,
International Bank for Reconstruction and Development,,1995,346910000,
International Bank for Reconstruction and Development,,1996,144400000,
International Bank for Reconstruction and Development,,1997,321530000,
International Bank for Reconstruction and Development,,1998,191950000,
International Bank for Reconstruction and Development,,1999,180420000,
International Bank for Reconstruction and Development,,2000,132770010,
International Bank for Reconstruction and Development,,2001,588420000,
International Bank for Reconstruction and Development,,2002,506940000,
International Bank for Reconstruction and Development,,2003,528900030,
International Bank for Reconstruction and Development,,2004,938940000,
International Bank for Reconstruction and Development,,2005,516020030,
International Bank for Reconstruction and Development,,2006,473410020,
International Bank for Reconstruction and Development,,2007,445869980,
International Bank for Reconstruction and Development,,2008,307290020,
International Bank for Reconstruction and Development,,2009,301020000,
International Bank for Reconstruction and Development,,2010,432810000,
International Bank for Reconstruction and Development,,2011,542610000,
International Bank for Reconstruction and Development,,2012,747050000,
International Bank for Reconstruction and Development,,2013,785150000,
International Bank for Reconstruction and Development,,2014,768590000,
International Bank for Reconstruction and Development,,2015,557360000,
International Bank for Reconstruction and Development,,2016,451510000,
International Bank for Reconstruction and Development,,2017,105500000,
International Bank for Reconstruction and Development,,2018,117410000,
International Bank for Reconstruction and Development,,2019,1106710000,
International Bank for Reconstruction and Development,,2020,711530050,
International Bank for Reconstruction and Development,,2021,815970000,
International Bank for Reconstruction and Development,,2022,1110270100,
International Development Association,,1968,1067949950,
International Development Association,,1969,3351840000,
International Development Association,,1970,3779660000,
International Development Association,,1971,2133480000,
International Development Association,,1972,5513540000,
International Development Association,,1973,2755439900,
International Development Association,,1974,5824600000,
International Development Association,,1975,5187910000,
International Development Association,,1976,5798450000,
International Development Association,,1977,7828130000,
International Development Association,,1978,10171320000,
International Development Association,,1979,5275950000,
International Development Association,,1980,8043980000,
International Development Association,,1981,6157720000,
International Development Association,,1982,7555569700,
International Development Association,,1983,8161040000,
International Development Association,,1984,7697550000,
International Development Association,,1985,5543330300,
International Development Association,,1986,7722700300,
International Development Association,,1987,7643250000,
International Development Association,,1988,9100060000,
International Development Association,,1989,5357540000,
International Development Association,,1990,6403460000,
International Development Association,,1991,7005120000,
International Development Association,,1992,9465920000,
International Development Association,,1993,7048520000,
International Development Association,,1994,6080160300,
International Development Association,,1995,6285600300,
International Development Association,,1996,5603700000,
International Development Association,,1997,5555610000,
International Development Association,,1998,6075300000,
International Development Association,,1999,4603980000,
International Development Association,,2000,5740359700,
International Development Association,,2001,5803030000,
International Development Association,,2002,5028460000,
International Development Association,,2003,4166600200,
International Development Association,,2004,7130690000,
International Development Association,,2005,5641380000,
International Development Association,,2006,7319940000,
International Development Association,,2007,6062500000,
International Development Association,,2008,7281649700,
International Development Association,,2009,6754230000,
International Development Association,,2010,7844440000,
International Development Association,,2011,8666110000,
International Development Association,,2012,7101470000,
International Development Association,,2013,8003150000,
International Development Association,,2014,8223170000,
International Development Association,,2015,8077939700,
International Development Association,,2016,8510679600,
International Development Association,,2017,8018450400,
International Development Association,,2018,10326370000,
International Development Association,,2019,7573509600,
International Development Association,,2020,7095660000,
International Development Association,,2021,5981370400,
International Development Association,,2022,6176859600,
International Development Association - Multilateral Debt Relief Initiative,,2008,632880000,
International Development Association - Multilateral Debt Relief Initiative,,2009,514030000,
International Development Association - Multilateral Debt Relief Initiative,,2010,245820000,
International Development Association - Multilateral Debt Relief Initiative,,2011,225450000,
International Development Association - Multilateral Debt Relief Initiative,,2012,390360000,
International Development Association - Multilateral Debt Relief Initiative,,2013,306500000,
International Development Association - Multilateral Debt Relief Initiative,,2014,372880000,
International Development Association - Multilateral Debt Relief Initiative,,2015,384149980,
International Development Association - Multilateral Debt Relief Initiative,,2016,397530000,
International Development Association - Multilateral Debt Relief Initiative,,2017,453930000,
International Development Association - Multilateral Debt Relief Initiative,,2018,932859970,
International Development Association - Multilateral Debt Relief Initiative,,2019,712130000,
International Development Association - Multilateral Debt Relief Initiative,,2020,812080000,
International Development Association - Multilateral Debt Relief Initiative,,2021,662700000,
International Development Association - Multilateral Debt Relief Initiative,,2022,674320000,
International Finance Corporation,,1971,37710000,
International Finance Corporation,,1975,19290000,
International Finance Corporation,,1977,12560000,
International Finance Corporation,,1978,256910000,
International Finance Corporation,,1979,130800000,
International Finance Corporation,,1980,187910000,
International Finance Corporation,,1981,118970000,
International Finance Corporation,,1982,153870000,
International Finance Corporation,,1985,20430000,
International Finance Corporation,,1986,194830000,
International Finance Corporation,,1987,215510000,
International Finance Corporation,,1988,137040000,
International Finance Corporation,,1989,82040000,
International Finance Corporation,,1990,318829980,
International Finance Corporation,,1991,20700000,
International Finance Corporation,,1992,204670000,
International Finance Corporation,,1993,199580000,
International Finance Corporation,,1994,192700000,
International Finance Corporation,,1995,175630000,
International Finance Corporation,,1996,230170000,
International Finance Corporation,,1997,71740000,
International Finance Corporation,,1998,28360000,
International Finance Corporation,,1999,19130000,
International Finance Corporation,,2000,9670000,
International Finance Corporation,,2001,10730000,
International Finance Corporation,,2002,18730000,
International Finance Corporation,,2003,18460000,
International Finance Corporation,,2004,33410000,
International Finance Corporation,,2005,37560000,
International Finance Corporation,,2006,29440000,
International Finance Corporation,,2007,31110000,
International Finance Corporation,,2008,30270000,
International Finance Corporation,,2009,33830000,
International Finance Corporation,,2010,21190000,
International Finance Corporation,,2011,5460000,
International Finance Corporation,,2012,12310000,
International Finance Corporation,,2013,12140000,
International Finance Corporation,,2014,30490000,
International Finance Corporation,,2015,31800000,
International Finance Corporation,,2016,12670000,
International Finance Corporation,,2017,5560000,
International Finance Corporation,,2018,4240000,
International Finance Corporation,,2019,6110000,
International Finance Corporation,,2020,188100000,
International Finance Corporation,,2021,790580030,
International Finance Corporation,,2022,676970000,
International Monetary Fund,,1978,21060000,
International Monetary Fund,,1979,17320000,
International Monetary Fund,,1980,61120000,
International Monetary Fund,,1984,12930000,
International Monetary Fund,,1988,104950000,
International Monetary Fund,,1989,389630000,
International Monetary Fund,,1990,922500000,
International Monetary Fund,,1991,404090000,
International Monetary Fund,,1992,459429980,
International Monetary Fund,,1993,462970020,
International Monetary Fund,,1994,644150000,
International Monetary Fund,,1995,711010000,
International Monetary Fund,,1996,599920000,
International Monetary Fund,,1997,542030000,
International Monetary Fund,,1998,709210050,
International Monetary Fund,,1999,768690000,
International Monetary Fund,,2000,344520000,
International Monetary Fund,,2001,481480000,
International Monetary Fund,,2002,305450020,
International Monetary Fund,,2003,140880000,
International Monetary Fund,,2004,95540000,
International Monetary Fund,,2005,86970000,
International Monetary Fund,,2006,-381790000,
International Monetary Fund,,2007,75700000,
International Monetary Fund,,2008,115950000,
International Monetary Fund,,2009,760760000,
International Monetary Fund,,2010,413100000,
International Monetary Fund,,2011,21320000,
International Monetary Fund,,2012,143420000,
International Monetary Fund,,2013,404880000,
International Monetary Fund,,2014,126360000,
International Monetary Fund,,2015,-28870000,
International Monetary Fund,,2016,310330000,
International Monetary Fund,,2017,712760000,
International Monetary Fund,,2018,-218730000,
International Monetary Fund,,2019,-338709980,
International Monetary Fund,,2020,1742590000,
International Monetary Fund,,2021,1338310000,
International Monetary Fund,,2022,587500000,
Iran,IRN,1960,193180000,
Iran,IRN,1961,979880000,
Iran,IRN,1962,417750000,
Iran,IRN,1963,198850000,
Iran,IRN,1964,28580000,
Iran,IRN,1965,170750000,
Iran,IRN,1966,95050000,
Iran,IRN,1967,273700000,
Iran,IRN,1968,69950000,
Iran,IRN,1969,107130000,
Iran,IRN,1970,140470000,
Iran,IRN,1971,53610000,
Iran,IRN,1972,53410000,
Iran,IRN,1973,-22070000,
Iran,IRN,1974,32930000,
Iran,IRN,1975,2870000,
Iran,IRN,1976,-22420000,
Iran,IRN,1977,99730000,
Iran,IRN,1978,619739970,
Iran,IRN,1979,9380000,
Iran,IRN,1980,55360000,
Iran,IRN,1981,16320000,
Iran,IRN,1982,6950000,
Iran,IRN,1983,125800000,
Iran,IRN,1984,30480000,
Iran,IRN,1985,40260000,
Iran,IRN,1986,56390000,
Iran,IRN,1987,127090000,
Iran,IRN,1988,136540000,
Iran,IRN,1989,158010000,
Iran,IRN,1990,191430000,
Iran,IRN,1991,275320000,
Iran,IRN,1992,169680000,
Iran,IRN,1993,202040000,
Iran,IRN,1994,178850000,
Iran,IRN,1995,188260000,
Iran,IRN,1996,160730000,
Iran,IRN,1997,239660000,
Iran,IRN,1998,204360000,
Iran,IRN,1999,201300000,
Iran,IRN,2000,173850000,
Iran,IRN,2001,162350000,
Iran,IRN,2002,167220000,
Iran,IRN,2003,170110000,
Iran,IRN,2004,217070000,
Iran,IRN,2005,117160000,
Iran,IRN,2006,130340000,
Iran,IRN,2007,102980000,
Iran,IRN,2008,93560000,
Iran,IRN,2009,90080000,
Iran,IRN,2010,109750000,
Iran,IRN,2011,101210000,
Iran,IRN,2012,140920000,
Iran,IRN,2013,121560000,
Iran,IRN,2014,79680000,
Iran,IRN,2015,121220000,
Iran,IRN,2016,132600010,
Iran,IRN,2017,148080000,
Iran,IRN,2018,167450000,
Iran,IRN,2019,209590000,
Iran,IRN,2020,234030000,
Iran,IRN,2021,281580000,
Iran,IRN,2022,289589980,
Iraq,IRQ,1960,11440000,
Iraq,IRQ,1961,5590000,
Iraq,IRQ,1962,16740000,
Iraq,IRQ,1963,38020000,
Iraq,IRQ,1964,90540000,
Iraq,IRQ,1965,84520000,
Iraq,IRQ,1966,27620000,
Iraq,IRQ,1967,25530000,
Iraq,IRQ,1968,15780000,
Iraq,IRQ,1969,28400000,
Iraq,IRQ,1970,54430000,
Iraq,IRQ,1971,101420000,
Iraq,IRQ,1972,127650000,
Iraq,IRQ,1973,65660004,
Iraq,IRQ,1974,18020000,
Iraq,IRQ,1975,405610000,
Iraq,IRQ,1976,71050000,
Iraq,IRQ,1977,215920000,
Iraq,IRQ,1978,177230000,
Iraq,IRQ,1979,69110000,
Iraq,IRQ,1980,26840000,
Iraq,IRQ,1981,650010000,
Iraq,IRQ,1982,8980000,
Iraq,IRQ,1983,16400000,
Iraq,IRQ,1984,-300000,
Iraq,IRQ,1985,42020000,
Iraq,IRQ,1986,46570000,
Iraq,IRQ,1987,104890000,
Iraq,IRQ,1988,18550000,
Iraq,IRQ,1989,28580000,
Iraq,IRQ,1990,105550000,
Iraq,IRQ,1991,960040000,
Iraq,IRQ,1992,194400000,
Iraq,IRQ,1993,248070000,
Iraq,IRQ,1994,401650000,
Iraq,IRQ,1995,482210000,
Iraq,IRQ,1996,486840000,
Iraq,IRQ,1997,309180000,
Iraq,IRQ,1998,177230000,
Iraq,IRQ,1999,130170000,
Iraq,IRQ,2000,171390000,
Iraq,IRQ,2001,208520000,
Iraq,IRQ,2002,184580000,
Iraq,IRQ,2003,3403290000,
Iraq,IRQ,2004,6156990500,
Iraq,IRQ,2005,27361740000,
Iraq,IRQ,2006,11032800000,
Iraq,IRQ,2007,10512940000,
Iraq,IRQ,2008,10153330000,
Iraq,IRQ,2009,3523060000,
Iraq,IRQ,2010,2628870100,
Iraq,IRQ,2011,2118780000,
Iraq,IRQ,2012,1305070000,
Iraq,IRQ,2013,1480449900,
Iraq,IRQ,2014,1343770000,
Iraq,IRQ,2015,1615479900,
Iraq,IRQ,2016,2411100200,
Iraq,IRQ,2017,3079540000,
Iraq,IRQ,2018,2343070000,
Iraq,IRQ,2019,2206169900,
Iraq,IRQ,2020,2321710000,
Iraq,IRQ,2021,1746000000,
Iraq,IRQ,2022,1569810000,
Israel,ISR,1960,825450000,
Israel,ISR,1961,804980000,
Israel,ISR,1962,767630000,
Israel,ISR,1963,797179970,
Israel,ISR,1964,657820000,
Israel,ISR,1965,822040000,
Israel,ISR,1966,727430000,
Israel,ISR,1967,451860000,
Israel,ISR,1968,382950000,
Israel,ISR,1969,321640000,
Israel,ISR,1970,417690020,
Israel,ISR,1971,442410020,
Israel,ISR,1972,469760000,
Israel,ISR,1973,909410000,
Israel,ISR,1974,514590000,
Israel,ISR,1975,1950980000,
Israel,ISR,1976,2566639900,
Israel,ISR,1977,3000440000,
Israel,ISR,1978,3131610000,
Israel,ISR,1979,3841490000,
Israel,ISR,1980,2583990000,
Israel,ISR,1981,2114120100,
Israel,ISR,1982,2219530000,
Israel,ISR,1983,3351120100,
Israel,ISR,1984,3042659800,
Israel,ISR,1985,4613600000,
Israel,ISR,1986,4403500000,
Israel,ISR,1987,2756090000,
Israel,ISR,1988,2640720000,
Israel,ISR,1989,2449860000,
Israel,ISR,1990,2689350100,
Israel,ISR,1991,3151660000,
Israel,ISR,1992,3797280000,
Israel,ISR,1993,2317550000,
Israel,ISR,1994,2236409900,
Israel,ISR,1995,588870000,
Israel,ISR,1996,3857630000,
Jamaica,JAM,1961,103120000,
Jamaica,JAM,1962,119020000,
Jamaica,JAM,1963,26340000,
Jamaica,JAM,1964,30500000,
Jamaica,JAM,1965,79940000,
Jamaica,JAM,1966,77330000,
Jamaica,JAM,1967,69270000,
Jamaica,JAM,1968,124520000,
Jamaica,JAM,1969,97520000,
Jamaica,JAM,1970,68270000,
Jamaica,JAM,1971,110380000,
Jamaica,JAM,1972,97740000,
Jamaica,JAM,1973,79630000,
Jamaica,JAM,1974,100340000,
Jamaica,JAM,1975,82830000,
Jamaica,JAM,1976,76120000,
Jamaica,JAM,1977,87300000,
Jamaica,JAM,1978,374530000,
Jamaica,JAM,1979,318910000,
Jamaica,JAM,1980,274660000,
Jamaica,JAM,1981,361790000,
Jamaica,JAM,1982,421370000,
Jamaica,JAM,1983,432780000,
Jamaica,JAM,1984,411880000,
Jamaica,JAM,1985,393530000,
Jamaica,JAM,1986,394280000,
Jamaica,JAM,1987,342570020,
Jamaica,JAM,1988,356989980,
Jamaica,JAM,1989,475309980,
Jamaica,JAM,1990,442080000,
Jamaica,JAM,1991,251420000,
Jamaica,JAM,1992,210400000,
Jamaica,JAM,1993,185740000,
Jamaica,JAM,1994,194550000,
Jamaica,JAM,1995,159220000,
Jamaica,JAM,1996,74270000,
Jamaica,JAM,1997,95180000,
Jamaica,JAM,1998,26220000,
Jamaica,JAM,1999,-20560000,
Jamaica,JAM,2000,34590000,
Jamaica,JAM,2001,105340000,
Jamaica,JAM,2002,48780000,
Jamaica,JAM,2003,22140000,
Jamaica,JAM,2004,111750000,
Jamaica,JAM,2005,59940000,
Jamaica,JAM,2006,49640000,
Jamaica,JAM,2007,30940000,
Jamaica,JAM,2008,83080000,
Jamaica,JAM,2009,149420000,
Jamaica,JAM,2010,139070000,
Jamaica,JAM,2011,46540000,
Jamaica,JAM,2012,35910000,
Jamaica,JAM,2013,72920000,
Jamaica,JAM,2014,95120000,
Jamaica,JAM,2015,67480000,
Jamaica,JAM,2016,34060000,
Jamaica,JAM,2017,69770000,
Jamaica,JAM,2018,106060000,
Jamaica,JAM,2019,132619990,
Jamaica,JAM,2020,68680000,
Jamaica,JAM,2021,59260000,
Jamaica,JAM,2022,95140000,
Jordan,JOR,1960,711930000,
Jordan,JOR,1961,731099970,
Jordan,JOR,1962,637780030,
Jordan,JOR,1963,629720000,
Jordan,JOR,1964,571510000,
Jordan,JOR,1965,511880000,
Jordan,JOR,1966,551390000,
Jordan,JOR,1967,376500000,
Jordan,JOR,1968,312170020,
Jordan,JOR,1969,326940000,
Jordan,JOR,1970,529860000,
Jordan,JOR,1971,380910000,
Jordan,JOR,1972,597370000,
Jordan,JOR,1973,1007760000,
Jordan,JOR,1974,1370240000,
Jordan,JOR,1975,1932630000,
Jordan,JOR,1976,2168080100,
Jordan,JOR,1977,1540630000,
Jordan,JOR,1978,1455110000,
Jordan,JOR,1979,3863580200,
Jordan,JOR,1980,3841050000,
Jordan,JOR,1981,3113040100,
Jordan,JOR,1982,2299139800,
Jordan,JOR,1983,2171290000,
Jordan,JOR,1984,1803959900,
Jordan,JOR,1985,1573329900,
Jordan,JOR,1986,1319990000,
Jordan,JOR,1987,1205410000,
Jordan,JOR,1988,831490000,
Jordan,JOR,1989,592469950,
Jordan,JOR,1990,1406839900,
Jordan,JOR,1991,1185579900,
Jordan,JOR,1992,553050000,
Jordan,JOR,1993,444660000,
Jordan,JOR,1994,462050000,
Jordan,JOR,1995,622160000,
Jordan,JOR,1996,604760000,
Jordan,JOR,1997,604020030,
Jordan,JOR,1998,599750000,
Jordan,JOR,1999,622150000,
Jordan,JOR,2000,800130000,
Jordan,JOR,2001,694550000,
Jordan,JOR,2002,875750000,
Jordan,JOR,2003,1926960000,
Jordan,JOR,2004,844050000,
Jordan,JOR,2005,931330050,
Jordan,JOR,2006,754410000,
Jordan,JOR,2007,766310000,
Jordan,JOR,2008,878090050,
Jordan,JOR,2009,884970000,
Jordan,JOR,2010,1110900000,
Jordan,JOR,2011,1123630000,
Jordan,JOR,2012,1289350000,
Jordan,JOR,2013,1513660000,
Jordan,JOR,2014,2926690000,
Jordan,JOR,2015,2413250000,
Jordan,JOR,2016,3073100000,
Jordan,JOR,2017,3271820000,
Jordan,JOR,2018,2756340000,
Jordan,JOR,2019,2912150000,
Jordan,JOR,2020,3259210000,
Jordan,JOR,2021,3418850000,
Jordan,JOR,2022,1985760000,
Kazakhstan,KAZ,1991,164720000,
Kazakhstan,KAZ,1992,16240000,
Kazakhstan,KAZ,1993,24910000,
Kazakhstan,KAZ,1994,76850000,
Kazakhstan,KAZ,1995,73410000,
Kazakhstan,KAZ,1996,174580000,
Kazakhstan,KAZ,1997,162470000,
Kazakhstan,KAZ,1998,265859980,
Kazakhstan,KAZ,1999,211800000,
Kazakhstan,KAZ,2000,228090000,
Kazakhstan,KAZ,2001,208790000,
Kazakhstan,KAZ,2002,274269980,
Kazakhstan,KAZ,2003,327730020,
Kazakhstan,KAZ,2004,283630000,
Kazakhstan,KAZ,2005,237290000,
Kazakhstan,KAZ,2006,193430000,
Kazakhstan,KAZ,2007,272800000,
Kazakhstan,KAZ,2008,355770000,
Kazakhstan,KAZ,2009,276260000,
Kazakhstan,KAZ,2010,214990000,
Kazakhstan,KAZ,2011,190210000,
Kazakhstan,KAZ,2012,123070000,
Kazakhstan,KAZ,2013,83040000,
Kazakhstan,KAZ,2014,88570000,
Kazakhstan,KAZ,2015,88240000,
Kazakhstan,KAZ,2016,73120000,
Kazakhstan,KAZ,2017,68630000,
Kazakhstan,KAZ,2018,86280000,
Kazakhstan,KAZ,2019,63620000,
Kazakhstan,KAZ,2020,83160000,
Kazakhstan,KAZ,2021,62750000,
Kazakhstan,KAZ,2022,73820000,
Kenya,KEN,1960,220970000,
Kenya,KEN,1961,629349950,
Kenya,KEN,1962,469800000,
Kenya,KEN,1963,521460030,
Kenya,KEN,1964,513479970,
Kenya,KEN,1965,610260030,
Kenya,KEN,1966,432950000,
Kenya,KEN,1967,290709980,
Kenya,KEN,1968,475490000,
Kenya,KEN,1969,432180000,
Kenya,KEN,1970,419250000,
Kenya,KEN,1971,448340000,
Kenya,KEN,1972,433980000,
Kenya,KEN,1973,484340000,
Kenya,KEN,1974,532150000,
Kenya,KEN,1975,481029980,
Kenya,KEN,1976,586800000,
Kenya,KEN,1977,559770050,
Kenya,KEN,1978,746570000,
Kenya,KEN,1979,900539970,
Kenya,KEN,1980,943960000,
Kenya,KEN,1981,1156170000,
Kenya,KEN,1982,1274680000,
Kenya,KEN,1983,1032290050,
Kenya,KEN,1984,1125840000,
Kenya,KEN,1985,1160900000,
Kenya,KEN,1986,982580030,
Kenya,KEN,1987,1034110000,
Kenya,KEN,1988,1380820000,
Kenya,KEN,1989,1771670000,
Kenya,KEN,1990,1797100000,
Kenya,KEN,1991,1265670000,
Kenya,KEN,1992,1189800100,
Kenya,KEN,1993,1254540000,
Kenya,KEN,1994,880420000,
Kenya,KEN,1995,820430000,
Kenya,KEN,1996,725640000,
Kenya,KEN,1997,597730000,
Kenya,KEN,1998,568990000,
Kenya,KEN,1999,415210000,
Kenya,KEN,2000,725739970,
Kenya,KEN,2001,720290000,
Kenya,KEN,2002,579840000,
Kenya,KEN,2003,704770050,
Kenya,KEN,2004,787860000,
Kenya,KEN,2005,887000000,
Kenya,KEN,2006,1090320000,
Kenya,KEN,2007,1327840000,
Kenya,KEN,2008,1355729900,
Kenya,KEN,2009,1896849900,
Kenya,KEN,2010,1803630000,
Kenya,KEN,2011,2573950000,
Kenya,KEN,2012,2797630000,
Kenya,KEN,2013,3386240000,
Kenya,KEN,2014,2753250000,
Kenya,KEN,2015,2729260000,
Kenya,KEN,2016,2466130000,
Kenya,KEN,2017,2744680000,
Kenya,KEN,2018,2645480000,
Kenya,KEN,2019,3360340000,
Kenya,KEN,2020,4114620200,
Kenya,KEN,2021,3101740000,
Kenya,KEN,2022,2637070000,
Kiribati,KIR,1960,210000,
Kiribati,KIR,1961,2660000,
Kiribati,KIR,1962,3150000,
Kiribati,KIR,1963,3990000,
Kiribati,KIR,1964,2620000,
Kiribati,KIR,1965,3800000,
Kiribati,KIR,1966,5240000,
Kiribati,KIR,1967,11990000,
Kiribati,KIR,1968,11750000,
Kiribati,KIR,1969,11830000,
Kiribati,KIR,1970,17000000,
Kiribati,KIR,1971,18000000,
Kiribati,KIR,1972,27160000,
Kiribati,KIR,1973,35600000,
Kiribati,KIR,1974,29960000,
Kiribati,KIR,1975,25800000,
Kiribati,KIR,1976,19090000,
Kiribati,KIR,1977,26120000,
Kiribati,KIR,1978,35020000,
Kiribati,KIR,1979,26630000,
Kiribati,KIR,1980,43220000,
Kiribati,KIR,1981,36350000,
Kiribati,KIR,1982,36420000,
Kiribati,KIR,1983,42020000,
Kiribati,KIR,1984,30500000,
Kiribati,KIR,1985,32210000,
Kiribati,KIR,1986,28570000,
Kiribati,KIR,1987,31310000,
Kiribati,KIR,1988,25140000,
Kiribati,KIR,1989,28230000,
Kiribati,KIR,1990,27460000,
Kiribati,KIR,1991,27200000,
Kiribati,KIR,1992,32490002,
Kiribati,KIR,1993,22300000,
Kiribati,KIR,1994,22610000,
Kiribati,KIR,1995,19770000,
Kiribati,KIR,1996,17580000,
Kiribati,KIR,1997,21560000,
Kiribati,KIR,1998,25990000,
Kiribati,KIR,1999,27310000,
Kiribati,KIR,2000,25430000,
Kiribati,KIR,2001,22220000,
Kiribati,KIR,2002,32169998,
Kiribati,KIR,2003,24170000,
Kiribati,KIR,2004,20020000,
Kiribati,KIR,2005,29710000,
Kiribati,KIR,2006,29030000,
Kiribati,KIR,2007,28280000,
Kiribati,KIR,2008,27300000,
Kiribati,KIR,2009,27650000,
Kiribati,KIR,2010,23240000,
Kiribati,KIR,2011,57150000,
Kiribati,KIR,2012,55110000,
Kiribati,KIR,2013,58950000,
Kiribati,KIR,2014,76600000,
Kiribati,KIR,2015,72680000,
Kiribati,KIR,2016,67370000,
Kiribati,KIR,2017,81560000,
Kiribati,KIR,2018,80130000,
Kiribati,KIR,2019,59100000,
Kiribati,KIR,2020,59440000,
Kiribati,KIR,2021,70420000,
Kiribati,KIR,2022,91110000,
Kosovo,OWID_KOS,2009,823450000,
Kosovo,OWID_KOS,2010,521930000,
Kosovo,OWID_KOS,2011,539370000,
Kosovo,OWID_KOS,2012,574200000,
Kosovo,OWID_KOS,2013,554050000,
Kosovo,OWID_KOS,2014,557860000,
Kosovo,OWID_KOS,2015,481050000,
Kosovo,OWID_KOS,2016,406680000,
Kosovo,OWID_KOS,2017,420330000,
Kosovo,OWID_KOS,2018,353720000,
Kosovo,OWID_KOS,2019,361740000,
Kosovo,OWID_KOS,2020,551650050,
Kosovo,OWID_KOS,2021,435200000,
Kosovo,OWID_KOS,2022,381390000,
Kuwait,KWT,1961,-1320000,
Kuwait,KWT,1962,-19790000,
Kuwait,KWT,1963,-7870000,
Kuwait,KWT,1964,-6680000,
Kuwait,KWT,1965,-9530000,
Kuwait,KWT,1966,-10450000,
Kuwait,KWT,1967,-10210000,
Kuwait,KWT,1968,70000,
Kuwait,KWT,1969,2130000,
Kuwait,KWT,1970,2290000,
Kuwait,KWT,1971,3110000,
Kuwait,KWT,1972,3270000,
Kuwait,KWT,1973,1870000,
Kuwait,KWT,1974,1570000,
Kuwait,KWT,1975,1180000,
Kuwait,KWT,1976,580000,
Kuwait,KWT,1977,1470000,
Kuwait,KWT,1978,2280000,
Kuwait,KWT,1979,2780000,
Kuwait,KWT,1980,22910000,
Kuwait,KWT,1981,23550000,
Kuwait,KWT,1982,14880000,
Kuwait,KWT,1983,13450000,
Kuwait,KWT,1984,12390000,
Kuwait,KWT,1985,11550000,
Kuwait,KWT,1986,10040000,
Kuwait,KWT,1987,5490000,
Kuwait,KWT,1988,7900000,
Kuwait,KWT,1989,7580000,
Kuwait,KWT,1990,19260000,
Kuwait,KWT,1991,17110000,
Kuwait,KWT,1992,8890000,
Kuwait,KWT,1993,2590000,
Kuwait,KWT,1994,5760000,
Kuwait,KWT,1995,4890000,
Kyrgyzstan,KGZ,1992,23900000,
Kyrgyzstan,KGZ,1993,161480000,
Kyrgyzstan,KGZ,1994,219590000,
Kyrgyzstan,KGZ,1995,283829980,
Kyrgyzstan,KGZ,1996,252840000,
Kyrgyzstan,KGZ,1997,256700020,
Kyrgyzstan,KGZ,1998,272170020,
Kyrgyzstan,KGZ,1999,259450020,
Kyrgyzstan,KGZ,2000,259890020,
Kyrgyzstan,KGZ,2001,189870000,
Kyrgyzstan,KGZ,2002,241160000,
Kyrgyzstan,KGZ,2003,224520000,
Kyrgyzstan,KGZ,2004,239610000,
Kyrgyzstan,KGZ,2005,260450020,
Kyrgyzstan,KGZ,2006,276120000,
Kyrgyzstan,KGZ,2007,199340000,
Kyrgyzstan,KGZ,2008,280750000,
Kyrgyzstan,KGZ,2009,245910000,
Kyrgyzstan,KGZ,2010,355549980,
Kyrgyzstan,KGZ,2011,394580000,
Kyrgyzstan,KGZ,2012,400450020,
Kyrgyzstan,KGZ,2013,419090000,
Kyrgyzstan,KGZ,2014,394000000,
Kyrgyzstan,KGZ,2015,459980000,
Kyrgyzstan,KGZ,2016,344400000,
Kyrgyzstan,KGZ,2017,354589980,
Kyrgyzstan,KGZ,2018,383580000,
Kyrgyzstan,KGZ,2019,358900000,
Kyrgyzstan,KGZ,2020,446060000,
Kyrgyzstan,KGZ,2021,438630000,
Kyrgyzstan,KGZ,2022,733960000,
Land-locked developing countries (OECD),,1960,1357100000,
Land-locked developing countries (OECD),,1961,1929920000,
Land-locked developing countries (OECD),,1962,1965020000,
Land-locked developing countries (OECD),,1963,2278730000,
Land-locked developing countries (OECD),,1964,3053370000,
Land-locked developing countries (OECD),,1965,3162969900,
Land-locked developing countries (OECD),,1966,3329050000,
Land-locked developing countries (OECD),,1967,3519449900,
Land-locked developing countries (OECD),,1968,3501090000,
Land-locked developing countries (OECD),,1969,3164480000,
Land-locked developing countries (OECD),,1970,3123030000,
Land-locked developing countries (OECD),,1971,3385480000,
Land-locked developing countries (OECD),,1972,3610790100,
Land-locked developing countries (OECD),,1973,3785290000,
Land-locked developing countries (OECD),,1974,4784120300,
Land-locked developing countries (OECD),,1975,4876030000,
Land-locked developing countries (OECD),,1976,4219149800,
Land-locked developing countries (OECD),,1977,4509050000,
Land-locked developing countries (OECD),,1978,5464810000,
Land-locked developing countries (OECD),,1979,5951980000,
Land-locked developing countries (OECD),,1980,6286970400,
Land-locked developing countries (OECD),,1981,6602370000,
Land-locked developing countries (OECD),,1982,7043050000,
Land-locked developing countries (OECD),,1983,7144110000,
Land-locked developing countries (OECD),,1984,8378580000,
Land-locked developing countries (OECD),,1985,9954590000,
Land-locked developing countries (OECD),,1986,9121040000,
Land-locked developing countries (OECD),,1987,8910451000,
Land-locked developing countries (OECD),,1988,10011680000,
Land-locked developing countries (OECD),,1989,9973680000,
Land-locked developing countries (OECD),,1990,10437790000,
Land-locked developing countries (OECD),,1991,11876630000,
Land-locked developing countries (OECD),,1992,12083429000,
Land-locked developing countries (OECD),,1993,11413309000,
Land-locked developing countries (OECD),,1994,12475560000,
Land-locked developing countries (OECD),,1995,12917580000,
Land-locked developing countries (OECD),,1996,10569300000,
Land-locked developing countries (OECD),,1997,10438300000,
Land-locked developing countries (OECD),,1998,9960190000,
Land-locked developing countries (OECD),,1999,10253150000,
Land-locked developing countries (OECD),,2000,10654780000,
Land-locked developing countries (OECD),,2001,12879100000,
Land-locked developing countries (OECD),,2002,15016200000,
Land-locked developing countries (OECD),,2003,15656260000,
Land-locked developing countries (OECD),,2004,16874429000,
Land-locked developing countries (OECD),,2005,17737390000,
Land-locked developing countries (OECD),,2006,19129051000,
Land-locked developing countries (OECD),,2007,18677561000,
Land-locked developing countries (OECD),,2008,21256010000,
Land-locked developing countries (OECD),,2009,22816039000,
Land-locked developing countries (OECD),,2010,25890490000,
Land-locked developing countries (OECD),,2011,25609330000,
Land-locked developing countries (OECD),,2012,27052820000,
Land-locked developing countries (OECD),,2013,26197608000,
Land-locked developing countries (OECD),,2014,26120538000,
Land-locked developing countries (OECD),,2015,27070270000,
Land-locked developing countries (OECD),,2016,28487821000,
Land-locked developing countries (OECD),,2017,30450160000,
Land-locked developing countries (OECD),,2018,30116028000,
Land-locked developing countries (OECD),,2019,31159400000,
Land-locked developing countries (OECD),,2020,36118910000,
Land-locked developing countries (OECD),,2021,31230830000,
Land-locked developing countries (OECD),,2022,32166190000,
Laos,LAO,1960,254620000,
Laos,LAO,1961,390090000,
Laos,LAO,1962,234460000,
Laos,LAO,1963,275940000,
Laos,LAO,1964,340220000,
Laos,LAO,1965,495730020,
Laos,LAO,1966,493560000,
Laos,LAO,1967,511340000,
Laos,LAO,1968,401620000,
Laos,LAO,1969,424680000,
Laos,LAO,1970,420820000,
Laos,LAO,1971,412589980,
Laos,LAO,1972,357810000,
Laos,LAO,1973,363260000,
Laos,LAO,1974,258290020,
Laos,LAO,1975,139610000,
Laos,LAO,1976,92830000,
Laos,LAO,1977,94520000,
Laos,LAO,1978,189370000,
Laos,LAO,1979,125790000,
Laos,LAO,1980,99140000,
Laos,LAO,1981,96360000,
Laos,LAO,1982,96640000,
Laos,LAO,1983,78860000,
Laos,LAO,1984,85390000,
Laos,LAO,1985,86980000,
Laos,LAO,1986,82770000,
Laos,LAO,1987,89210000,
Laos,LAO,1988,107700000,
Laos,LAO,1989,168520000,
Laos,LAO,1990,149230000,
Laos,LAO,1991,149810000,
Laos,LAO,1992,191530000,
Laos,LAO,1993,205980000,
Laos,LAO,1994,235400000,
Laos,LAO,1995,259590000,
Laos,LAO,1996,295450020,
Laos,LAO,1997,306040000,
Laos,LAO,1998,272470000,
Laos,LAO,1999,287510000,
Laos,LAO,2000,288670000,
Laos,LAO,2001,288730020,
Laos,LAO,2002,313500000,
Laos,LAO,2003,301300000,
Laos,LAO,2004,253650000,
Laos,LAO,2005,268350000,
Laos,LAO,2006,336220000,
Laos,LAO,2007,309440000,
Laos,LAO,2008,407220000,
Laos,LAO,2009,332560000,
Laos,LAO,2010,363010020,
Laos,LAO,2011,339070000,
Laos,LAO,2012,374520000,
Laos,LAO,2013,398860000,
Laos,LAO,2014,450970020,
Laos,LAO,2015,495090000,
Laos,LAO,2016,425829980,
Laos,LAO,2017,499429980,
Laos,LAO,2018,588740000,
Laos,LAO,2019,640130000,
Laos,LAO,2020,529140000,
Laos,LAO,2021,549750000,
Laos,LAO,2022,546280000,
Least developed countries (OECD),,1960,3417150000,
Least developed countries (OECD),,1961,4554540000,
Least developed countries (OECD),,1962,4989750000,
Least developed countries (OECD),,1963,4897110000,
Least developed countries (OECD),,1964,6268940000,
Least developed countries (OECD),,1965,6705150000,
Least developed countries (OECD),,1966,6773060000,
Least developed countries (OECD),,1967,6476710000,
Least developed countries (OECD),,1968,6075490300,
Least developed countries (OECD),,1969,5571390000,
Least developed countries (OECD),,1970,5636830000,
Least developed countries (OECD),,1971,6595300000,
Least developed countries (OECD),,1972,8061630000,
Least developed countries (OECD),,1973,9856321000,
Least developed countries (OECD),,1974,14037480000,
Least developed countries (OECD),,1975,16333110000,
Least developed countries (OECD),,1976,13547840000,
Least developed countries (OECD),,1977,15320620000,
Least developed countries (OECD),,1978,17301040000,
Least developed countries (OECD),,1979,18911212000,
Least developed countries (OECD),,1980,20190240000,
Least developed countries (OECD),,1981,20165460000,
Least developed countries (OECD),,1982,21895510000,
Least developed countries (OECD),,1983,20734350000,
Least developed countries (OECD),,1984,22038028000,
Least developed countries (OECD),,1985,24276410000,
Least developed countries (OECD),,1986,23511882000,
Least developed countries (OECD),,1987,23400830000,
Least developed countries (OECD),,1988,22796270000,
Least developed countries (OECD),,1989,23106620000,
Least developed countries (OECD),,1990,24485610000,
Least developed countries (OECD),,1991,23524660000,
Least developed countries (OECD),,1992,23200430000,
Least developed countries (OECD),,1993,21843590000,
Least developed countries (OECD),,1994,22746600000,
Least developed countries (OECD),,1995,20655491000,
Least developed countries (OECD),,1996,17196320000,
Least developed countries (OECD),,1997,17622190000,
Least developed countries (OECD),,1998,17247230000,
Least developed countries (OECD),,1999,17091769000,
Least developed countries (OECD),,2000,18152250000,
Least developed countries (OECD),,2001,21299288000,
Least developed countries (OECD),,2002,26143450000,
Least developed countries (OECD),,2003,31670180000,
Least developed countries (OECD),,2004,30673010000,
Least developed countries (OECD),,2005,30497370000,
Least developed countries (OECD),,2006,32844450000,
Least developed countries (OECD),,2007,30581561000,
Least developed countries (OECD),,2008,35095160000,
Least developed countries (OECD),,2009,37049127000,
Least developed countries (OECD),,2010,45872013000,
Least developed countries (OECD),,2011,44513210000,
Least developed countries (OECD),,2012,43708740000,
Least developed countries (OECD),,2013,47440160000,
Least developed countries (OECD),,2014,43916698000,
Least developed countries (OECD),,2015,47592140000,
Least developed countries (OECD),,2016,48070173000,
Least developed countries (OECD),,2017,52991197000,
Least developed countries (OECD),,2018,56472210000,
Least developed countries (OECD),,2019,56030320000,
Least developed countries (OECD),,2020,66097283000,
Least developed countries (OECD),,2021,59998650000,
Least developed countries (OECD),,2022,57326460000,
Lebanon,LBN,1960,105780000,
Lebanon,LBN,1961,99880000,
Lebanon,LBN,1962,70960000,
Lebanon,LBN,1963,61840000,
Lebanon,LBN,1964,22690000,
Lebanon,LBN,1965,63010000,
Lebanon,LBN,1966,60810000,
Lebanon,LBN,1967,60640000,
Lebanon,LBN,1968,132140000,
Lebanon,LBN,1969,59130000,
Lebanon,LBN,1970,128550000,
Lebanon,LBN,1971,36350000,
Lebanon,LBN,1972,83050000,
Lebanon,LBN,1973,59130000,
Lebanon,LBN,1974,610700000,
Lebanon,LBN,1975,55910000,
Lebanon,LBN,1976,150470000,
Lebanon,LBN,1977,476600000,
Lebanon,LBN,1978,709500000,
Lebanon,LBN,1979,333070000,
Lebanon,LBN,1980,716570000,
Lebanon,LBN,1981,1146770000,
Lebanon,LBN,1982,493910000,
Lebanon,LBN,1983,329910000,
Lebanon,LBN,1984,202100000,
Lebanon,LBN,1985,216520000,
Lebanon,LBN,1986,135140000,
Lebanon,LBN,1987,192500000,
Lebanon,LBN,1988,255360000,
Lebanon,LBN,1989,212340000,
Lebanon,LBN,1990,439829980,
Lebanon,LBN,1991,188970000,
Lebanon,LBN,1992,155610000,
Lebanon,LBN,1993,204790000,
Lebanon,LBN,1994,322440000,
Lebanon,LBN,1995,237650000,
Lebanon,LBN,1996,307760000,
Lebanon,LBN,1997,366690020,
Lebanon,LBN,1998,484829980,
Lebanon,LBN,1999,281109980,
Lebanon,LBN,2000,315549980,
Lebanon,LBN,2001,311920000,
Lebanon,LBN,2002,306400000,
Lebanon,LBN,2003,699010000,
Lebanon,LBN,2004,318029980,
Lebanon,LBN,2005,274960000,
Lebanon,LBN,2006,926520000,
Lebanon,LBN,2007,1033380030,
Lebanon,LBN,2008,1055949950,
Lebanon,LBN,2009,577550000,
Lebanon,LBN,2010,457560000,
Lebanon,LBN,2011,469380000,
Lebanon,LBN,2012,779210050,
Lebanon,LBN,2013,606330050,
Lebanon,LBN,2014,806859970,
Lebanon,LBN,2015,1088390000,
Lebanon,LBN,2016,1267540100,
Lebanon,LBN,2017,1441680000,
Lebanon,LBN,2018,1494820000,
Lebanon,LBN,2019,1336900000,
Lebanon,LBN,2020,1488640000,
Lebanon,LBN,2021,1367550100,
Lebanon,LBN,2022,1426260000,
Lesotho,LSO,1960,16410000,
Lesotho,LSO,1961,42230000,
Lesotho,LSO,1962,57990000,
Lesotho,LSO,1963,54370000,
Lesotho,LSO,1964,53170000,
Lesotho,LSO,1965,83270000,
Lesotho,LSO,1966,103670000,
Lesotho,LSO,1967,111040000,
Lesotho,LSO,1968,113510000,
Lesotho,LSO,1969,103520000,
Lesotho,LSO,1970,63320000,
Lesotho,LSO,1971,106870000,
Lesotho,LSO,1972,82350000,
Lesotho,LSO,1973,73040000,
Lesotho,LSO,1974,96060000,
Lesotho,LSO,1975,116270000,
Lesotho,LSO,1976,108180000,
Lesotho,LSO,1977,132050000,
Lesotho,LSO,1978,159740000,
Lesotho,LSO,1979,181980000,
Lesotho,LSO,1980,230480000,
Lesotho,LSO,1981,265760020,
Lesotho,LSO,1982,242930000,
Lesotho,LSO,1983,279690020,
Lesotho,LSO,1984,265060000,
Lesotho,LSO,1985,245830000,
Lesotho,LSO,1986,189090000,
Lesotho,LSO,1987,199880000,
Lesotho,LSO,1988,201420000,
Lesotho,LSO,1989,240210000,
Lesotho,LSO,1990,217040000,
Lesotho,LSO,1991,187300000,
Lesotho,LSO,1992,205760000,
Lesotho,LSO,1993,217120000,
Lesotho,LSO,1994,168380000,
Lesotho,LSO,1995,149660000,
Lesotho,LSO,1996,131929990,
Lesotho,LSO,1997,128690000,
Lesotho,LSO,1998,86550000,
Lesotho,LSO,1999,45460000,
Lesotho,LSO,2000,59760000,
Lesotho,LSO,2001,85410000,
Lesotho,LSO,2002,114240000,
Lesotho,LSO,2003,100570000,
Lesotho,LSO,2004,112680000,
Lesotho,LSO,2005,76770000,
Lesotho,LSO,2006,78130000,
Lesotho,LSO,2007,123750000,
Lesotho,LSO,2008,121260000,
Lesotho,LSO,2009,117460000,
Lesotho,LSO,2010,273670000,
Lesotho,LSO,2011,271230000,
Lesotho,LSO,2012,307589980,
Lesotho,LSO,2013,355600000,
Lesotho,LSO,2014,114220000,
Lesotho,LSO,2015,97970000,
Lesotho,LSO,2016,128149990,
Lesotho,LSO,2017,164170000,
Lesotho,LSO,2018,168400000,
Lesotho,LSO,2019,151480000,
Lesotho,LSO,2020,181180000,
Lesotho,LSO,2021,180770000,
Lesotho,LSO,2022,152340000,
Liberia,LBR,1960,74370000,
Liberia,LBR,1961,197060000,
Liberia,LBR,1962,572560000,
Liberia,LBR,1963,238940000,
Liberia,LBR,1964,113220000,
Liberia,LBR,1965,245660000,
Liberia,LBR,1966,263590000,
Liberia,LBR,1967,170590000,
Liberia,LBR,1968,105370000,
Liberia,LBR,1969,101000000,
Liberia,LBR,1970,78060000,
Liberia,LBR,1971,72470000,
Liberia,LBR,1972,69450000,
Liberia,LBR,1973,51270000,
Liberia,LBR,1974,65269996,
Liberia,LBR,1975,79960000,
Liberia,LBR,1976,102140000,
Liberia,LBR,1977,110150000,
Liberia,LBR,1978,141860000,
Liberia,LBR,1979,214050000,
Liberia,LBR,1980,242890000,
Liberia,LBR,1981,285170020,
Liberia,LBR,1982,276130020,
Liberia,LBR,1983,297100000,
Liberia,LBR,1984,328589980,
Liberia,LBR,1985,224460000,
Liberia,LBR,1986,208800000,
Liberia,LBR,1987,146530000,
Liberia,LBR,1988,114740000,
Liberia,LBR,1989,103650000,
Liberia,LBR,1990,180590000,
Liberia,LBR,1991,252950000,
Liberia,LBR,1992,172070000,
Liberia,LBR,1993,182670000,
Liberia,LBR,1994,98040000,
Liberia,LBR,1995,161480000,
Liberia,LBR,1996,224280000,
Liberia,LBR,1997,111300000,
Liberia,LBR,1998,109180000,
Liberia,LBR,1999,142830000,
Liberia,LBR,2000,103770000,
Liberia,LBR,2001,61630000,
Liberia,LBR,2002,85070000,
Liberia,LBR,2003,150130000,
Liberia,LBR,2004,285180000,
Liberia,LBR,2005,280770000,
Liberia,LBR,2006,311029980,
Liberia,LBR,2007,336160000,
Liberia,LBR,2008,1308190000,
Liberia,LBR,2009,490020000,
Liberia,LBR,2010,1422220000,
Liberia,LBR,2011,758040000,
Liberia,LBR,2012,595010000,
Liberia,LBR,2013,554370000,
Liberia,LBR,2014,770290000,
Liberia,LBR,2015,1258900000,
Liberia,LBR,2016,939770050,
Liberia,LBR,2017,708250000,
Liberia,LBR,2018,635990000,
Liberia,LBR,2019,621380030,
Liberia,LBR,2020,684630000,
Liberia,LBR,2021,594440000,
Liberia,LBR,2022,483520000,
Libya,LBY,1960,354090000,
Libya,LBY,1961,315220000,
Libya,LBY,1962,267269980,
Libya,LBY,1963,214140000,
Libya,LBY,1964,157800000,
Libya,LBY,1965,62740000,
Libya,LBY,1966,13550000,
Libya,LBY,1967,17820000,
Libya,LBY,1968,48350000,
Libya,LBY,1969,52970000,
Libya,LBY,1970,29910000,
Libya,LBY,1971,20610000,
Libya,LBY,1972,41550000,
Libya,LBY,1973,68440000,
Libya,LBY,1974,58580000,
Libya,LBY,1975,6070000,
Libya,LBY,1976,33150002,
Libya,LBY,1977,26480000,
Libya,LBY,1978,18020000,
Libya,LBY,1979,9590000,
Libya,LBY,1980,29850000,
Libya,LBY,1981,11290000,
Libya,LBY,1982,273760000,
Libya,LBY,1983,13630000,
Libya,LBY,1984,12600000,
Libya,LBY,1985,14610000,
Libya,LBY,1986,24930000,
Libya,LBY,1987,11030000,
Libya,LBY,1988,9310000,
Libya,LBY,1989,16610001,
Libya,LBY,1990,11640000,
Libya,LBY,1991,10690000,
Libya,LBY,1992,4430000,
Libya,LBY,1993,3990000,
Libya,LBY,1994,5350000,
Libya,LBY,1995,6930000,
Libya,LBY,1996,4620000,
Libya,LBY,1997,5430000,
Libya,LBY,1998,7690000,
Libya,LBY,1999,6610000,
Libya,LBY,2005,25210000,
Libya,LBY,2006,48460000,
Libya,LBY,2007,20260000,
Libya,LBY,2008,73270000,
Libya,LBY,2009,39290000,
Libya,LBY,2010,8430000,
Libya,LBY,2011,672020030,
Libya,LBY,2012,92110000,
Libya,LBY,2013,121110000,
Libya,LBY,2014,199160000,
Libya,LBY,2015,172050000,
Libya,LBY,2016,198680000,
Libya,LBY,2017,463280000,
Libya,LBY,2018,314170020,
Libya,LBY,2019,311940000,
Libya,LBY,2020,302410020,
Libya,LBY,2021,332910000,
Libya,LBY,2022,263950020,
Low-income countries (WB),,1960,2446100200,
Low-income countries (WB),,1961,2893770000,
Low-income countries (WB),,1962,3569110000,
Low-income countries (WB),,1963,3221070000,
Low-income countries (WB),,1964,4083780000,
Low-income countries (WB),,1965,4572640000,
Low-income countries (WB),,1966,4592930300,
Low-income countries (WB),,1967,3776690000,
Low-income countries (WB),,1968,3917889800,
Low-income countries (WB),,1969,3525280000,
Low-income countries (WB),,1970,3672090000,
Low-income countries (WB),,1971,4030790100,
Low-income countries (WB),,1972,4705150000,
Low-income countries (WB),,1973,6519520000,
Low-income countries (WB),,1974,10322130000,
Low-income countries (WB),,1975,11293660000,
Low-income countries (WB),,1976,10815731000,
Low-income countries (WB),,1977,11944759000,
Low-income countries (WB),,1978,11845401000,
Low-income countries (WB),,1979,15300100000,
Low-income countries (WB),,1980,15313430000,
Low-income countries (WB),,1981,15282230000,
Low-income countries (WB),,1982,14823670000,
Low-income countries (WB),,1983,14080179000,
Low-income countries (WB),,1984,14120169000,
Low-income countries (WB),,1985,16541600000,
Low-income countries (WB),,1986,14881710000,
Low-income countries (WB),,1987,14699380000,
Low-income countries (WB),,1988,13808640000,
Low-income countries (WB),,1989,13565190000,
Low-income countries (WB),,1990,15754660000,
Low-income countries (WB),,1991,14419110000,
Low-income countries (WB),,1992,13426320000,
Low-income countries (WB),,1993,13231790000,
Low-income countries (WB),,1994,13603130000,
Low-income countries (WB),,1995,10728980000,
Low-income countries (WB),,1996,9704849000,
Low-income countries (WB),,1997,10118840000,
Low-income countries (WB),,1998,9909701000,
Low-income countries (WB),,1999,9504000000,
Low-income countries (WB),,2000,9820670000,
Low-income countries (WB),,2001,12567191000,
Low-income countries (WB),,2002,17171160000,
Low-income countries (WB),,2003,22150801000,
Low-income countries (WB),,2004,19758131000,
Low-income countries (WB),,2005,21279290000,
Low-income countries (WB),,2006,22735670000,
Low-income countries (WB),,2007,21354461000,
Low-income countries (WB),,2008,24967731000,
Low-income countries (WB),,2009,26320420000,
Low-income countries (WB),,2010,31453368000,
Low-income countries (WB),,2011,32621552000,
Low-income countries (WB),,2012,31215960000,
Low-income countries (WB),,2013,32870308000,
Low-income countries (WB),,2014,33089160000,
Low-income countries (WB),,2015,36803300000,
Low-income countries (WB),,2016,41070928000,
Low-income countries (WB),,2017,45534560000,
Low-income countries (WB),,2018,50094800000,
Low-income countries (WB),,2019,48387076000,
Low-income countries (WB),,2020,55162630000,
Low-income countries (WB),,2021,51232540000,
Low-income countries (WB),,2022,45210590000,
Lower middle-income countries (OECD),,1960,17438300000,
Lower middle-income countries (OECD),,1961,18265970000,
Lower middle-income countries (OECD),,1962,18864990000,
Lower middle-income countries (OECD),,1963,20974740000,
Lower middle-income countries (OECD),,1964,22969300000,
Lower middle-income countries (OECD),,1965,23849020000,
Lower middle-income countries (OECD),,1966,23212580000,
Lower middle-income countries (OECD),,1967,24517190000,
Lower middle-income countries (OECD),,1968,21091600000,
Lower middle-income countries (OECD),,1969,20165540000,
Lower middle-income countries (OECD),,1970,21824880000,
Lower middle-income countries (OECD),,1971,22419990000,
Lower middle-income countries (OECD),,1972,18675180000,
Lower middle-income countries (OECD),,1973,20745712000,
Lower middle-income countries (OECD),,1974,25647300000,
Lower middle-income countries (OECD),,1975,30870840000,
Lower middle-income countries (OECD),,1976,29968500000,
Lower middle-income countries (OECD),,1977,25852131000,
Lower middle-income countries (OECD),,1978,25882260000,
Lower middle-income countries (OECD),,1979,21153100000,
Lower middle-income countries (OECD),,1980,25650130000,
Lower middle-income countries (OECD),,1981,23942700000,
Lower middle-income countries (OECD),,1982,23702860000,
Lower middle-income countries (OECD),,1983,22278310000,
Lower middle-income countries (OECD),,1984,23080910000,
Lower middle-income countries (OECD),,1985,24107039000,
Lower middle-income countries (OECD),,1986,22536310000,
Lower middle-income countries (OECD),,1987,20218350000,
Lower middle-income countries (OECD),,1988,21914760000,
Lower middle-income countries (OECD),,1989,23281900000,
Lower middle-income countries (OECD),,1990,30881940000,
Lower middle-income countries (OECD),,1991,31773050000,
Lower middle-income countries (OECD),,1992,27751619000,
Lower middle-income countries (OECD),,1993,22922881000,
Lower middle-income countries (OECD),,1994,25128610000,
Lower middle-income countries (OECD),,1995,19053259000,
Lower middle-income countries (OECD),,1996,20499320000,
Lower middle-income countries (OECD),,1997,18779160000,
Lower middle-income countries (OECD),,1998,21038240000,
Lower middle-income countries (OECD),,1999,19786480000,
Lower middle-income countries (OECD),,2000,18767340000,
Lower middle-income countries (OECD),,2001,23837288000,
Lower middle-income countries (OECD),,2002,23326610000,
Lower middle-income countries (OECD),,2003,20087020000,
Lower middle-income countries (OECD),,2004,20375140000,
Lower middle-income countries (OECD),,2005,30751540000,
Lower middle-income countries (OECD),,2006,35097410000,
Lower middle-income countries (OECD),,2007,21472481000,
Lower middle-income countries (OECD),,2008,22200869000,
Lower middle-income countries (OECD),,2009,25769950000,
Lower middle-income countries (OECD),,2010,30319118000,
Lower middle-income countries (OECD),,2011,29935580000,
Lower middle-income countries (OECD),,2012,31073890000,
Lower middle-income countries (OECD),,2013,36029450000,
Lower middle-income countries (OECD),,2014,35189720000,
Lower middle-income countries (OECD),,2015,35811910000,
Lower middle-income countries (OECD),,2016,33899870000,
Lower middle-income countries (OECD),,2017,33257308000,
Lower middle-income countries (OECD),,2018,30762760000,
Lower middle-income countries (OECD),,2019,30554580000,
Lower middle-income countries (OECD),,2020,39384170000,
Lower middle-income countries (OECD),,2021,40357590000,
Lower middle-income countries (OECD),,2022,66929172000,
Lower middle-income countries (WB),,1960,18510260000,
Lower middle-income countries (WB),,1961,19690420000,
Lower middle-income countries (WB),,1962,19641289000,
Lower middle-income countries (WB),,1963,22405929000,
Lower middle-income countries (WB),,1964,25174350000,
Lower middle-income countries (WB),,1965,26125280000,
Lower middle-income countries (WB),,1966,25345320000,
Lower middle-income countries (WB),,1967,25848420000,
Lower middle-income countries (WB),,1968,21282020000,
Lower middle-income countries (WB),,1969,20293962000,
Lower middle-income countries (WB),,1970,21419770000,
Lower middle-income countries (WB),,1971,21853250000,
Lower middle-income countries (WB),,1972,20172410000,
Lower middle-income countries (WB),,1973,24320850000,
Lower middle-income countries (WB),,1974,32000618000,
Lower middle-income countries (WB),,1975,38505783000,
Lower middle-income countries (WB),,1976,35555160000,
Lower middle-income countries (WB),,1977,33059052000,
Lower middle-income countries (WB),,1978,34558780000,
Lower middle-income countries (WB),,1979,32398051000,
Lower middle-income countries (WB),,1980,37309300000,
Lower middle-income countries (WB),,1981,34954150000,
Lower middle-income countries (WB),,1982,33817150000,
Lower middle-income countries (WB),,1983,31246710000,
Lower middle-income countries (WB),,1984,32350830000,
Lower middle-income countries (WB),,1985,32856898000,
Lower middle-income countries (WB),,1986,31892500000,
Lower middle-income countries (WB),,1987,28963600000,
Lower middle-income countries (WB),,1988,29328350000,
Lower middle-income countries (WB),,1989,30665849000,
Lower middle-income countries (WB),,1990,40067830000,
Lower middle-income countries (WB),,1991,40319270000,
Lower middle-income countries (WB),,1992,35818627000,
Lower middle-income countries (WB),,1993,29627769000,
Lower middle-income countries (WB),,1994,33130910000,
Lower middle-income countries (WB),,1995,27975868000,
Lower middle-income countries (WB),,1996,27131230000,
Lower middle-income countries (WB),,1997,25467190000,
Lower middle-income countries (WB),,1998,27173460000,
Lower middle-income countries (WB),,1999,25508788000,
Lower middle-income countries (WB),,2000,25308600000,
Lower middle-income countries (WB),,2001,30250430000,
Lower middle-income countries (WB),,2002,30332619000,
Lower middle-income countries (WB),,2003,28983500000,
Lower middle-income countries (WB),,2004,30657330000,
Lower middle-income countries (WB),,2005,37246607000,
Lower middle-income countries (WB),,2006,43659400000,
Lower middle-income countries (WB),,2007,29977618000,
Lower middle-income countries (WB),,2008,30994821000,
Lower middle-income countries (WB),,2009,34032040000,
Lower middle-income countries (WB),,2010,42078520000,
Lower middle-income countries (WB),,2011,40355672000,
Lower middle-income countries (WB),,2012,44339110000,
Lower middle-income countries (WB),,2013,52687480000,
Lower middle-income countries (WB),,2014,50792730000,
Lower middle-income countries (WB),,2015,52263830000,
Lower middle-income countries (WB),,2016,50137820000,
Lower middle-income countries (WB),,2017,52003180000,
Lower middle-income countries (WB),,2018,47470410000,
Lower middle-income countries (WB),,2019,50424422000,
Lower middle-income countries (WB),,2020,61890142000,
Lower middle-income countries (WB),,2021,60818340000,
Lower middle-income countries (WB),,2022,85947250000,
Macao,MAC,1960,17080000,
Macao,MAC,1961,14280000,
Macao,MAC,1963,7510000,
Macao,MAC,1966,2350000,
Macao,MAC,1967,940000,
Macao,MAC,1968,1100000,
Macao,MAC,1969,470000,
Macao,MAC,1970,1370000,
Macao,MAC,1971,1470000,
Macao,MAC,1972,500000,
Macao,MAC,1973,580000,
Macao,MAC,1974,129999.99,
Macao,MAC,1975,80000,
Macao,MAC,1979,40000,
Macao,MAC,1980,10780000,
Macao,MAC,1981,20000,
Macao,MAC,1982,1800000,
Macao,MAC,1983,1370000,
Macao,MAC,1984,1110000,
Macao,MAC,1985,1020000,
Macao,MAC,1986,720000,
Macao,MAC,1987,170000,
Macao,MAC,1988,510000,
Macao,MAC,1989,460000,
Macao,MAC,1990,300000,
Macao,MAC,1991,120000,
Macao,MAC,1992,150000,
Macao,MAC,1993,190000,
Macao,MAC,1994,390000,
Macao,MAC,1995,-4970000,
Macao,MAC,1996,340000,
Macao,MAC,1997,420000,
Macao,MAC,1998,640000,
Macao,MAC,1999,340000,
Madagascar,MDG,1960,28520000,
Madagascar,MDG,1961,14900000,
Madagascar,MDG,1962,46240000,
Madagascar,MDG,1963,76870000,
Madagascar,MDG,1964,370790000,
Madagascar,MDG,1965,379029980,
Madagascar,MDG,1966,345269980,
Madagascar,MDG,1967,311770000,
Madagascar,MDG,1968,341520000,
Madagascar,MDG,1969,307730020,
Madagascar,MDG,1970,321330000,
Madagascar,MDG,1971,296790000,
Madagascar,MDG,1972,308880000,
Madagascar,MDG,1973,249820000,
Madagascar,MDG,1974,275750000,
Madagascar,MDG,1975,313120000,
Madagascar,MDG,1976,232170000,
Madagascar,MDG,1977,209380000,
Madagascar,MDG,1978,274140000,
Madagascar,MDG,1979,345829980,
Madagascar,MDG,1980,535180000,
Madagascar,MDG,1981,581520000,
Madagascar,MDG,1982,603880000,
Madagascar,MDG,1983,466730020,
Madagascar,MDG,1984,416560000,
Madagascar,MDG,1985,500020000,
Madagascar,MDG,1986,652640000,
Madagascar,MDG,1987,604160000,
Madagascar,MDG,1988,487560000,
Madagascar,MDG,1989,596500000,
Madagascar,MDG,1990,602370000,
Madagascar,MDG,1991,648420000,
Madagascar,MDG,1992,496050000,
Madagascar,MDG,1993,495730020,
Madagascar,MDG,1994,385140000,
Madagascar,MDG,1995,369840000,
Madagascar,MDG,1996,441740000,
Madagascar,MDG,1997,1162069900,
Madagascar,MDG,1998,668100000,
Madagascar,MDG,1999,493160000,
Madagascar,MDG,2000,477950000,
Madagascar,MDG,2001,578900030,
Madagascar,MDG,2002,563750000,
Madagascar,MDG,2003,708740000,
Madagascar,MDG,2004,1449650000,
Madagascar,MDG,2005,1051530050,
Madagascar,MDG,2006,883030000,
Madagascar,MDG,2007,698590000,
Madagascar,MDG,2008,630450000,
Madagascar,MDG,2009,411530000,
Madagascar,MDG,2010,503020000,
Madagascar,MDG,2011,438650000,
Madagascar,MDG,2012,371300000,
Madagascar,MDG,2013,486350000,
Madagascar,MDG,2014,579460030,
Madagascar,MDG,2015,755370000,
Madagascar,MDG,2016,681909950,
Madagascar,MDG,2017,833520000,
Madagascar,MDG,2018,769320000,
Madagascar,MDG,2019,760990000,
Madagascar,MDG,2020,1315969900,
Madagascar,MDG,2021,1034630000,
Madagascar,MDG,2022,1003099970,
Malawi,MWI,1960,44040000,
Malawi,MWI,1961,84110000,
Malawi,MWI,1962,114240000,
Malawi,MWI,1963,160090000,
Malawi,MWI,1964,301570020,
Malawi,MWI,1965,294700000,
Malawi,MWI,1966,256790020,
Malawi,MWI,1967,241660000,
Malawi,MWI,1968,367970020,
Malawi,MWI,1969,214680000,
Malawi,MWI,1970,265400000,
Malawi,MWI,1971,207960000,
Malawi,MWI,1972,219800000,
Malawi,MWI,1973,161570000,
Malawi,MWI,1974,200360000,
Malawi,MWI,1975,260120000,
Malawi,MWI,1976,253030000,
Malawi,MWI,1977,291950000,
Malawi,MWI,1978,311260000,
Malawi,MWI,1979,377480000,
Malawi,MWI,1980,334300000,
Malawi,MWI,1981,338480000,
Malawi,MWI,1982,309760000,
Malawi,MWI,1983,297760000,
Malawi,MWI,1984,485200000,
Malawi,MWI,1985,305989980,
Malawi,MWI,1986,410980000,
Malawi,MWI,1987,484670000,
Malawi,MWI,1988,635560000,
Malawi,MWI,1989,725970000,
Malawi,MWI,1990,760330050,
Malawi,MWI,1991,822550000,
Malawi,MWI,1992,815540000,
Malawi,MWI,1993,716360000,
Malawi,MWI,1994,609600000,
Malawi,MWI,1995,556270000,
Malawi,MWI,1996,625540000,
Malawi,MWI,1997,473989980,
Malawi,MWI,1998,608120000,
Malawi,MWI,1999,628930000,
Malawi,MWI,2000,656210050,
Malawi,MWI,2001,643419970,
Malawi,MWI,2002,572410000,
Malawi,MWI,2003,680190000,
Malawi,MWI,2004,606390000,
Malawi,MWI,2005,672630000,
Malawi,MWI,2006,806420000,
Malawi,MWI,2007,691320000,
Malawi,MWI,2008,872590000,
Malawi,MWI,2009,742410000,
Malawi,MWI,2010,1052660030,
Malawi,MWI,2011,810520000,
Malawi,MWI,2012,1191400100,
Malawi,MWI,2013,1149380000,
Malawi,MWI,2014,946730000,
Malawi,MWI,2015,1178810100,
Malawi,MWI,2016,1417180000,
Malawi,MWI,2017,1692820000,
Malawi,MWI,2018,1380580000,
Malawi,MWI,2019,1255050100,
Malawi,MWI,2020,1533710000,
Malawi,MWI,2021,1168220000,
Malawi,MWI,2022,1370240000,
Malaysia,MYS,1960,136880000,
Malaysia,MYS,1961,186290000,
Malaysia,MYS,1962,186160000,
Malaysia,MYS,1963,104960000,
Malaysia,MYS,1964,148460000,
Malaysia,MYS,1965,187650000,
Malaysia,MYS,1966,239960000,
Malaysia,MYS,1967,176880000,
Malaysia,MYS,1968,208960000,
Malaysia,MYS,1969,222220000,
Malaysia,MYS,1970,192610000,
Malaysia,MYS,1971,272029980,
Malaysia,MYS,1972,288989980,
Malaysia,MYS,1973,210550000,
Malaysia,MYS,1974,270750000,
Malaysia,MYS,1975,344950000,
Malaysia,MYS,1976,219260000,
Malaysia,MYS,1977,230300000,
Malaysia,MYS,1978,191590000,
Malaysia,MYS,1979,277390000,
Malaysia,MYS,1980,287340000,
Malaysia,MYS,1981,326220000,
Malaysia,MYS,1982,301660000,
Malaysia,MYS,1983,398269980,
Malaysia,MYS,1984,663270000,
Malaysia,MYS,1985,524960030,
Malaysia,MYS,1986,429740000,
Malaysia,MYS,1987,495210000,
Malaysia,MYS,1988,179410000,
Malaysia,MYS,1989,189170000,
Malaysia,MYS,1990,539400000,
Malaysia,MYS,1991,327220000,
Malaysia,MYS,1992,210200000,
Malaysia,MYS,1993,182320000,
Malaysia,MYS,1994,104510000,
Malaysia,MYS,1995,111330000,
Malaysia,MYS,1996,-321130020,
Malaysia,MYS,1997,-182810000,
Malaysia,MYS,1998,196610000,
Malaysia,MYS,1999,133080000,
Malaysia,MYS,2000,62460000,
Malaysia,MYS,2001,40500000,
Malaysia,MYS,2002,107090000,
Malaysia,MYS,2003,110720000,
Malaysia,MYS,2004,256209980,
Malaysia,MYS,2005,34610000,
Malaysia,MYS,2006,221390000,
Malaysia,MYS,2007,182860000,
Malaysia,MYS,2008,133690000,
Malaysia,MYS,2009,120290000,
Malaysia,MYS,2010,16820000,
Malaysia,MYS,2011,46970000,
Malaysia,MYS,2012,21110000,
Malaysia,MYS,2013,-79250000,
Malaysia,MYS,2014,24310000,
Malaysia,MYS,2015,6440000,
Malaysia,MYS,2016,-32310002,
Malaysia,MYS,2017,-12520000,
Malaysia,MYS,2018,-18290000,
Malaysia,MYS,2019,13040000,
Malaysia,MYS,2020,12130000,
Malaysia,MYS,2021,23380000,
Malaysia,MYS,2022,4890000,
Maldives,MDV,1960,300000,
Maldives,MDV,1961,2620000,
Maldives,MDV,1962,4670000,
Maldives,MDV,1963,2840000,
Maldives,MDV,1964,2580000,
Maldives,MDV,1965,1010000,
Maldives,MDV,1966,14940000,
Maldives,MDV,1967,3020000,
Maldives,MDV,1968,2210000,
Maldives,MDV,1969,1210000,
Maldives,MDV,1970,1700000,
Maldives,MDV,1971,5910000,
Maldives,MDV,1972,3960000,
Maldives,MDV,1973,3140000,
Maldives,MDV,1974,2760000,
Maldives,MDV,1975,11500000,
Maldives,MDV,1976,11960000,
Maldives,MDV,1977,12500000,
Maldives,MDV,1978,21000000,
Maldives,MDV,1979,16250000,
Maldives,MDV,1980,50610000,
Maldives,MDV,1981,30570000,
Maldives,MDV,1982,13900000,
Maldives,MDV,1983,24600000,
Maldives,MDV,1984,12180000,
Maldives,MDV,1985,21250000,
Maldives,MDV,1986,34850000,
Maldives,MDV,1987,26950000,
Maldives,MDV,1988,31440000,
Maldives,MDV,1989,39610000,
Maldives,MDV,1990,21370000,
Maldives,MDV,1991,36090000,
Maldives,MDV,1992,38770000,
Maldives,MDV,1993,36620000,
Maldives,MDV,1994,32009998,
Maldives,MDV,1995,57590000,
Maldives,MDV,1996,30530000,
Maldives,MDV,1997,28770000,
Maldives,MDV,1998,29790000,
Maldives,MDV,1999,32930000,
Maldives,MDV,2000,23320000,
Maldives,MDV,2001,29990000,
Maldives,MDV,2002,28860000,
Maldives,MDV,2003,20370000,
Maldives,MDV,2004,30630000,
Maldives,MDV,2005,78000000,
Maldives,MDV,2006,38160000,
Maldives,MDV,2007,30070000,
Maldives,MDV,2008,48200000,
Maldives,MDV,2009,20090000,
Maldives,MDV,2010,77850000,
Maldives,MDV,2011,46390000,
Maldives,MDV,2012,53800000,
Maldives,MDV,2013,20050000,
Maldives,MDV,2014,20990000,
Maldives,MDV,2015,25220000,
Maldives,MDV,2016,23280000,
Maldives,MDV,2017,49270000,
Maldives,MDV,2018,136300000,
Maldives,MDV,2019,72530000,
Maldives,MDV,2020,305989980,
Maldives,MDV,2021,106080000,
Maldives,MDV,2022,119120000,
Mali,MLI,1960,700000,
Mali,MLI,1961,19350000,
Mali,MLI,1962,86540000,
Mali,MLI,1963,58950000,
Mali,MLI,1964,139710000,
Mali,MLI,1965,170100000,
Mali,MLI,1966,191120000,
Mali,MLI,1967,123880000,
Mali,MLI,1968,202030000,
Mali,MLI,1969,153310000,
Mali,MLI,1970,147440000,
Mali,MLI,1971,183910000,
Mali,MLI,1972,208910000,
Mali,MLI,1973,352589980,
Mali,MLI,1974,518880000,
Mali,MLI,1975,552780000,
Mali,MLI,1976,320440000,
Mali,MLI,1977,374429980,
Mali,MLI,1978,458020000,
Mali,MLI,1979,490149980,
Mali,MLI,1980,641450000,
Mali,MLI,1981,577730000,
Mali,MLI,1982,545500000,
Mali,MLI,1983,568560000,
Mali,MLI,1984,895220000,
Mali,MLI,1985,1029819970,
Mali,MLI,1986,822830000,
Mali,MLI,1987,675979970,
Mali,MLI,1988,768290000,
Mali,MLI,1989,783780030,
Mali,MLI,1990,744310000,
Mali,MLI,1991,688250000,
Mali,MLI,1992,619680000,
Mali,MLI,1993,558610000,
Mali,MLI,1994,624500000,
Mali,MLI,1995,669590000,
Mali,MLI,1996,619860000,
Mali,MLI,1997,608900030,
Mali,MLI,1998,497860000,
Mali,MLI,1999,518010020,
Mali,MLI,2000,458950000,
Mali,MLI,2001,559240000,
Mali,MLI,2002,643419970,
Mali,MLI,2003,739680000,
Mali,MLI,2004,711450000,
Mali,MLI,2005,853430000,
Mali,MLI,2006,988530050,
Mali,MLI,2007,890820030,
Mali,MLI,2008,836909950,
Mali,MLI,2009,850800000,
Mali,MLI,2010,1151470000,
Mali,MLI,2011,1277930100,
Mali,MLI,2012,1073339970,
Mali,MLI,2013,1370120000,
Mali,MLI,2014,1215880100,
Mali,MLI,2015,1340590000,
Mali,MLI,2016,1354500000,
Mali,MLI,2017,1487630000,
Mali,MLI,2018,1631210000,
Mali,MLI,2019,1938400000,
Mali,MLI,2020,1625850000,
Mali,MLI,2021,1400810100,
Mali,MLI,2022,1200040100,
Malta,MLT,1960,130500000,
Malta,MLT,1961,99850000,
Malta,MLT,1962,86780000,
Malta,MLT,1963,167290000,
Malta,MLT,1964,184050000,
Malta,MLT,1965,145670000,
Malta,MLT,1966,146640000,
Malta,MLT,1967,133850010,
Malta,MLT,1968,152700000,
Malta,MLT,1969,126880000,
Malta,MLT,1970,150010000,
Malta,MLT,1971,106930000,
Malta,MLT,1972,89180000,
Malta,MLT,1973,151610000,
Malta,MLT,1974,104990000,
Malta,MLT,1975,140650000,
Malta,MLT,1976,126410000,
Malta,MLT,1977,117340000,
Malta,MLT,1978,124780000,
Malta,MLT,1979,137920000,
Malta,MLT,1980,39790000,
Malta,MLT,1981,146050000,
Malta,MLT,1982,73380000,
Malta,MLT,1983,125780000,
Malta,MLT,1984,32490002,
Malta,MLT,1985,50140000,
Malta,MLT,1986,14790000,
Malta,MLT,1987,-2630000,
Malta,MLT,1988,-4820000,
Malta,MLT,1989,-8690000,
Malta,MLT,1990,8050000,
Malta,MLT,1991,32619998,
Malta,MLT,1992,5570000,
Malta,MLT,1993,47510000,
Malta,MLT,1994,65699996,
Malta,MLT,1995,13760000,
Malta,MLT,1996,96090000,
Malta,MLT,1997,32330002,
Malta,MLT,1998,31350000,
Malta,MLT,1999,36930000,
Malta,MLT,2000,35410000,
Malta,MLT,2001,2860000,
Malta,MLT,2002,17190000,
Marshall Islands,MHL,1991,410000,
Marshall Islands,MHL,1992,5000000,
Marshall Islands,MHL,1993,49640000,
Marshall Islands,MHL,1994,79760000,
Marshall Islands,MHL,1995,51800000,
Marshall Islands,MHL,1996,107290000,
Marshall Islands,MHL,1997,85170000,
Marshall Islands,MHL,1998,64140000,
Marshall Islands,MHL,1999,90090000,
Marshall Islands,MHL,2000,74700000,
Marshall Islands,MHL,2001,104970000,
Marshall Islands,MHL,2002,84340000,
Marshall Islands,MHL,2003,77650000,
Marshall Islands,MHL,2004,70420000,
Marshall Islands,MHL,2005,74900000,
Marshall Islands,MHL,2006,75940000,
Marshall Islands,MHL,2007,70870000,
Marshall Islands,MHL,2008,68540000,
Marshall Islands,MHL,2009,75500000,
Marshall Islands,MHL,2010,24100000,
Marshall Islands,MHL,2011,103620000,
Marshall Islands,MHL,2012,97040000,
Marshall Islands,MHL,2013,108120000,
Marshall Islands,MHL,2014,65160004,
Marshall Islands,MHL,2015,67280000,
Marshall Islands,MHL,2016,13600000,
Marshall Islands,MHL,2017,83050000,
Marshall Islands,MHL,2018,60490000,
Marshall Islands,MHL,2019,70770000,
Marshall Islands,MHL,2020,195290000,
Marshall Islands,MHL,2021,112460000,
Marshall Islands,MHL,2022,140340000,
Mauritania,MRT,1960,360000,
Mauritania,MRT,1961,10350000,
Mauritania,MRT,1962,21930000,
Mauritania,MRT,1963,15740000,
Mauritania,MRT,1964,93560000,
Mauritania,MRT,1965,69990000,
Mauritania,MRT,1966,159140000,
Mauritania,MRT,1967,89650000,
Mauritania,MRT,1968,156620000,
Mauritania,MRT,1969,80890000,
Mauritania,MRT,1970,50360000,
Mauritania,MRT,1971,90470000,
Mauritania,MRT,1972,74810000,
Mauritania,MRT,1973,148580000,
Mauritania,MRT,1974,432260000,
Mauritania,MRT,1975,322890020,
Mauritania,MRT,1976,772290000,
Mauritania,MRT,1977,613460030,
Mauritania,MRT,1978,722830000,
Mauritania,MRT,1979,453680000,
Mauritania,MRT,1980,422090000,
Mauritania,MRT,1981,559500000,
Mauritania,MRT,1982,479820000,
Mauritania,MRT,1983,464989980,
Mauritania,MRT,1984,464000000,
Mauritania,MRT,1985,548390000,
Mauritania,MRT,1986,484850020,
Mauritania,MRT,1987,354810000,
Mauritania,MRT,1988,312840000,
Mauritania,MRT,1989,437130020,
Mauritania,MRT,1990,358960000,
Mauritania,MRT,1991,313730020,
Mauritania,MRT,1992,268490000,
Mauritania,MRT,1993,443240000,
Mauritania,MRT,1994,344920000,
Mauritania,MRT,1995,255180000,
Mauritania,MRT,1996,330829980,
Mauritania,MRT,1997,314610000,
Mauritania,MRT,1998,221950000,
Mauritania,MRT,1999,300020000,
Mauritania,MRT,2000,327580000,
Mauritania,MRT,2001,436220000,
Mauritania,MRT,2002,546880000,
Mauritania,MRT,2003,330989980,
Mauritania,MRT,2004,226300000,
Mauritania,MRT,2005,217100000,
Mauritania,MRT,2006,240190000,
Mauritania,MRT,2007,274060000,
Mauritania,MRT,2008,401180000,
Mauritania,MRT,2009,333620000,
Mauritania,MRT,2010,375080000,
Mauritania,MRT,2011,357290020,
Mauritania,MRT,2012,402869980,
Mauritania,MRT,2013,281829980,
Mauritania,MRT,2014,249840000,
Mauritania,MRT,2015,356350000,
Mauritania,MRT,2016,335200000,
Mauritania,MRT,2017,312100000,
Mauritania,MRT,2018,459709980,
Mauritania,MRT,2019,415370000,
Mauritania,MRT,2020,656340030,
Mauritania,MRT,2021,414070000,
Mauritania,MRT,2022,326750000,
Mauritius,MUS,1960,5420000,
Mauritius,MUS,1961,55940000,
Mauritius,MUS,1962,41880000,
Mauritius,MUS,1963,55990000,
Mauritius,MUS,1964,19840000,
Mauritius,MUS,1965,18810000,
Mauritius,MUS,1966,36380000,
Mauritius,MUS,1967,42460000,
Mauritius,MUS,1968,87360000,
Mauritius,MUS,1969,44560000,
Mauritius,MUS,1970,43810000,
Mauritius,MUS,1971,60220000,
Mauritius,MUS,1972,60640000,
Mauritius,MUS,1973,69870000,
Mauritius,MUS,1974,115580000,
Mauritius,MUS,1975,108470000,
Mauritius,MUS,1976,62720000,
Mauritius,MUS,1977,76510000,
Mauritius,MUS,1978,128030000,
Mauritius,MUS,1979,80060000,
Mauritius,MUS,1980,76590000,
Mauritius,MUS,1981,136560000,
Mauritius,MUS,1982,123900000,
Mauritius,MUS,1983,105840000,
Mauritius,MUS,1984,88660000,
Mauritius,MUS,1985,71550000,
Mauritius,MUS,1986,110560000,
Mauritius,MUS,1987,110750000,
Mauritius,MUS,1988,95080000,
Mauritius,MUS,1989,93730000,
Mauritius,MUS,1990,126510000,
Mauritius,MUS,1991,93310000,
Mauritius,MUS,1992,62310000,
Mauritius,MUS,1993,38060000,
Mauritius,MUS,1994,22290000,
Mauritius,MUS,1995,28320000,
Mauritius,MUS,1996,26780000,
Mauritius,MUS,1997,58420000,
Mauritius,MUS,1998,54990000,
Mauritius,MUS,1999,59480000,
Mauritius,MUS,2000,32130002,
Mauritius,MUS,2001,33290000,
Mauritius,MUS,2002,37000000,
Mauritius,MUS,2003,-17850000,
Mauritius,MUS,2004,37000000,
Mauritius,MUS,2005,34730000,
Mauritius,MUS,2006,19710000,
Mauritius,MUS,2007,65730004,
Mauritius,MUS,2008,97560000,
Mauritius,MUS,2009,146380000,
Mauritius,MUS,2010,119390000,
Mauritius,MUS,2011,166750000,
Mauritius,MUS,2012,168200000,
Mauritius,MUS,2013,133800000,
Mauritius,MUS,2014,37120000,
Mauritius,MUS,2015,84080000,
Mauritius,MUS,2016,45460000,
Mauritius,MUS,2017,15810000,
Mauritius,MUS,2018,67680000,
Mauritius,MUS,2019,24310000,
Mauritius,MUS,2020,322700000,
Mauritius,MUS,2021,247010000,
Mauritius,MUS,2022,76200000,
Mayotte,MYT,1977,21070000,
Mayotte,MYT,1978,33140000,
Mayotte,MYT,1979,39810000,
Mayotte,MYT,1980,44180000,
Mayotte,MYT,1981,33500000,
Mayotte,MYT,1982,30820000,
Mayotte,MYT,1983,37390000,
Mayotte,MYT,1984,38410000,
Mayotte,MYT,1985,56140000,
Mayotte,MYT,1986,56410000,
Mayotte,MYT,1987,64820000,
Mayotte,MYT,1988,69440000,
Mayotte,MYT,1989,71770000,
Mayotte,MYT,1990,83690000,
Mayotte,MYT,1991,100500000,
Mayotte,MYT,1992,95850000,
Mayotte,MYT,1993,112410000,
Mayotte,MYT,1994,137610000,
Mayotte,MYT,1995,125560000,
Mayotte,MYT,1996,153210000,
Mayotte,MYT,1997,138930000,
Mayotte,MYT,1998,139080000,
Mayotte,MYT,1999,155280000,
Mayotte,MYT,2000,163040000,
Mayotte,MYT,2001,191630000,
Mayotte,MYT,2002,185260000,
Mayotte,MYT,2003,201740000,
Mayotte,MYT,2004,226660000,
Mayotte,MYT,2005,214650000,
Mayotte,MYT,2006,349010020,
Mayotte,MYT,2007,376350000,
Mayotte,MYT,2008,407460000,
Mayotte,MYT,2009,482740000,
Mayotte,MYT,2010,557099970,
Mekong Delta Project,,1968,180000,
Mekong Delta Project,,1969,16129999,
Mekong Delta Project,,1971,990000,
Mekong Delta Project,,1972,1290000,
Mekong Delta Project,,1973,2910000,
Mekong Delta Project,,1974,17490000,
Mekong Delta Project,,1975,26660000,
Mekong Delta Project,,1976,1320000,
Mekong Delta Project,,1977,1060000,
Mekong Delta Project,,1978,2280000,
Mekong Delta Project,,1979,1160000,
Mekong Delta Project,,1985,60000,
Melanesia (OECD),,1960,32560002,
Melanesia (OECD),,1961,33630000,
Melanesia (OECD),,1962,133140000,
Melanesia (OECD),,1963,76580000,
Melanesia (OECD),,1964,65670000,
Melanesia (OECD),,1965,929030000,
Melanesia (OECD),,1966,1067730000,
Melanesia (OECD),,1967,1114150000,
Melanesia (OECD),,1968,1264870000,
Melanesia (OECD),,1969,1316550000,
Melanesia (OECD),,1970,1536580000,
Melanesia (OECD),,1971,1506580000,
Melanesia (OECD),,1972,1795460000,
Melanesia (OECD),,1973,1511690000,
Melanesia (OECD),,1974,1596740000,
Melanesia (OECD),,1975,1707790100,
Melanesia (OECD),,1976,1397210000,
Melanesia (OECD),,1977,1462420100,
Melanesia (OECD),,1978,1569020000,
Melanesia (OECD),,1979,1504699900,
Melanesia (OECD),,1980,1591560100,
Melanesia (OECD),,1981,1434650000,
Melanesia (OECD),,1982,1435870000,
Melanesia (OECD),,1983,1599969900,
Melanesia (OECD),,1984,1419170000,
Melanesia (OECD),,1985,1395260000,
Melanesia (OECD),,1986,1398710000,
Melanesia (OECD),,1987,1524310000,
Melanesia (OECD),,1988,1416260000,
Melanesia (OECD),,1989,1321530000,
Melanesia (OECD),,1990,1331030000,
Melanesia (OECD),,1991,1264110000,
Melanesia (OECD),,1992,1429700000,
Melanesia (OECD),,1993,1328880000,
Melanesia (OECD),,1994,1283990000,
Melanesia (OECD),,1995,1306120000,
Melanesia (OECD),,1996,1202130000,
Melanesia (OECD),,1997,1179089900,
Melanesia (OECD),,1998,1306010000,
Melanesia (OECD),,1999,1002360000,
Melanesia (OECD),,2000,772619970,
Melanesia (OECD),,2001,685410000,
Melanesia (OECD),,2002,619020000,
Melanesia (OECD),,2003,672859970,
Melanesia (OECD),,2004,745460030,
Melanesia (OECD),,2005,798570000,
Melanesia (OECD),,2006,796550000,
Melanesia (OECD),,2007,814460000,
Melanesia (OECD),,2008,801310000,
Melanesia (OECD),,2009,918770050,
Melanesia (OECD),,2010,1030630000,
Melanesia (OECD),,2011,963300000,
Melanesia (OECD),,2012,1048180030,
Melanesia (OECD),,2013,1047319940,
Melanesia (OECD),,2014,942469950,
Melanesia (OECD),,2015,1213790100,
Melanesia (OECD),,2016,1061800060,
Melanesia (OECD),,2017,1065890000,
Melanesia (OECD),,2018,1306050000,
Melanesia (OECD),,2019,1239240000,
Melanesia (OECD),,2020,1703210000,
Melanesia (OECD),,2021,2113719900,
Melanesia (OECD),,2022,1404970000,
Mexico,MEX,1960,59600000,
Mexico,MEX,1961,637160000,
Mexico,MEX,1962,295630000,
Mexico,MEX,1963,43810000,
Mexico,MEX,1964,-116480000,
Mexico,MEX,1965,365869980,
Mexico,MEX,1966,250450000,
Mexico,MEX,1967,260070000,
Mexico,MEX,1968,180800000,
Mexico,MEX,1969,138270000,
Mexico,MEX,1970,206170000,
Mexico,MEX,1971,111210000,
Mexico,MEX,1972,122570000,
Mexico,MEX,1973,63760000,
Mexico,MEX,1974,98260000,
Mexico,MEX,1975,80650000,
Mexico,MEX,1976,74220000,
Mexico,MEX,1977,55730000,
Mexico,MEX,1978,43660000,
Mexico,MEX,1979,169990000,
Mexico,MEX,1980,152140000,
Mexico,MEX,1981,264000000,
Mexico,MEX,1982,369540000,
Mexico,MEX,1983,353960000,
Mexico,MEX,1984,224350000,
Mexico,MEX,1985,371160000,
Mexico,MEX,1986,500170020,
Mexico,MEX,1987,316090000,
Mexico,MEX,1988,293900000,
Mexico,MEX,1989,188310000,
Mexico,MEX,1990,263790020,
Mexico,MEX,1991,401709980,
Mexico,MEX,1992,427650000,
Mexico,MEX,1993,613560000,
Mexico,MEX,1994,522770020,
Mexico,MEX,1995,339970020,
Mexico,MEX,1996,290549980,
Mexico,MEX,1997,138190000,
Mexico,MEX,1998,76080000,
Mexico,MEX,1999,86120000,
Mexico,MEX,2000,9380000,
Mexico,MEX,2001,166020000,
Mexico,MEX,2002,214390000,
Mexico,MEX,2003,162150000,
Mexico,MEX,2004,171790000,
Mexico,MEX,2005,269140000,
Mexico,MEX,2006,315850020,
Mexico,MEX,2007,151320000,
Mexico,MEX,2008,191800000,
Mexico,MEX,2009,240250000,
Mexico,MEX,2010,519890020,
Mexico,MEX,2011,1027900000,
Mexico,MEX,2012,477350000,
Mexico,MEX,2013,598000000,
Mexico,MEX,2014,830469950,
Mexico,MEX,2015,402829980,
Mexico,MEX,2016,896700000,
Mexico,MEX,2017,819920000,
Mexico,MEX,2018,587710000,
Mexico,MEX,2019,561090050,
Mexico,MEX,2020,785770050,
Mexico,MEX,2021,542160000,
Mexico,MEX,2022,495480000,
Micronesia (OECD),,1960,38280000,
Micronesia (OECD),,1961,47940000,
Micronesia (OECD),,1962,62850000,
Micronesia (OECD),,1963,129160000,
Micronesia (OECD),,1964,82960000,
Micronesia (OECD),,1965,133429990,
Micronesia (OECD),,1966,130470000,
Micronesia (OECD),,1967,148090000,
Micronesia (OECD),,1968,204790000,
Micronesia (OECD),,1969,295549980,
Micronesia (OECD),,1970,298740000,
Micronesia (OECD),,1971,314350000,
Micronesia (OECD),,1972,332190000,
Micronesia (OECD),,1973,364300000,
Micronesia (OECD),,1974,376340000,
Micronesia (OECD),,1975,368709980,
Micronesia (OECD),,1976,379170020,
Micronesia (OECD),,1977,372820000,
Micronesia (OECD),,1978,391880000,
Micronesia (OECD),,1979,391080000,
Micronesia (OECD),,1980,369480000,
Micronesia (OECD),,1981,406520000,
Micronesia (OECD),,1982,451040000,
Micronesia (OECD),,1983,372680000,
Micronesia (OECD),,1984,470860000,
Micronesia (OECD),,1985,400060000,
Micronesia (OECD),,1986,545210050,
Micronesia (OECD),,1987,432210000,
Micronesia (OECD),,1988,347829980,
Micronesia (OECD),,1989,355570020,
Micronesia (OECD),,1990,144480000,
Micronesia (OECD),,1991,63200000,
Micronesia (OECD),,1992,60420000,
Micronesia (OECD),,1993,328690020,
Micronesia (OECD),,1994,644219970,
Micronesia (OECD),,1995,423630000,
Micronesia (OECD),,1996,420010020,
Micronesia (OECD),,1997,297910000,
Micronesia (OECD),,1998,354740000,
Micronesia (OECD),,1999,328029980,
Micronesia (OECD),,2000,298480000,
Micronesia (OECD),,2001,398390000,
Micronesia (OECD),,2002,349429980,
Micronesia (OECD),,2003,330890020,
Micronesia (OECD),,2004,262370000,
Micronesia (OECD),,2005,292290020,
Micronesia (OECD),,2006,323480000,
Micronesia (OECD),,2007,304680000,
Micronesia (OECD),,2008,297140000,
Micronesia (OECD),,2009,327600000,
Micronesia (OECD),,2010,179200000,
Micronesia (OECD),,2011,369130020,
Micronesia (OECD),,2012,364240000,
Micronesia (OECD),,2013,394100000,
Micronesia (OECD),,2014,327480000,
Micronesia (OECD),,2015,285410020,
Micronesia (OECD),,2016,180930000,
Micronesia (OECD),,2017,326010020,
Micronesia (OECD),,2018,380000000,
Micronesia (OECD),,2019,309810000,
Micronesia (OECD),,2020,532919970,
Micronesia (OECD),,2021,401029980,
Micronesia (OECD),,2022,474100000,
Micronesia (country),FSM,1991,680000,
Micronesia (country),FSM,1992,13380000,
Micronesia (country),FSM,1993,97690000,
Micronesia (country),FSM,1994,165590000,
Micronesia (country),FSM,1995,108600000,
Micronesia (country),FSM,1996,186210000,
Micronesia (country),FSM,1997,132460010,
Micronesia (country),FSM,1998,118110000,
Micronesia (country),FSM,1999,165060000,
Micronesia (country),FSM,2000,149930000,
Micronesia (country),FSM,2001,208560000,
Micronesia (country),FSM,2002,167520000,
Micronesia (country),FSM,2003,166350000,
Micronesia (country),FSM,2004,123530000,
Micronesia (country),FSM,2005,146540000,
Micronesia (country),FSM,2006,146250000,
Micronesia (country),FSM,2007,147530000,
Micronesia (country),FSM,2008,116970000,
Micronesia (country),FSM,2009,154440000,
Micronesia (country),FSM,2010,73020000,
Micronesia (country),FSM,2011,148210000,
Micronesia (country),FSM,2012,172980000,
Micronesia (country),FSM,2013,165930000,
Micronesia (country),FSM,2014,139150000,
Micronesia (country),FSM,2015,94690000,
Micronesia (country),FSM,2016,57580000,
Micronesia (country),FSM,2017,111940000,
Micronesia (country),FSM,2018,106400000,
Micronesia (country),FSM,2019,100140000,
Micronesia (country),FSM,2020,186240000,
Micronesia (country),FSM,2021,137620000,
Micronesia (country),FSM,2022,150390000,
Middle Africa (OECD),,1960,824250000,
Middle Africa (OECD),,1961,1262209900,
Middle Africa (OECD),,1962,1225079900,
Middle Africa (OECD),,1963,1204350000,
Middle Africa (OECD),,1964,1805300100,
Middle Africa (OECD),,1965,1906960000,
Middle Africa (OECD),,1966,1661110000,
Middle Africa (OECD),,1967,1695969900,
Middle Africa (OECD),,1968,1429870000,
Middle Africa (OECD),,1969,1399890000,
Middle Africa (OECD),,1970,1532949900,
Middle Africa (OECD),,1971,1543360000,
Middle Africa (OECD),,1972,1633520000,
Middle Africa (OECD),,1973,1624550000,
Middle Africa (OECD),,1974,1886080000,
Middle Africa (OECD),,1975,2244250000,
Middle Africa (OECD),,1976,2028800000,
Middle Africa (OECD),,1977,2336919800,
Middle Africa (OECD),,1978,2402770000,
Middle Africa (OECD),,1979,2587390000,
Middle Africa (OECD),,1980,2352429800,
Middle Africa (OECD),,1981,2331730000,
Middle Africa (OECD),,1982,2447459800,
Middle Africa (OECD),,1983,2390930000,
Middle Africa (OECD),,1984,2866050000,
Middle Africa (OECD),,1985,2747370200,
Middle Africa (OECD),,1986,2766220000,
Middle Africa (OECD),,1987,3057490000,
Middle Africa (OECD),,1988,2960120000,
Middle Africa (OECD),,1989,3667300000,
Middle Africa (OECD),,1990,3911430000,
Middle Africa (OECD),,1991,3099070000,
Middle Africa (OECD),,1992,2792010000,
Middle Africa (OECD),,1993,2457520000,
Middle Africa (OECD),,1994,3352230000,
Middle Africa (OECD),,1995,2299060000,
Middle Africa (OECD),,1996,2730240000,
Middle Africa (OECD),,1997,2381590000,
Middle Africa (OECD),,1998,2036260000,
Middle Africa (OECD),,1999,2162550000,
Middle Africa (OECD),,2000,1816090000,
Middle Africa (OECD),,2001,2234570000,
Middle Africa (OECD),,2002,4065510000,
Middle Africa (OECD),,2003,9635481000,
Middle Africa (OECD),,2004,5347080000,
Middle Africa (OECD),,2005,5330230000,
Middle Africa (OECD),,2006,5652090000,
Middle Africa (OECD),,2007,4074830000,
Middle Africa (OECD),,2008,3555380000,
Middle Africa (OECD),,2009,4086260000,
Middle Africa (OECD),,2010,6592640000,
Middle Africa (OECD),,2011,7364670000,
Middle Africa (OECD),,2012,4706710000,
Middle Africa (OECD),,2013,4530280000,
Middle Africa (OECD),,2014,4676220400,
Middle Africa (OECD),,2015,5494120000,
Middle Africa (OECD),,2016,4835220000,
Middle Africa (OECD),,2017,5574480000,
Middle Africa (OECD),,2018,5902680000,
Middle Africa (OECD),,2019,6212169700,
Middle Africa (OECD),,2020,7472300000,
Middle Africa (OECD),,2021,6762680300,
Middle Africa (OECD),,2022,6954840000,
Middle East (OECD),,1960,2238420000,
Middle East (OECD),,1961,2932320000,
Middle East (OECD),,1962,2324020000,
Middle East (OECD),,1963,2088300000,
Middle East (OECD),,1964,1700599900,
Middle East (OECD),,1965,2013030000,
Middle East (OECD),,1966,2053320100,
Middle East (OECD),,1967,1503440000,
Middle East (OECD),,1968,1076360000,
Middle East (OECD),,1969,1095910000,
Middle East (OECD),,1970,3034659800,
Middle East (OECD),,1971,2781500000,
Middle East (OECD),,1972,3343710000,
Middle East (OECD),,1973,5137510000,
Middle East (OECD),,1974,8199750000,
Middle East (OECD),,1975,9974950000,
Middle East (OECD),,1976,11190799000,
Middle East (OECD),,1977,12229049000,
Middle East (OECD),,1978,10979781000,
Middle East (OECD),,1979,16242941000,
Middle East (OECD),,1980,14948440000,
Middle East (OECD),,1981,14740610000,
Middle East (OECD),,1982,11210030000,
Middle East (OECD),,1983,10527000000,
Middle East (OECD),,1984,9356769000,
Middle East (OECD),,1985,9940490000,
Middle East (OECD),,1986,8979860000,
Middle East (OECD),,1987,7216100400,
Middle East (OECD),,1988,4879820000,
Middle East (OECD),,1989,4722150000,
Middle East (OECD),,1990,8360469500,
Middle East (OECD),,1991,8518900000,
Middle East (OECD),,1992,6063570000,
Middle East (OECD),,1993,5027960000,
Middle East (OECD),,1994,6753320000,
Middle East (OECD),,1995,3759770000,
Middle East (OECD),,1996,7143170000,
Middle East (OECD),,1997,3578330000,
Middle East (OECD),,1998,4278319900,
Middle East (OECD),,1999,3529209900,
Middle East (OECD),,2000,3632000000,
Middle East (OECD),,2001,4000790000,
Middle East (OECD),,2002,4032139800,
Middle East (OECD),,2003,8588169700,
Middle East (OECD),,2004,9905299000,
Middle East (OECD),,2005,31576052000,
Middle East (OECD),,2006,17201519000,
Middle East (OECD),,2007,16156179000,
Middle East (OECD),,2008,20403230000,
Middle East (OECD),,2009,10985371000,
Middle East (OECD),,2010,10381050000,
Middle East (OECD),,2011,11589370000,
Middle East (OECD),,2012,8575140000,
Middle East (OECD),,2013,16530850000,
Middle East (OECD),,2014,24367400000,
Middle East (OECD),,2015,14584290000,
Middle East (OECD),,2016,20845519000,
Middle East (OECD),,2017,24276910000,
Middle East (OECD),,2018,28132321000,
Middle East (OECD),,2019,24421270000,
Middle East (OECD),,2020,23602520000,
Middle East (OECD),,2021,23411490000,
Middle East (OECD),,2022,19408712000,
Moldova,MDA,1997,94780000,
Moldova,MDA,1998,59080000,
Moldova,MDA,1999,160030000,
Moldova,MDA,2000,191380000,
Moldova,MDA,2001,186470000,
Moldova,MDA,2002,217730000,
Moldova,MDA,2003,165270000,
Moldova,MDA,2004,151450000,
Moldova,MDA,2005,202560000,
Moldova,MDA,2006,256470000,
Moldova,MDA,2007,229340000,
Moldova,MDA,2008,266489980,
Moldova,MDA,2009,226320000,
Moldova,MDA,2010,483950000,
Moldova,MDA,2011,441020000,
Moldova,MDA,2012,476029980,
Moldova,MDA,2013,353549980,
Moldova,MDA,2014,520560000,
Moldova,MDA,2015,346230000,
Moldova,MDA,2016,287680000,
Moldova,MDA,2017,259430000,
Moldova,MDA,2018,265540020,
Moldova,MDA,2019,358040000,
Moldova,MDA,2020,526460030,
Moldova,MDA,2021,567630000,
Moldova,MDA,2022,884660000,
Mongolia,MNG,1976,12680000,
Mongolia,MNG,1977,11700000,
Mongolia,MNG,1978,10230000,
Mongolia,MNG,1979,8940000,
Mongolia,MNG,1980,5820000,
Mongolia,MNG,1981,5950000,
Mongolia,MNG,1982,6110000,
Mongolia,MNG,1983,5080000,
Mongolia,MNG,1984,5620000,
Mongolia,MNG,1985,13300000,
Mongolia,MNG,1986,13620000,
Mongolia,MNG,1987,8170000,
Mongolia,MNG,1988,6060000,
Mongolia,MNG,1989,9340000,
Mongolia,MNG,1990,18930000,
Mongolia,MNG,1991,76510000,
Mongolia,MNG,1992,116790000,
Mongolia,MNG,1993,114960000,
Mongolia,MNG,1994,172960000,
Mongolia,MNG,1995,129619990,
Mongolia,MNG,1996,162530000,
Mongolia,MNG,1997,215900000,
Mongolia,MNG,1998,199840000,
Mongolia,MNG,1999,197310000,
Mongolia,MNG,2000,208600000,
Mongolia,MNG,2001,239540000,
Mongolia,MNG,2002,234090000,
Mongolia,MNG,2003,252080000,
Mongolia,MNG,2004,244090000,
Mongolia,MNG,2005,211500000,
Mongolia,MNG,2006,194360000,
Mongolia,MNG,2007,190120000,
Mongolia,MNG,2008,210330000,
Mongolia,MNG,2009,243880000,
Mongolia,MNG,2010,288450020,
Mongolia,MNG,2011,314350000,
Mongolia,MNG,2012,426020000,
Mongolia,MNG,2013,409770000,
Mongolia,MNG,2014,292470000,
Mongolia,MNG,2015,242570000,
Mongolia,MNG,2016,307930000,
Mongolia,MNG,2017,716600000,
Mongolia,MNG,2018,322510000,
Mongolia,MNG,2019,302860000,
Mongolia,MNG,2020,659390000,
Mongolia,MNG,2021,271589980,
Mongolia,MNG,2022,284380000,
Montenegro,MNE,2003,10690000,
Montenegro,MNE,2004,24460000,
Montenegro,MNE,2005,4560000,
Montenegro,MNE,2006,111230000,
Montenegro,MNE,2007,100640000,
Montenegro,MNE,2008,84890000,
Montenegro,MNE,2009,71180000,
Montenegro,MNE,2010,78420000,
Montenegro,MNE,2011,117890000,
Montenegro,MNE,2012,102620000,
Montenegro,MNE,2013,108220000,
Montenegro,MNE,2014,92650000,
Montenegro,MNE,2015,108360000,
Montenegro,MNE,2016,91580000,
Montenegro,MNE,2017,123570000,
Montenegro,MNE,2018,155160000,
Montenegro,MNE,2019,99090000,
Montenegro,MNE,2020,203360000,
Montenegro,MNE,2021,125130000,
Montenegro,MNE,2022,102750000,
Montserrat,MSR,1965,5300000,
Montserrat,MSR,1973,140000,
Montserrat,MSR,1974,13800000,
Montserrat,MSR,1975,19800000,
Montserrat,MSR,1976,14980000,
Montserrat,MSR,1977,13540000,
Montserrat,MSR,1978,4840000,
Montserrat,MSR,1979,3950000,
Montserrat,MSR,1980,8140000.5,
Montserrat,MSR,1981,8069999.5,
Montserrat,MSR,1982,9760000,
Montserrat,MSR,1983,5580000,
Montserrat,MSR,1984,5050000,
Montserrat,MSR,1985,6010000,
Montserrat,MSR,1986,8670000,
Montserrat,MSR,1987,6650000,
Montserrat,MSR,1988,9810000,
Montserrat,MSR,1989,12150000,
Montserrat,MSR,1990,12210000,
Montserrat,MSR,1991,12880000,
Montserrat,MSR,1992,9900000,
Montserrat,MSR,1993,14580000,
Montserrat,MSR,1994,18530000,
Montserrat,MSR,1995,12950000,
Montserrat,MSR,1996,19200000,
Montserrat,MSR,1997,54350000,
Montserrat,MSR,1998,81540000,
Montserrat,MSR,1999,51300000,
Montserrat,MSR,2000,40970000,
Montserrat,MSR,2001,45340000,
Montserrat,MSR,2002,55760000,
Montserrat,MSR,2003,42370000,
Montserrat,MSR,2004,45580000,
Montserrat,MSR,2005,28100000,
Montserrat,MSR,2006,31650000,
Montserrat,MSR,2007,32119998,
Montserrat,MSR,2008,31670000,
Montserrat,MSR,2009,45180000,
Montserrat,MSR,2010,25970000,
Montserrat,MSR,2011,45120000,
Montserrat,MSR,2012,39040000,
Montserrat,MSR,2013,52530000,
Montserrat,MSR,2014,36250000,
Montserrat,MSR,2015,50670000,
Montserrat,MSR,2016,41430000,
Montserrat,MSR,2017,39860000,
Montserrat,MSR,2018,43130000,
Montserrat,MSR,2019,38460000,
Montserrat,MSR,2020,50190000,
Montserrat,MSR,2021,37460000,
Montserrat,MSR,2022,42290000,
More advanced developed countries and territories (OECD),,1960,4375730000,
More advanced developed countries and territories (OECD),,1961,4783570000,
More advanced developed countries and territories (OECD),,1962,4432410000,
More advanced developed countries and territories (OECD),,1963,4933380000,
More advanced developed countries and territories (OECD),,1964,3721260000,
More advanced developed countries and territories (OECD),,1965,4256609800,
More advanced developed countries and territories (OECD),,1966,4486879700,
More advanced developed countries and territories (OECD),,1967,4271350000,
More advanced developed countries and territories (OECD),,1968,3804399900,
More advanced developed countries and territories (OECD),,1969,4251230000,
More advanced developed countries and territories (OECD),,1970,3928760000,
More advanced developed countries and territories (OECD),,1971,4011649800,
More advanced developed countries and territories (OECD),,1972,4285490200,
More advanced developed countries and territories (OECD),,1973,3940830000,
More advanced developed countries and territories (OECD),,1974,3763880000,
More advanced developed countries and territories (OECD),,1975,5340270000,
More advanced developed countries and territories (OECD),,1976,6175290000,
More advanced developed countries and territories (OECD),,1977,7151160300,
More advanced developed countries and territories (OECD),,1978,5618390000,
More advanced developed countries and territories (OECD),,1979,6758299600,
More advanced developed countries and territories (OECD),,1980,5671380000,
More advanced developed countries and territories (OECD),,1981,5735920000,
More advanced developed countries and territories (OECD),,1982,5010860000,
More advanced developed countries and territories (OECD),,1983,6274819600,
More advanced developed countries and territories (OECD),,1984,5895460000,
More advanced developed countries and territories (OECD),,1985,7266589700,
More advanced developed countries and territories (OECD),,1986,7177500000,
More advanced developed countries and territories (OECD),,1987,5141970400,
More advanced developed countries and territories (OECD),,1988,4594580000,
More advanced developed countries and territories (OECD),,1989,4680799700,
More advanced developed countries and territories (OECD),,1990,4845580300,
More advanced developed countries and territories (OECD),,1991,5068410400,
More advanced developed countries and territories (OECD),,1992,5544160000,
More advanced developed countries and territories (OECD),,1993,4741359600,
More advanced developed countries and territories (OECD),,1994,4558660000,
More advanced developed countries and territories (OECD),,1995,2688010000,
More advanced developed countries and territories (OECD),,1996,6046460000,
More advanced developed countries and territories (OECD),,1997,2040670100,
More advanced developed countries and territories (OECD),,1998,2778070000,
More advanced developed countries and territories (OECD),,1999,1766270100,
More advanced developed countries and territories (OECD),,2000,793050000,
More advanced developed countries and territories (OECD),,2001,881920000,
More advanced developed countries and territories (OECD),,2002,897680000,
More advanced developed countries and territories (OECD),,2003,827669950,
More advanced developed countries and territories (OECD),,2004,763620000,
More advanced developed countries and territories (OECD),,2005,674630000,
More advanced developed countries and territories (OECD),,2006,869840000,
More advanced developed countries and territories (OECD),,2007,889820000,
More advanced developed countries and territories (OECD),,2008,918390000,
More advanced developed countries and territories (OECD),,2009,844880000,
More advanced developed countries and territories (OECD),,2010,1005930000,
More advanced developed countries and territories (OECD),,2011,236180000,
More advanced developed countries and territories (OECD),,2012,223800000,
More advanced developed countries and territories (OECD),,2013,191030000,
More advanced developed countries and territories (OECD),,2014,361380000,
More advanced developed countries and territories (OECD),,2015,120090000,
More advanced developed countries and territories (OECD),,2016,241100000,
More advanced developed countries and territories (OECD),,2017,165820000,
More advanced developed countries and territories (OECD),,2018,52640000,
More advanced developed countries and territories (OECD),,2019,59130000,
More advanced developed countries and territories (OECD),,2020,26560000,
More advanced developed countries and territories (OECD),,2021,5670000,
Morocco,MAR,1960,455140000,
Morocco,MAR,1961,851530050,
Morocco,MAR,1962,613870000,
Morocco,MAR,1963,711270000,
Morocco,MAR,1964,743440000,
Morocco,MAR,1965,753850000,
Morocco,MAR,1966,685150000,
Morocco,MAR,1967,412890020,
Morocco,MAR,1968,591820000,
Morocco,MAR,1969,504560000,
Morocco,MAR,1970,547880000,
Morocco,MAR,1971,789229950,
Morocco,MAR,1972,545220000,
Morocco,MAR,1973,436750000,
Morocco,MAR,1974,495260000,
Morocco,MAR,1975,965950000,
Morocco,MAR,1976,906140000,
Morocco,MAR,1977,2043220000,
Morocco,MAR,1978,1240680100,
Morocco,MAR,1979,1369510000,
Morocco,MAR,1980,2757610000,
Morocco,MAR,1981,2580429800,
Morocco,MAR,1982,2164870100,
Morocco,MAR,1983,1157850000,
Morocco,MAR,1984,877349950,
Morocco,MAR,1985,2246179800,
Morocco,MAR,1986,899600000,
Morocco,MAR,1987,768680000,
Morocco,MAR,1988,832410000,
Morocco,MAR,1989,865950000,
Morocco,MAR,1990,1839430000,
Morocco,MAR,1991,2236050200,
Morocco,MAR,1992,1263319900,
Morocco,MAR,1993,1109239900,
Morocco,MAR,1994,916280000,
Morocco,MAR,1995,604660000,
Morocco,MAR,1996,783030000,
Morocco,MAR,1997,637000000,
Morocco,MAR,1998,723000000,
Morocco,MAR,1999,937990000,
Morocco,MAR,2000,632430000,
Morocco,MAR,2001,733659970,
Morocco,MAR,2002,531469980,
Morocco,MAR,2003,710370000,
Morocco,MAR,2004,866229950,
Morocco,MAR,2005,830750000,
Morocco,MAR,2006,1177969900,
Morocco,MAR,2007,1198640000,
Morocco,MAR,2008,1354530000,
Morocco,MAR,2009,965650050,
Morocco,MAR,2010,934110000,
Morocco,MAR,2011,1349079900,
Morocco,MAR,2012,1434440000,
Morocco,MAR,2013,1936400000,
Morocco,MAR,2014,2110199900,
Morocco,MAR,2015,1657760000,
Morocco,MAR,2016,2232490000,
Morocco,MAR,2017,2571660000,
Morocco,MAR,2018,828290000,
Morocco,MAR,2019,787250000,
Morocco,MAR,2020,1824670100,
Morocco,MAR,2021,907620000,
Morocco,MAR,2022,1415450000,
Mozambique,MOZ,1960,170000,
Mozambique,MOZ,1961,42720000,
Mozambique,MOZ,1962,720000,
Mozambique,MOZ,1963,1720000,
Mozambique,MOZ,1964,-490000,
Mozambique,MOZ,1966,69870000,
Mozambique,MOZ,1967,181840000,
Mozambique,MOZ,1968,129999.99,
Mozambique,MOZ,1969,430000,
Mozambique,MOZ,1970,820000,
Mozambique,MOZ,1971,1170000,
Mozambique,MOZ,1972,1130000,
Mozambique,MOZ,1973,760000,
Mozambique,MOZ,1974,3310000,
Mozambique,MOZ,1975,68400000,
Mozambique,MOZ,1976,250090000,
Mozambique,MOZ,1977,260930000,
Mozambique,MOZ,1978,315260000,
Mozambique,MOZ,1979,377240000,
Mozambique,MOZ,1980,388390000,
Mozambique,MOZ,1981,356390000,
Mozambique,MOZ,1982,536490000,
Mozambique,MOZ,1983,570320000,
Mozambique,MOZ,1984,729190000,
Mozambique,MOZ,1985,828890000,
Mozambique,MOZ,1986,932340030,
Mozambique,MOZ,1987,1278270100,
Mozambique,MOZ,1988,1630390000,
Mozambique,MOZ,1989,1420030100,
Mozambique,MOZ,1990,1549300100,
Mozambique,MOZ,1991,1647860000,
Mozambique,MOZ,1992,2090899800,
Mozambique,MOZ,1993,1840200000,
Mozambique,MOZ,1994,1797390000,
Mozambique,MOZ,1995,1426600000,
Mozambique,MOZ,1996,1214160000,
Mozambique,MOZ,1997,1397189900,
Mozambique,MOZ,1998,1546910100,
Mozambique,MOZ,1999,1210640000,
Mozambique,MOZ,2000,1462960000,
Mozambique,MOZ,2001,1541750000,
Mozambique,MOZ,2002,3366630000,
Mozambique,MOZ,2003,1411540100,
Mozambique,MOZ,2004,1519250000,
Mozambique,MOZ,2005,1523470000,
Mozambique,MOZ,2006,1842430100,
Mozambique,MOZ,2007,1573850000,
Mozambique,MOZ,2008,1707760000,
Mozambique,MOZ,2009,1873070000,
Mozambique,MOZ,2010,2020350000,
Mozambique,MOZ,2011,2058560000,
Mozambique,MOZ,2012,2124300000,
Mozambique,MOZ,2013,2340150000,
Mozambique,MOZ,2014,2100710000,
Mozambique,MOZ,2015,2000040100,
Mozambique,MOZ,2016,1698449900,
Mozambique,MOZ,2017,1960050000,
Mozambique,MOZ,2018,1913120000,
Mozambique,MOZ,2019,1956870000,
Mozambique,MOZ,2020,2655639800,
Mozambique,MOZ,2021,2252480000,
Mozambique,MOZ,2022,2572360200,
Multilateral Investment Guarantee Agency,,1988,184340000,
Multilateral Investment Guarantee Agency,,1989,23070000,
Multilateral Investment Guarantee Agency,,1992,6090000,
Multilateral Investment Guarantee Agency,,1995,13510000,
Multilateral Investment Guarantee Agency,,1996,92430000,
Multilateral Investment Guarantee Agency,,1997,2490000,
Multilateral Investment Guarantee Agency,,1998,10250000,
Multilateral Investment Guarantee Agency,,1999,18650000,
Multilateral Investment Guarantee Agency,,2000,53340000,
Multilateral Investment Guarantee Agency,,2001,36240000,
Multilateral Investment Guarantee Agency,,2002,39190000,
Multilateral Investment Guarantee Agency,,2003,10060000,
Multilateral Investment Guarantee Agency,,2004,10510000,
Multilateral Investment Guarantee Agency,,2005,9040000,
Multilateral Investment Guarantee Agency,,2006,1850000,
Multilateral Investment Guarantee Agency,,2008,700000,
Multilateral Investment Guarantee Agency,,2015,4560000,
Myanmar,MMR,1960,345410020,
Myanmar,MMR,1961,199300000,
Myanmar,MMR,1962,270170020,
Myanmar,MMR,1963,361050000,
Myanmar,MMR,1964,182780000,
Myanmar,MMR,1965,140660000,
Myanmar,MMR,1966,129640000,
Myanmar,MMR,1967,92570000,
Myanmar,MMR,1968,110380000,
Myanmar,MMR,1969,188390000,
Myanmar,MMR,1970,149720000,
Myanmar,MMR,1971,244470000,
Myanmar,MMR,1972,227760000,
Myanmar,MMR,1973,280230000,
Myanmar,MMR,1974,243840000,
Myanmar,MMR,1975,197680000,
Myanmar,MMR,1976,223220000,
Myanmar,MMR,1977,303090000,
Myanmar,MMR,1978,528880000,
Myanmar,MMR,1979,765710000,
Myanmar,MMR,1980,631750000,
Myanmar,MMR,1981,562650050,
Myanmar,MMR,1982,670229950,
Myanmar,MMR,1983,660250000,
Myanmar,MMR,1984,572680000,
Myanmar,MMR,1985,725909950,
Myanmar,MMR,1986,596299970,
Myanmar,MMR,1987,457760000,
Myanmar,MMR,1988,495880000,
Myanmar,MMR,1989,205220000,
Myanmar,MMR,1990,207470000,
Myanmar,MMR,1991,212510000,
Myanmar,MMR,1992,122370000,
Myanmar,MMR,1993,102700000,
Myanmar,MMR,1994,153400000,
Myanmar,MMR,1995,131840000,
Myanmar,MMR,1996,46230000,
Myanmar,MMR,1997,75200000,
Myanmar,MMR,1998,101430000,
Myanmar,MMR,1999,96190000,
Myanmar,MMR,2000,123800000,
Myanmar,MMR,2001,152740000,
Myanmar,MMR,2002,153150000,
Myanmar,MMR,2003,149490000,
Myanmar,MMR,2004,143780000,
Myanmar,MMR,2005,163670000,
Myanmar,MMR,2006,160000000,
Myanmar,MMR,2007,202520000,
Myanmar,MMR,2008,538560000,
Myanmar,MMR,2009,359220000,
Myanmar,MMR,2010,351680000,
Myanmar,MMR,2011,345700000,
Myanmar,MMR,2012,461690020,
Myanmar,MMR,2013,3318700000,
Myanmar,MMR,2014,1315170000,
Myanmar,MMR,2015,1220150000,
Myanmar,MMR,2016,1572580000,
Myanmar,MMR,2017,1594990000,
Myanmar,MMR,2018,1691940000,
Myanmar,MMR,2019,2010560000,
Myanmar,MMR,2020,2733840100,
Myanmar,MMR,2021,1417290000,
Myanmar,MMR,2022,1000160000,
Namibia,NAM,1972,110000,
Namibia,NAM,1983,30000,
Namibia,NAM,1985,15060000,
Namibia,NAM,1986,32599998,
Namibia,NAM,1987,30030000,
Namibia,NAM,1988,37290000,
Namibia,NAM,1989,107950000,
Namibia,NAM,1990,191350000,
Namibia,NAM,1991,279770000,
Namibia,NAM,1992,203530000,
Namibia,NAM,1993,229020000,
Namibia,NAM,1994,201460000,
Namibia,NAM,1995,236130000,
Namibia,NAM,1996,250910000,
Namibia,NAM,1997,245260000,
Namibia,NAM,1998,270370000,
Namibia,NAM,1999,264049980,
Namibia,NAM,2000,247380000,
Namibia,NAM,2001,182580000,
Namibia,NAM,2002,211120000,
Namibia,NAM,2003,201810000,
Namibia,NAM,2004,218590000,
Namibia,NAM,2005,140330000,
Namibia,NAM,2006,182640000,
Namibia,NAM,2007,243520000,
Namibia,NAM,2008,222550000,
Namibia,NAM,2009,342640000,
Namibia,NAM,2010,288290020,
Namibia,NAM,2011,293080000,
Namibia,NAM,2012,291740000,
Namibia,NAM,2013,296390000,
Namibia,NAM,2014,256780000,
Namibia,NAM,2015,165150000,
Namibia,NAM,2016,195370000,
Namibia,NAM,2017,209150000,
Namibia,NAM,2018,172490000,
Namibia,NAM,2019,154400000,
Namibia,NAM,2020,191780000,
Namibia,NAM,2021,182690000,
Namibia,NAM,2022,325309980,
Nauru,NRU,1975,40000,
Nauru,NRU,1977,40000,
Nauru,NRU,1979,60000,
Nauru,NRU,1980,90000,
Nauru,NRU,1981,50000,
Nauru,NRU,1982,50000,
Nauru,NRU,1983,60000,
Nauru,NRU,1984,70000,
Nauru,NRU,1985,160000,
Nauru,NRU,1986,129999.99,
Nauru,NRU,1987,150000,
Nauru,NRU,1988,380000,
Nauru,NRU,1989,100000,
Nauru,NRU,1990,310000,
Nauru,NRU,1991,700000,
Nauru,NRU,1992,690000,
Nauru,NRU,1993,730000,
Nauru,NRU,1994,16850000,
Nauru,NRU,1995,4330000,
Nauru,NRU,1996,5260000,
Nauru,NRU,1997,4590000,
Nauru,NRU,1998,4450000,
Nauru,NRU,1999,8040000,
Nauru,NRU,2000,5710000,
Nauru,NRU,2001,18100000,
Nauru,NRU,2002,27000000,
Nauru,NRU,2003,30420000,
Nauru,NRU,2004,21990000,
Nauru,NRU,2005,12790000,
Nauru,NRU,2006,24890000,
Nauru,NRU,2007,31010000,
Nauru,NRU,2008,35620000,
Nauru,NRU,2009,27680000,
Nauru,NRU,2010,27640000,
Nauru,NRU,2011,31950000,
Nauru,NRU,2012,27180000,
Nauru,NRU,2013,26210000,
Nauru,NRU,2014,21560000,
Nauru,NRU,2015,35580000,
Nauru,NRU,2016,25340000,
Nauru,NRU,2017,27990000,
Nauru,NRU,2018,40320000,
Nauru,NRU,2019,57220000,
Nauru,NRU,2020,30280000,
Nauru,NRU,2021,33070000,
Nauru,NRU,2022,35490000,
Nepal,NPL,1960,66530000,
Nepal,NPL,1961,82340000,
Nepal,NPL,1962,68430000,
Nepal,NPL,1963,125740000,
Nepal,NPL,1964,146550000,
Nepal,NPL,1965,131350010,
Nepal,NPL,1966,111950000,
Nepal,NPL,1967,100360000,
Nepal,NPL,1968,76540000,
Nepal,NPL,1969,75440000,
Nepal,NPL,1970,145900000,
Nepal,NPL,1971,142920000,
Nepal,NPL,1972,165890000,
Nepal,NPL,1973,165530000,
Nepal,NPL,1974,136590000,
Nepal,NPL,1975,160270000,
Nepal,NPL,1976,169980000,
Nepal,NPL,1977,256410000,
Nepal,NPL,1978,210040000,
Nepal,NPL,1979,329730020,
Nepal,NPL,1980,358090000,
Nepal,NPL,1981,396860000,
Nepal,NPL,1982,443680000,
Nepal,NPL,1983,442420000,
Nepal,NPL,1984,403950000,
Nepal,NPL,1985,465360000,
Nepal,NPL,1986,518419970,
Nepal,NPL,1987,555040000,
Nepal,NPL,1988,601170000,
Nepal,NPL,1989,675340000,
Nepal,NPL,1990,531590000,
Nepal,NPL,1991,494540000,
Nepal,NPL,1992,507589980,
Nepal,NPL,1993,388690020,
Nepal,NPL,1994,479010020,
Nepal,NPL,1995,421000000,
Nepal,NPL,1996,405600000,
Nepal,NPL,1997,413070000,
Nepal,NPL,1998,429970020,
Nepal,NPL,1999,395820000,
Nepal,NPL,2000,420860000,
Nepal,NPL,2001,511050000,
Nepal,NPL,2002,462630000,
Nepal,NPL,2003,584950000,
Nepal,NPL,2004,506980000,
Nepal,NPL,2005,470820000,
Nepal,NPL,2006,520180000,
Nepal,NPL,2007,527989980,
Nepal,NPL,2008,559970000,
Nepal,NPL,2009,617789950,
Nepal,NPL,2010,781060000,
Nepal,NPL,2011,719540000,
Nepal,NPL,2012,760020030,
Nepal,NPL,2013,861410000,
Nepal,NPL,2014,859940030,
Nepal,NPL,2015,1354370000,
Nepal,NPL,2016,1176100000,
Nepal,NPL,2017,1377390000,
Nepal,NPL,2018,1512060000,
Nepal,NPL,2019,1399830000,
Nepal,NPL,2020,1811640000,
Nepal,NPL,2021,1551930100,
Nepal,NPL,2022,1197690000,
Netherlands Antilles,ANT,1960,1440000,
Netherlands Antilles,ANT,1961,7250000,
Netherlands Antilles,ANT,1962,7600000,
Netherlands Antilles,ANT,1963,33180000,
Netherlands Antilles,ANT,1964,146760000,
Netherlands Antilles,ANT,1965,61390000,
Netherlands Antilles,ANT,1966,12760000,
Netherlands Antilles,ANT,1967,149630000,
Netherlands Antilles,ANT,1968,172920000,
Netherlands Antilles,ANT,1969,165700000,
Netherlands Antilles,ANT,1970,223120000,
Netherlands Antilles,ANT,1971,182810000,
Netherlands Antilles,ANT,1972,215300000,
Netherlands Antilles,ANT,1973,112330000,
Netherlands Antilles,ANT,1974,127370000,
Netherlands Antilles,ANT,1975,128649990,
Netherlands Antilles,ANT,1976,180170000,
Netherlands Antilles,ANT,1977,130840000,
Netherlands Antilles,ANT,1978,127460000,
Netherlands Antilles,ANT,1979,133640000,
Netherlands Antilles,ANT,1980,214260000,
Netherlands Antilles,ANT,1981,192470000,
Netherlands Antilles,ANT,1982,172080000,
Netherlands Antilles,ANT,1983,180240000,
Netherlands Antilles,ANT,1984,193970000,
Netherlands Antilles,ANT,1985,201980000,
Netherlands Antilles,ANT,1986,132119990,
Netherlands Antilles,ANT,1987,123380000,
Netherlands Antilles,ANT,1988,98330000,
Netherlands Antilles,ANT,1989,118870000,
Netherlands Antilles,ANT,1990,95170000,
Netherlands Antilles,ANT,1991,134380000,
Netherlands Antilles,ANT,1992,138920000,
Netherlands Antilles,ANT,1993,124990000,
Netherlands Antilles,ANT,1994,56210000,
Netherlands Antilles,ANT,1995,127710000,
Netherlands Antilles,ANT,1996,162480000,
Netherlands Antilles,ANT,1997,168140000,
Netherlands Antilles,ANT,1998,195230000,
Netherlands Antilles,ANT,1999,197820000,
New Caledonia,NCL,1966,119720000,
New Caledonia,NCL,1967,78550000,
New Caledonia,NCL,1968,103050000,
New Caledonia,NCL,1969,105250000,
New Caledonia,NCL,1970,147910000,
New Caledonia,NCL,1971,232070000,
New Caledonia,NCL,1972,285620000,
New Caledonia,NCL,1973,316650000,
New Caledonia,NCL,1974,254220000,
New Caledonia,NCL,1975,207710000,
New Caledonia,NCL,1976,150210000,
New Caledonia,NCL,1977,239830000,
New Caledonia,NCL,1978,295800000,
New Caledonia,NCL,1979,326429980,
New Caledonia,NCL,1980,386370000,
New Caledonia,NCL,1981,338970020,
New Caledonia,NCL,1982,384690020,
New Caledonia,NCL,1983,466410020,
New Caledonia,NCL,1984,358630000,
New Caledonia,NCL,1985,389170020,
New Caledonia,NCL,1986,406220000,
New Caledonia,NCL,1987,470240000,
New Caledonia,NCL,1988,417060000,
New Caledonia,NCL,1989,466680000,
New Caledonia,NCL,1990,417070000,
New Caledonia,NCL,1991,433230000,
New Caledonia,NCL,1992,459620000,
New Caledonia,NCL,1993,533000000,
New Caledonia,NCL,1994,536260000,
New Caledonia,NCL,1995,526919970,
New Caledonia,NCL,1996,467340000,
New Caledonia,NCL,1997,451770000,
New Caledonia,NCL,1998,451970020,
New Caledonia,NCL,1999,437149980,
New independent states of the former Soviet Union (OECD),,1991,169700000,
New independent states of the former Soviet Union (OECD),,1992,146460000,
New independent states of the former Soviet Union (OECD),,1993,690820030,
New independent states of the former Soviet Union (OECD),,1994,1276870000,
New independent states of the former Soviet Union (OECD),,1995,1329060100,
New independent states of the former Soviet Union (OECD),,1996,1672580000,
New independent states of the former Soviet Union (OECD),,1997,1663040000,
New independent states of the former Soviet Union (OECD),,1998,1796190000,
New independent states of the former Soviet Union (OECD),,1999,1915280000,
New independent states of the former Soviet Union (OECD),,2000,1917200000,
New independent states of the former Soviet Union (OECD),,2001,2247750000,
New independent states of the former Soviet Union (OECD),,2002,2657389800,
New independent states of the former Soviet Union (OECD),,2003,2208750000,
New independent states of the former Soviet Union (OECD),,2004,2238860000,
New independent states of the former Soviet Union (OECD),,2005,2583400000,
New independent states of the former Soviet Union (OECD),,2006,2761990000,
New independent states of the former Soviet Union (OECD),,2007,2395960000,
New independent states of the former Soviet Union (OECD),,2008,3254290000,
New independent states of the former Soviet Union (OECD),,2009,3118220000,
New independent states of the former Soviet Union (OECD),,2010,3668870100,
New independent states of the former Soviet Union (OECD),,2011,3498920000,
New independent states of the former Soviet Union (OECD),,2012,3749679900,
New independent states of the former Soviet Union (OECD),,2013,3279750000,
New independent states of the former Soviet Union (OECD),,2014,4185759700,
New independent states of the former Soviet Union (OECD),,2015,4507170000,
New independent states of the former Soviet Union (OECD),,2016,4099400000,
New independent states of the former Soviet Union (OECD),,2017,3547280100,
New independent states of the former Soviet Union (OECD),,2018,4404520000,
New independent states of the former Soviet Union (OECD),,2019,4726310000,
New independent states of the former Soviet Union (OECD),,2020,7143600000,
New independent states of the former Soviet Union (OECD),,2021,5860390000,
New independent states of the former Soviet Union (OECD),,2022,33320500000,
Nicaragua,NIC,1960,63640000,
Nicaragua,NIC,1961,70930000,
Nicaragua,NIC,1962,55750000,
Nicaragua,NIC,1963,57560000,
Nicaragua,NIC,1964,68080000,
Nicaragua,NIC,1965,66580000,
Nicaragua,NIC,1966,87840000,
Nicaragua,NIC,1967,76430000,
Nicaragua,NIC,1968,73400000,
Nicaragua,NIC,1969,99990000,
Nicaragua,NIC,1970,132410000,
Nicaragua,NIC,1971,85040000,
Nicaragua,NIC,1972,60110000,
Nicaragua,NIC,1973,135790000,
Nicaragua,NIC,1974,136520000,
Nicaragua,NIC,1975,109560000,
Nicaragua,NIC,1976,102860000,
Nicaragua,NIC,1977,86300000,
Nicaragua,NIC,1978,98960000,
Nicaragua,NIC,1979,223540000,
Nicaragua,NIC,1980,480309980,
Nicaragua,NIC,1981,254420000,
Nicaragua,NIC,1982,257640020,
Nicaragua,NIC,1983,257730020,
Nicaragua,NIC,1984,303000000,
Nicaragua,NIC,1985,292480000,
Nicaragua,NIC,1986,329829980,
Nicaragua,NIC,1987,277500000,
Nicaragua,NIC,1988,396130020,
Nicaragua,NIC,1989,427750000,
Nicaragua,NIC,1990,565920000,
Nicaragua,NIC,1991,1333170000,
Nicaragua,NIC,1992,899550000,
Nicaragua,NIC,1993,475720000,
Nicaragua,NIC,1994,783220000,
Nicaragua,NIC,1995,713600000,
Nicaragua,NIC,1996,1096200000,
Nicaragua,NIC,1997,507940000,
Nicaragua,NIC,1998,749600000,
Nicaragua,NIC,1999,865550000,
Nicaragua,NIC,2000,746420000,
Nicaragua,NIC,2001,1347020000,
Nicaragua,NIC,2002,630859970,
Nicaragua,NIC,2003,969040000,
Nicaragua,NIC,2004,1299969900,
Nicaragua,NIC,2005,769370000,
Nicaragua,NIC,2006,713390000,
Nicaragua,NIC,2007,702960000,
Nicaragua,NIC,2008,630930000,
Nicaragua,NIC,2009,605220000,
Nicaragua,NIC,2010,514340030,
Nicaragua,NIC,2011,449760000,
Nicaragua,NIC,2012,517930000,
Nicaragua,NIC,2013,454800000,
Nicaragua,NIC,2014,409910000,
Nicaragua,NIC,2015,500770000,
Nicaragua,NIC,2016,458670000,
Nicaragua,NIC,2017,590750000,
Nicaragua,NIC,2018,353869980,
Nicaragua,NIC,2019,400829980,
Nicaragua,NIC,2020,467840000,
Nicaragua,NIC,2021,728450000,
Nicaragua,NIC,2022,1127310100,
Niger,NER,1960,410000,
Niger,NER,1961,18890000,
Niger,NER,1962,40220000,
Niger,NER,1963,38420000,
Niger,NER,1964,112810000,
Niger,NER,1965,108190000,
Niger,NER,1966,162670000,
Niger,NER,1967,155580000,
Niger,NER,1968,207790000,
Niger,NER,1969,217130000,
Niger,NER,1970,207030000,
Niger,NER,1971,250770000,
Niger,NER,1972,240450000,
Niger,NER,1973,352429980,
Niger,NER,1974,602450000,
Niger,NER,1975,516390000,
Niger,NER,1976,475650000,
Niger,NER,1977,318620000,
Niger,NER,1978,453160000,
Niger,NER,1979,428080000,
Niger,NER,1980,375920000,
Niger,NER,1981,479760000,
Niger,NER,1982,663560000,
Niger,NER,1983,458640000,
Niger,NER,1984,435420000,
Niger,NER,1985,791040000,
Niger,NER,1986,665020000,
Niger,NER,1987,656290000,
Niger,NER,1988,621909950,
Niger,NER,1989,535570020,
Niger,NER,1990,583410000,
Niger,NER,1991,546610000,
Niger,NER,1992,494989980,
Niger,NER,1993,483240000,
Niger,NER,1994,493680000,
Niger,NER,1995,348869980,
Niger,NER,1996,321370000,
Niger,NER,1997,463429980,
Niger,NER,1998,411269980,
Niger,NER,1999,265090000,
Niger,NER,2000,316410020,
Niger,NER,2001,411930000,
Niger,NER,2002,447100000,
Niger,NER,2003,618420000,
Niger,NER,2004,637590000,
Niger,NER,2005,608360000,
Niger,NER,2006,612130000,
Niger,NER,2007,483790000,
Niger,NER,2008,538000000,
Niger,NER,2009,428100000,
Niger,NER,2010,767390000,
Niger,NER,2011,631380030,
Niger,NER,2012,895909950,
Niger,NER,2013,778840000,
Niger,NER,2014,894630000,
Niger,NER,2015,959840000,
Niger,NER,2016,1052959940,
Niger,NER,2017,1316510000,
Niger,NER,2018,1358880000,
Niger,NER,2019,1527830000,
Niger,NER,2020,1989210000,
Niger,NER,2021,1756780000,
Niger,NER,2022,2044439900,
Nigeria,NGA,1960,335280000,
Nigeria,NGA,1961,297620000,
Nigeria,NGA,1962,273000000,
Nigeria,NGA,1963,159800000,
Nigeria,NGA,1964,363709980,
Nigeria,NGA,1965,610370000,
Nigeria,NGA,1966,522200000,
Nigeria,NGA,1967,533680000,
Nigeria,NGA,1968,548030000,
Nigeria,NGA,1969,587739970,
Nigeria,NGA,1970,735520000,
Nigeria,NGA,1971,640870000,
Nigeria,NGA,1972,469350000,
Nigeria,NGA,1973,384680000,
Nigeria,NGA,1974,311370000,
Nigeria,NGA,1975,302540000,
Nigeria,NGA,1976,191000000,
Nigeria,NGA,1977,140530000,
Nigeria,NGA,1978,115260000,
Nigeria,NGA,1979,68250000,
Nigeria,NGA,1980,78440000,
Nigeria,NGA,1981,100420000,
Nigeria,NGA,1982,87670000,
Nigeria,NGA,1983,108330000,
Nigeria,NGA,1984,88630000,
Nigeria,NGA,1985,85670000,
Nigeria,NGA,1986,115290000,
Nigeria,NGA,1987,111230000,
Nigeria,NGA,1988,162020000,
Nigeria,NGA,1989,474540000,
Nigeria,NGA,1990,357149980,
Nigeria,NGA,1991,374829980,
Nigeria,NGA,1992,346020000,
Nigeria,NGA,1993,426860000,
Nigeria,NGA,1994,274960000,
Nigeria,NGA,1995,254750000,
Nigeria,NGA,1996,249700000,
Nigeria,NGA,1997,279670000,
Nigeria,NGA,1998,290709980,
Nigeria,NGA,1999,211300000,
Nigeria,NGA,2000,256549980,
Nigeria,NGA,2001,255320000,
Nigeria,NGA,2002,445930000,
Nigeria,NGA,2003,423989980,
Nigeria,NGA,2004,705310000,
Nigeria,NGA,2005,6871240000,
Nigeria,NGA,2006,11873870000,
Nigeria,NGA,2007,1708710000,
Nigeria,NGA,2008,1058550100,
Nigeria,NGA,2009,1295940000,
Nigeria,NGA,2010,2240930000,
Nigeria,NGA,2011,1878800000,
Nigeria,NGA,2012,2001490000,
Nigeria,NGA,2013,2603390000,
Nigeria,NGA,2014,2517160000,
Nigeria,NGA,2015,2665820200,
Nigeria,NGA,2016,2794810000,
Nigeria,NGA,2017,3703790000,
Nigeria,NGA,2018,3507060000,
Nigeria,NGA,2019,3513990000,
Nigeria,NGA,2020,3539300000,
Nigeria,NGA,2021,3490370000,
Nigeria,NGA,2022,4406410000,
Niue,NIU,1972,10010000,
Niue,NIU,1973,10030000,
Niue,NIU,1974,16559999,
Niue,NIU,1975,13140000,
Niue,NIU,1976,16180000,
Niue,NIU,1977,17280000,
Niue,NIU,1978,17670000,
Niue,NIU,1979,18790000,
Niue,NIU,1980,12480000,
Niue,NIU,1981,13580000,
Niue,NIU,1982,14740000,
Niue,NIU,1983,19660000,
Niue,NIU,1984,12030000,
Niue,NIU,1985,13840000,
Niue,NIU,1986,12390000,
Niue,NIU,1987,16340000,
Niue,NIU,1988,10740000,
Niue,NIU,1989,11860000,
Niue,NIU,1990,14750000,
Niue,NIU,1991,19660000,
Niue,NIU,1992,10340000,
Niue,NIU,1993,10010000,
Niue,NIU,1994,13780000,
Niue,NIU,1995,14470000,
Niue,NIU,1996,11030000,
Niue,NIU,1997,9140000,
Niue,NIU,1998,8600000,
Niue,NIU,1999,8620000,
Niue,NIU,2000,7470000,
Niue,NIU,2001,8109999.5,
Niue,NIU,2002,9840000,
Niue,NIU,2003,15940000,
Niue,NIU,2004,21440000,
Niue,NIU,2005,28890000,
Niue,NIU,2006,12850000,
Niue,NIU,2007,17890000,
Niue,NIU,2008,21930000,
Niue,NIU,2009,9650000,
Niue,NIU,2010,17130000,
Niue,NIU,2011,20720000,
Niue,NIU,2012,19210000,
Niue,NIU,2013,17290000,
Niue,NIU,2014,12750000,
Niue,NIU,2015,21690000,
Niue,NIU,2016,15020000,
Niue,NIU,2017,15330000,
Niue,NIU,2018,19530000,
Niue,NIU,2019,20220000,
Niue,NIU,2020,23750000,
Niue,NIU,2021,26530000,
Niue,NIU,2022,24500000,
North Korea,PRK,1978,150430000,
North Korea,PRK,1985,14310000,
North Korea,PRK,1986,11500000,
North Korea,PRK,1987,28400000,
North Korea,PRK,1988,15100000,
North Korea,PRK,1989,14010000,
North Korea,PRK,1990,11940000,
North Korea,PRK,1991,12800000,
North Korea,PRK,1992,14490000,
North Korea,PRK,1993,19590000,
North Korea,PRK,1994,7750000,
North Korea,PRK,1995,16610001,
North Korea,PRK,1996,35570000,
North Korea,PRK,1997,137990000,
North Korea,PRK,1998,159210000,
North Korea,PRK,1999,327820000,
North Korea,PRK,2000,125030000,
North Korea,PRK,2001,201250000,
North Korea,PRK,2002,415190000,
North Korea,PRK,2003,185880000,
North Korea,PRK,2004,212270000,
North Korea,PRK,2005,107660000,
North Korea,PRK,2006,64710000,
North Korea,PRK,2007,115180000,
North Korea,PRK,2008,253260000,
North Korea,PRK,2009,72790000,
North Korea,PRK,2010,82170000,
North Korea,PRK,2011,90950000,
North Korea,PRK,2012,80950000,
North Korea,PRK,2013,73140000,
North Korea,PRK,2014,81810000,
North Korea,PRK,2015,78730000,
North Korea,PRK,2016,67350000,
North Korea,PRK,2017,81530000,
North Korea,PRK,2018,64110000,
North Korea,PRK,2019,65730004,
North Korea,PRK,2020,59370000,
North Korea,PRK,2021,19440000,
North Korea,PRK,2022,12490000,
North Macedonia,MKD,1993,4940000,
North Macedonia,MKD,1994,149810000,
North Macedonia,MKD,1995,94430000,
North Macedonia,MKD,1996,134490000,
North Macedonia,MKD,1997,132700000,
North Macedonia,MKD,1998,144390000,
North Macedonia,MKD,1999,395610000,
North Macedonia,MKD,2000,399989980,
North Macedonia,MKD,2001,400060000,
North Macedonia,MKD,2002,424620000,
North Macedonia,MKD,2003,365570020,
North Macedonia,MKD,2004,328010020,
North Macedonia,MKD,2005,270820000,
North Macedonia,MKD,2006,231740000,
North Macedonia,MKD,2007,212530000,
North Macedonia,MKD,2008,204800000,
North Macedonia,MKD,2009,199060000,
North Macedonia,MKD,2010,181830000,
North Macedonia,MKD,2011,181510000,
North Macedonia,MKD,2012,145280000,
North Macedonia,MKD,2013,189460000,
North Macedonia,MKD,2014,201280000,
North Macedonia,MKD,2015,227450000,
North Macedonia,MKD,2016,180030000,
North Macedonia,MKD,2017,160240000,
North Macedonia,MKD,2018,175760000,
North Macedonia,MKD,2019,148130000,
North Macedonia,MKD,2020,285210000,
North Macedonia,MKD,2021,318750000,
North Macedonia,MKD,2022,224050000,
North of Sahara (OECD),,1960,6205430300,
North of Sahara (OECD),,1961,6509870000,
North of Sahara (OECD),,1962,6003430400,
North of Sahara (OECD),,1963,5313810000,
North of Sahara (OECD),,1964,4837920000,
North of Sahara (OECD),,1965,3427430000,
North of Sahara (OECD),,1966,2883400000,
North of Sahara (OECD),,1967,2058010000,
North of Sahara (OECD),,1968,2111790100,
North of Sahara (OECD),,1969,2212290000,
North of Sahara (OECD),,1970,3247760100,
North of Sahara (OECD),,1971,3057870000,
North of Sahara (OECD),,1972,2561780000,
North of Sahara (OECD),,1973,5958800000,
North of Sahara (OECD),,1974,7899750000,
North of Sahara (OECD),,1975,12300380000,
North of Sahara (OECD),,1976,11350670000,
North of Sahara (OECD),,1977,12454160000,
North of Sahara (OECD),,1978,10967000000,
North of Sahara (OECD),,1979,6561070000,
North of Sahara (OECD),,1980,7513819600,
North of Sahara (OECD),,1981,7046550000,
North of Sahara (OECD),,1982,7123560000,
North of Sahara (OECD),,1983,5731970000,
North of Sahara (OECD),,1984,6153040000,
North of Sahara (OECD),,1985,7550620000,
North of Sahara (OECD),,1986,5385020000,
North of Sahara (OECD),,1987,5221880000,
North of Sahara (OECD),,1988,4481950000,
North of Sahara (OECD),,1989,4779720000,
North of Sahara (OECD),,1990,13222530000,
North of Sahara (OECD),,1991,12022019000,
North of Sahara (OECD),,1992,8163529700,
North of Sahara (OECD),,1993,5757330000,
North of Sahara (OECD),,1994,5501310000,
North of Sahara (OECD),,1995,3855120100,
North of Sahara (OECD),,1996,4423830000,
North of Sahara (OECD),,1997,4166370000,
North of Sahara (OECD),,1998,4506990000,
North of Sahara (OECD),,1999,3983890000,
North of Sahara (OECD),,2000,3446630000,
North of Sahara (OECD),,2001,3692590000,
North of Sahara (OECD),,2002,3179750000,
North of Sahara (OECD),,2003,2911590100,
North of Sahara (OECD),,2004,3717310000,
North of Sahara (OECD),,2005,3132480000,
North of Sahara (OECD),,2006,3158090000,
North of Sahara (OECD),,2007,3523330000,
North of Sahara (OECD),,2008,4139270100,
North of Sahara (OECD),,2009,2996120000,
North of Sahara (OECD),,2010,2569780000,
North of Sahara (OECD),,2011,3825590000,
North of Sahara (OECD),,2012,4493970400,
North of Sahara (OECD),,2013,8441950000,
North of Sahara (OECD),,2014,6950400000,
North of Sahara (OECD),,2015,5632410000,
North of Sahara (OECD),,2016,6401640000,
North of Sahara (OECD),,2017,4368110000,
North of Sahara (OECD),,2018,4617259500,
North of Sahara (OECD),,2019,4127770000,
North of Sahara (OECD),,2020,5250770000,
North of Sahara (OECD),,2021,10478151000,
North of Sahara (OECD),,2022,9011781000,
Northern America (OECD),,1964,90000,
Northern America (OECD),,1965,440000,
Northern America (OECD),,1966,500000,
Northern America (OECD),,1967,500000,
Northern America (OECD),,1968,350000,
Northern America (OECD),,1969,90000,
Northern America (OECD),,1970,80000,
Northern America (OECD),,1972,60000,
Northern America (OECD),,1974,160000,
Northern America (OECD),,1975,90000,
Northern America (OECD),,1976,150000,
Northern America (OECD),,1977,300000,
Northern America (OECD),,1978,490000,
Northern America (OECD),,1979,400000,
Northern America (OECD),,1980,660000,
Northern America (OECD),,1981,519999.97,
Northern America (OECD),,1982,170000,
Northern America (OECD),,1983,180000,
Northern America (OECD),,1984,210000,
Northern America (OECD),,1985,2940000,
Northern America (OECD),,1986,200000,
Northern America (OECD),,1987,430000,
Northern America (OECD),,1988,70000,
Northern America (OECD),,1989,200000,
Northern America (OECD),,1990,62590000,
Northern America (OECD),,1991,-6980000,
Northern America (OECD),,1992,-6600000,
Northern America (OECD),,1993,-6480000,
Northern America (OECD),,1994,-16150000,
Northern America (OECD),,1995,-2310000,
Northern America (OECD),,1996,-4750000,
Northern Mariana Islands,MNP,1960,38070000,
Northern Mariana Islands,MNP,1961,45280000,
Northern Mariana Islands,MNP,1962,59700000,
Northern Mariana Islands,MNP,1963,125170000,
Northern Mariana Islands,MNP,1964,80340000,
Northern Mariana Islands,MNP,1965,129630010,
Northern Mariana Islands,MNP,1966,125220000,
Northern Mariana Islands,MNP,1967,136100000,
Northern Mariana Islands,MNP,1968,193030000,
Northern Mariana Islands,MNP,1969,283720000,
Northern Mariana Islands,MNP,1970,281730020,
Northern Mariana Islands,MNP,1971,296360000,
Northern Mariana Islands,MNP,1972,305029980,
Northern Mariana Islands,MNP,1973,328700000,
Northern Mariana Islands,MNP,1974,346380000,
Northern Mariana Islands,MNP,1975,342869980,
Northern Mariana Islands,MNP,1976,360080000,
Northern Mariana Islands,MNP,1977,346650000,
Northern Mariana Islands,MNP,1978,356860000,
Northern Mariana Islands,MNP,1979,364390000,
Northern Mariana Islands,MNP,1980,326160000,
Northern Mariana Islands,MNP,1981,370120000,
Northern Mariana Islands,MNP,1982,414580000,
Northern Mariana Islands,MNP,1983,330600000,
Northern Mariana Islands,MNP,1984,440280000,
Northern Mariana Islands,MNP,1985,367680000,
Northern Mariana Islands,MNP,1986,516510000,
Northern Mariana Islands,MNP,1987,400750000,
Northern Mariana Islands,MNP,1988,322309980,
Northern Mariana Islands,MNP,1989,327240000,
Northern Mariana Islands,MNP,1990,116720000,
Northern Mariana Islands,MNP,1991,34210000,
Northern Mariana Islands,MNP,1992,8850000,
Northern Mariana Islands,MNP,1993,158320000,
Northern Mariana Islands,MNP,1994,4370000,
Northern Mariana Islands,MNP,1995,-740000,
Northern Mariana Islands,MNP,1996,-1140000,
Northern Mariana Islands,MNP,1997,960000,
Northern Mariana Islands,MNP,1998,280000,
Northern Mariana Islands,MNP,1999,170000,
Oceania (OECD),,1960,203500000,
Oceania (OECD),,1961,223700000,
Oceania (OECD),,1962,351140000,
Oceania (OECD),,1963,346920000,
Oceania (OECD),,1964,329989980,
Oceania (OECD),,1965,1369540100,
Oceania (OECD),,1966,1333440000,
Oceania (OECD),,1967,1426920100,
Oceania (OECD),,1968,1622540000,
Oceania (OECD),,1969,1747430000,
Oceania (OECD),,1970,1990330000,
Oceania (OECD),,1971,1962060000,
Oceania (OECD),,1972,2372590000,
Oceania (OECD),,1973,2167639800,
Oceania (OECD),,1974,2259760000,
Oceania (OECD),,1975,2452419800,
Oceania (OECD),,1976,2199629800,
Oceania (OECD),,1977,2317820200,
Oceania (OECD),,1978,2468850200,
Oceania (OECD),,1979,2463590100,
Oceania (OECD),,1980,2503129900,
Oceania (OECD),,1981,2407120100,
Oceania (OECD),,1982,2570920000,
Oceania (OECD),,1983,2699949800,
Oceania (OECD),,1984,2586080000,
Oceania (OECD),,1985,2497150000,
Oceania (OECD),,1986,2676729900,
Oceania (OECD),,1987,2776260000,
Oceania (OECD),,1988,2560780000,
Oceania (OECD),,1989,2418179800,
Oceania (OECD),,1990,2100760000,
Oceania (OECD),,1991,2027020000,
Oceania (OECD),,1992,2177150000,
Oceania (OECD),,1993,2390100200,
Oceania (OECD),,1994,2683840000,
Oceania (OECD),,1995,2513520000,
Oceania (OECD),,1996,2402470000,
Oceania (OECD),,1997,2229010000,
Oceania (OECD),,1998,2501160000,
Oceania (OECD),,1999,2151480000,
Oceania (OECD),,2000,1381210000,
Oceania (OECD),,2001,1428640000,
Oceania (OECD),,2002,1267620000,
Oceania (OECD),,2003,1322590000,
Oceania (OECD),,2004,1334620000,
Oceania (OECD),,2005,1507150100,
Oceania (OECD),,2006,1569680000,
Oceania (OECD),,2007,1528760000,
Oceania (OECD),,2008,1727540100,
Oceania (OECD),,2009,1783100000,
Oceania (OECD),,2010,1853420000,
Oceania (OECD),,2011,2017540100,
Oceania (OECD),,2012,2022680000,
Oceania (OECD),,2013,2063959900,
Oceania (OECD),,2014,1842140000,
Oceania (OECD),,2015,2155690000,
Oceania (OECD),,2016,1856020000,
Oceania (OECD),,2017,2125980000,
Oceania (OECD),,2018,2447260000,
Oceania (OECD),,2019,2402090000,
Oceania (OECD),,2020,3249540000,
Oceania (OECD),,2021,3492270000,
Oceania (OECD),,2022,2928490000,
Oman,OMN,1960,2650000,
Oman,OMN,1961,3370000,
Oman,OMN,1962,4330000,
Oman,OMN,1963,3500000,
Oman,OMN,1964,38230000,
Oman,OMN,1965,15980000,
Oman,OMN,1966,5230000,
Oman,OMN,1967,7850000,
Oman,OMN,1968,460000,
Oman,OMN,1969,340000,
Oman,OMN,1970,550000,
Oman,OMN,1971,12490000,
Oman,OMN,1972,54870000,
Oman,OMN,1973,108650000,
Oman,OMN,1974,741890000,
Oman,OMN,1975,541140030,
Oman,OMN,1976,636260030,
Oman,OMN,1977,1250190000,
Oman,OMN,1978,182480000,
Oman,OMN,1979,640740000,
Oman,OMN,1980,531270000,
Oman,OMN,1981,623330050,
Oman,OMN,1982,345840000,
Oman,OMN,1983,179500000,
Oman,OMN,1984,273620000,
Oman,OMN,1985,196060000,
Oman,OMN,1986,223120000,
Oman,OMN,1987,86840000,
Oman,OMN,1988,11140000,
Oman,OMN,1989,40590000,
Oman,OMN,1990,104720000,
Oman,OMN,1991,19150000,
Oman,OMN,1992,58890000,
Oman,OMN,1993,190780000,
Oman,OMN,1994,237460000,
Oman,OMN,1995,86580000,
Oman,OMN,1996,103920000,
Oman,OMN,1997,138680000,
Oman,OMN,1998,782870000,
Oman,OMN,1999,68050000,
Oman,OMN,2000,106610000,
Oman,OMN,2001,4750000,
Oman,OMN,2002,111160000,
Oman,OMN,2003,82440000,
Oman,OMN,2004,118340000,
Oman,OMN,2005,20690000,
Oman,OMN,2006,56760000,
Oman,OMN,2007,229350000,
Oman,OMN,2008,75930000,
Oman,OMN,2009,23900000,
Oman,OMN,2010,-22420000,
Other EU institutions (OECD),,2008,5710000,
Other EU institutions (OECD),,2009,45520000,
Other EU institutions (OECD),,2010,33580000,
Other EU institutions (OECD),,2011,66280000,
Other EU institutions (OECD),,2012,115150000,
Other EU institutions (OECD),,2013,84310000,
Other EU institutions (OECD),,2014,35640000,
Other EU institutions (OECD),,2015,47570000,
Other EU institutions (OECD),,2016,127590000,
Other EU institutions (OECD),,2017,4300000,
Other EU institutions (OECD),,2018,88430000,
Other EU institutions (OECD),,2019,37550000,
Other EU institutions (OECD),,2020,-14670000,
Other EU institutions (OECD),,2022,3290000,
Other United Nations organizations (OECD),,1968,1233390000,
Other United Nations organizations (OECD),,1969,71980000,
Other United Nations organizations (OECD),,1970,120760000,
Other United Nations organizations (OECD),,1971,256329980,
Other United Nations organizations (OECD),,1972,1016700000,
Other United Nations organizations (OECD),,1973,763580000,
Other United Nations organizations (OECD),,1974,863360000,
Other United Nations organizations (OECD),,1975,1433120000,
Other United Nations organizations (OECD),,1976,893300000,
Other United Nations organizations (OECD),,1977,903020000,
Other United Nations organizations (OECD),,1978,1031150000,
Other United Nations organizations (OECD),,1979,783460030,
Other United Nations organizations (OECD),,1980,843210050,
Other United Nations organizations (OECD),,1981,972360000,
Other United Nations organizations (OECD),,1982,1357700000,
Other United Nations organizations (OECD),,1983,1289400000,
Other United Nations organizations (OECD),,1984,1329470000,
Other United Nations organizations (OECD),,1985,1396290000,
Other United Nations organizations (OECD),,1986,1413030000,
Other United Nations organizations (OECD),,1987,1472300000,
Other United Nations organizations (OECD),,1988,1478320000,
Other United Nations organizations (OECD),,1989,1337880000,
Other United Nations organizations (OECD),,1990,1660110000,
Other United Nations organizations (OECD),,1991,1905630000,
Other United Nations organizations (OECD),,1992,1966320000,
Other United Nations organizations (OECD),,1993,1749160100,
Other United Nations organizations (OECD),,1994,1675130000,
Other United Nations organizations (OECD),,1995,1562180100,
Other United Nations organizations (OECD),,1996,1880860000,
Other United Nations organizations (OECD),,1997,1784900000,
Other United Nations organizations (OECD),,1998,2171970000,
Other United Nations organizations (OECD),,1999,2242679800,
Other United Nations organizations (OECD),,2000,2925080000,
Other United Nations organizations (OECD),,2001,3027870200,
Other United Nations organizations (OECD),,2002,2698470000,
Other United Nations organizations (OECD),,2003,2389240000,
Other United Nations organizations (OECD),,2004,2313689900,
Other United Nations organizations (OECD),,2005,2876760000,
Other United Nations organizations (OECD),,2006,2714990000,
Other United Nations organizations (OECD),,2007,2725510000,
Other United Nations organizations (OECD),,2008,2731210000,
Other United Nations organizations (OECD),,2009,3101050000,
Other United Nations organizations (OECD),,2010,3243480000,
Other United Nations organizations (OECD),,2011,2984020000,
Other United Nations organizations (OECD),,2012,3341780000,
Other United Nations organizations (OECD),,2013,3509230000,
Other United Nations organizations (OECD),,2014,3445710000,
Other United Nations organizations (OECD),,2015,3617450000,
Other United Nations organizations (OECD),,2016,3611410000,
Other United Nations organizations (OECD),,2017,3814420000,
Other United Nations organizations (OECD),,2018,3734340000,
Other United Nations organizations (OECD),,2019,4857130000,
Other United Nations organizations (OECD),,2020,5307730000,
Other United Nations organizations (OECD),,2021,5319190000,
Other United Nations organizations (OECD),,2022,5486540300,
Other World Bank (AMCs),,2008,63240000,
Other World Bank (AMCs),,2009,7770000,
Other World Bank (AMCs),,2010,83600000,
Other World Bank (AMCs),,2011,220840000,
Other World Bank (AMCs),,2012,185170000,
Other World Bank (AMCs),,2013,142340000,
Other World Bank (AMCs),,2014,57600000,
Other World Bank (AMCs),,2015,106930000,
Other World Bank (AMCs),,2016,115710000,
Other World Bank (AMCs),,2017,107680000,
Other World Bank (AMCs),,2018,43940000,
Other World Bank (AMCs),,2019,102370000,
Other World Bank (AMCs),,2020,29290000,
Other World Bank (AMCs),,2021,-72620000,
Other World Bank (AMCs),,2022,490000,
Other low-income countries (OECD),,1960,143400000,
Other low-income countries (OECD),,1961,125540000,
Other low-income countries (OECD),,1962,186000000,
Other low-income countries (OECD),,1963,22280000,
Other low-income countries (OECD),,1964,36590000,
Other low-income countries (OECD),,1965,30280000,
Other low-income countries (OECD),,1966,147590000,
Other low-income countries (OECD),,1967,41310000,
Other low-income countries (OECD),,1968,35900000,
Other low-income countries (OECD),,1969,73210000,
Other low-income countries (OECD),,1970,147040000,
Other low-income countries (OECD),,1971,134300000,
Other low-income countries (OECD),,1972,306480000,
Other low-income countries (OECD),,1973,2046900000,
Other low-income countries (OECD),,1974,3372080000,
Other low-income countries (OECD),,1975,3200120000,
Other low-income countries (OECD),,1976,2966420000,
Other low-income countries (OECD),,1977,3571760000,
Other low-income countries (OECD),,1978,2923250000,
Other low-income countries (OECD),,1979,5446310000,
Other low-income countries (OECD),,1980,4638020000,
Other low-income countries (OECD),,1981,4495640000,
Other low-income countries (OECD),,1982,2946379800,
Other low-income countries (OECD),,1983,2258050000,
Other low-income countries (OECD),,1984,1668250000,
Other low-income countries (OECD),,1985,1593840000,
Other low-income countries (OECD),,1986,1547540100,
Other low-income countries (OECD),,1987,1440890000,
Other low-income countries (OECD),,1988,259019980,
Other low-income countries (OECD),,1989,201190000,
Other low-income countries (OECD),,1990,1363000000,
Other low-income countries (OECD),,1991,737909950,
Other low-income countries (OECD),,1992,281210000,
Other low-income countries (OECD),,1993,336600000,
Other low-income countries (OECD),,1994,802100000,
Other low-income countries (OECD),,1995,377660000,
Other low-income countries (OECD),,1996,292420000,
Other low-income countries (OECD),,1997,374880000,
Other low-income countries (OECD),,1998,352950000,
Other low-income countries (OECD),,1999,566940000,
Other low-income countries (OECD),,2000,318570020,
Other low-income countries (OECD),,2001,464770000,
Other low-income countries (OECD),,2002,499920000,
Other low-income countries (OECD),,2003,340570020,
Other low-income countries (OECD),,2004,342640000,
Other low-income countries (OECD),,2005,200790000,
Other low-income countries (OECD),,2006,91840000,
Other low-income countries (OECD),,2007,202740000,
Other low-income countries (OECD),,2008,414350000,
Other low-income countries (OECD),,2009,204380000,
Other low-income countries (OECD),,2010,226360000,
Other low-income countries (OECD),,2011,369660000,
Other low-income countries (OECD),,2012,1377850000,
Other low-income countries (OECD),,2013,3201950000,
Other low-income countries (OECD),,2014,3542450000,
Other low-income countries (OECD),,2015,4601250000,
Other low-income countries (OECD),,2016,8069480000,
Other low-income countries (OECD),,2017,9712440000,
Other low-income countries (OECD),,2018,9992821000,
Other low-income countries (OECD),,2019,10335290000,
Other low-income countries (OECD),,2020,10700000000,
Other low-income countries (OECD),,2021,9975480000,
Other low-income countries (OECD),,2022,7193880000,
Other multilateral organizations not specified,,1968,280650000,
Other multilateral organizations not specified,,1969,269520000,
Other multilateral organizations not specified,,1970,196260000,
Other multilateral organizations not specified,,1971,258950020,
Other multilateral organizations not specified,,1972,957320000,
Other multilateral organizations not specified,,1973,1096960000,
Other multilateral organizations not specified,,1974,579099970,
Other multilateral organizations not specified,,1975,613930000,
Other multilateral organizations not specified,,1976,707140030,
Other multilateral organizations not specified,,1977,774430000,
Other multilateral organizations not specified,,1978,1032510000,
Other multilateral organizations not specified,,1979,1441800100,
Other multilateral organizations not specified,,1980,1149260000,
Other multilateral organizations not specified,,1981,670190000,
Other multilateral organizations not specified,,1982,746990000,
Other multilateral organizations not specified,,1983,811140030,
Other multilateral organizations not specified,,1984,850180000,
Other multilateral organizations not specified,,1985,951140030,
Other multilateral organizations not specified,,1986,990859970,
Other multilateral organizations not specified,,1987,941500000,
Other multilateral organizations not specified,,1988,1157430000,
Other multilateral organizations not specified,,1989,972610000,
Other multilateral organizations not specified,,1990,974800000,
Other multilateral organizations not specified,,1991,1457290000,
Other multilateral organizations not specified,,1992,1284110000,
Other multilateral organizations not specified,,1993,1694240000,
Other multilateral organizations not specified,,1994,1998760100,
Other multilateral organizations not specified,,1995,1622300000,
Other multilateral organizations not specified,,1996,1600780000,
Other multilateral organizations not specified,,1997,1444410000,
Other multilateral organizations not specified,,1998,1370330000,
Other multilateral organizations not specified,,1999,2231880000,
Other multilateral organizations not specified,,2000,2254280000,
Other multilateral organizations not specified,,2001,2233160000,
Other multilateral organizations not specified,,2002,2167180000,
Other multilateral organizations not specified,,2003,3476080000,
Other multilateral organizations not specified,,2004,3181950000,
Other multilateral organizations not specified,,2005,3278460000,
Other multilateral organizations not specified,,2006,3787149800,
Other multilateral organizations not specified,,2007,5004920000,
Other multilateral organizations not specified,,2008,4796010000,
Other multilateral organizations not specified,,2009,5454780000,
Other multilateral organizations not specified,,2010,6357640000,
Other multilateral organizations not specified,,2011,6077290000,
Other multilateral organizations not specified,,2012,7770370000,
Other multilateral organizations not specified,,2013,8382790000,
Other multilateral organizations not specified,,2014,9244970000,
Other multilateral organizations not specified,,2015,8504630000,
Other multilateral organizations not specified,,2016,9967770000,
Other multilateral organizations not specified,,2017,9534559000,
Other multilateral organizations not specified,,2018,8320849400,
Other multilateral organizations not specified,,2019,8026220000,
Other multilateral organizations not specified,,2020,10834010000,
Other multilateral organizations not specified,,2021,16069809000,
Other multilateral organizations not specified,,2022,11362190000,
Other regional banks (OECD),,1971,5840000,
Other regional banks (OECD),,1974,21400000,
Other regional banks (OECD),,1984,-129999.99,
Other regional banks (OECD),,1993,42170000,
Other regional banks (OECD),,1994,35730000,
Other regional banks (OECD),,1995,143130000,
Other regional banks (OECD),,1996,431500000,
Other regional banks (OECD),,1997,226970000,
Other regional banks (OECD),,1998,304300000,
Other regional banks (OECD),,1999,285600000,
Other regional banks (OECD),,2000,159030000,
Other regional banks (OECD),,2001,126740000,
Other regional banks (OECD),,2002,291989980,
Other regional banks (OECD),,2003,221000000,
Other regional banks (OECD),,2004,179970000,
Other regional banks (OECD),,2005,141120000,
Other regional banks (OECD),,2006,96610000,
Other regional banks (OECD),,2007,72920000,
Other regional banks (OECD),,2008,130550000,
Other regional banks (OECD),,2009,138830000,
Other regional banks (OECD),,2010,271800000,
Other regional banks (OECD),,2011,216070000,
Other regional banks (OECD),,2012,233330000,
Other regional banks (OECD),,2013,164510000,
Other regional banks (OECD),,2014,133970000,
Other regional banks (OECD),,2015,56560000,
Other regional banks (OECD),,2016,2343929900,
Other regional banks (OECD),,2017,1567380000,
Other regional banks (OECD),,2018,1447050100,
Other regional banks (OECD),,2019,1296010000,
Other regional banks (OECD),,2020,296650000,
Other regional banks (OECD),,2021,422820000,
Other regional banks (OECD),,2022,637330050,
Pakistan,PAK,1960,1945950000,
Pakistan,PAK,1961,1945860000,
Pakistan,PAK,1962,2878060000,
Pakistan,PAK,1963,3662370000,
Pakistan,PAK,1964,3788360200,
Pakistan,PAK,1965,3646710000,
Pakistan,PAK,1966,2699400000,
Pakistan,PAK,1967,3378460000,
Pakistan,PAK,1968,2606450000,
Pakistan,PAK,1969,2130440000,
Pakistan,PAK,1970,2670000000,
Pakistan,PAK,1971,2551910000,
Pakistan,PAK,1972,1717000000,
Pakistan,PAK,1973,1413120000,
Pakistan,PAK,1974,2035270000,
Pakistan,PAK,1975,2896320000,
Pakistan,PAK,1976,3842310100,
Pakistan,PAK,1977,2071040000,
Pakistan,PAK,1978,1925170000,
Pakistan,PAK,1979,1787520000,
Pakistan,PAK,1980,2770750000,
Pakistan,PAK,1981,1958050000,
Pakistan,PAK,1982,2177870000,
Pakistan,PAK,1983,1653940000,
Pakistan,PAK,1984,1601610000,
Pakistan,PAK,1985,1682470000,
Pakistan,PAK,1986,1673430000,
Pakistan,PAK,1987,1192720000,
Pakistan,PAK,1988,1940900000,
Pakistan,PAK,1989,2021030000,
Pakistan,PAK,1990,1388320000,
Pakistan,PAK,1991,1697030000,
Pakistan,PAK,1992,1139640000,
Pakistan,PAK,1993,1100290000,
Pakistan,PAK,1994,1434240000,
Pakistan,PAK,1995,452320000,
Pakistan,PAK,1996,708730000,
Pakistan,PAK,1997,887590000,
Pakistan,PAK,1998,914229950,
Pakistan,PAK,1999,790340030,
Pakistan,PAK,2000,650430000,
Pakistan,PAK,2001,2658900000,
Pakistan,PAK,2002,2740190000,
Pakistan,PAK,2003,1261790100,
Pakistan,PAK,2004,1565710000,
Pakistan,PAK,2005,1774750000,
Pakistan,PAK,2006,2368440000,
Pakistan,PAK,2007,1238100000,
Pakistan,PAK,2008,1120320000,
Pakistan,PAK,2009,1560780000,
Pakistan,PAK,2010,3220190000,
Pakistan,PAK,2011,3729960000,
Pakistan,PAK,2012,2054500000,
Pakistan,PAK,2013,2233370000,
Pakistan,PAK,2014,3642379800,
Pakistan,PAK,2015,4138780000,
Pakistan,PAK,2016,3263770000,
Pakistan,PAK,2017,2624480000,
Pakistan,PAK,2018,1512480000,
Pakistan,PAK,2019,2169320200,
Pakistan,PAK,2020,2677110000,
Pakistan,PAK,2021,2833590000,
Pakistan,PAK,2022,1732370000,
Palau,PLW,1992,10000,
Palau,PLW,1993,10000,
Palau,PLW,1994,355029980,
Palau,PLW,1995,239860000,
Palau,PLW,1996,104820000,
Palau,PLW,1997,53180000,
Palau,PLW,1998,141770000,
Palau,PLW,1999,37370000,
Palau,PLW,2000,42720000,
Palau,PLW,2001,44540000,
Palau,PLW,2002,38400000,
Palau,PLW,2003,32300000,
Palau,PLW,2004,26410000,
Palau,PLW,2005,28340000,
Palau,PLW,2006,47370000,
Palau,PLW,2007,26990000,
Palau,PLW,2008,48720000,
Palau,PLW,2009,42340000,
Palau,PLW,2010,31200000,
Palau,PLW,2011,28200000,
Palau,PLW,2012,11930000,
Palau,PLW,2013,34900000,
Palau,PLW,2014,25010000,
Palau,PLW,2015,15180000,
Palau,PLW,2016,17040000,
Palau,PLW,2017,21470000,
Palau,PLW,2018,92660000,
Palau,PLW,2019,22570000,
Palau,PLW,2020,61670000,
Palau,PLW,2021,46630000,
Palau,PLW,2022,55670000,
Palestine,PSE,1993,269320000,
Palestine,PSE,1994,701909950,
Palestine,PSE,1995,680400000,
Palestine,PSE,1996,767220000,
Palestine,PSE,1997,895850000,
Palestine,PSE,1998,911530050,
Palestine,PSE,1999,838270000,
Palestine,PSE,2000,1025360000,
Palestine,PSE,2001,1579870000,
Palestine,PSE,2002,1506560000,
Palestine,PSE,2003,1422710000,
Palestine,PSE,2004,1477210000,
Palestine,PSE,2005,1236270100,
Palestine,PSE,2006,1563700000,
Palestine,PSE,2007,1805030000,
Palestine,PSE,2008,2516640000,
Palestine,PSE,2009,2822450000,
Palestine,PSE,2010,2707090200,
Palestine,PSE,2011,2480990000,
Palestine,PSE,2012,2013950000,
Palestine,PSE,2013,2737240000,
Palestine,PSE,2014,2497710000,
Palestine,PSE,2015,2070870100,
Palestine,PSE,2016,2694040000,
Palestine,PSE,2017,2338590200,
Palestine,PSE,2018,2392239900,
Palestine,PSE,2019,2426590200,
Palestine,PSE,2020,2086399900,
Palestine,PSE,2021,2074350100,
Palestine,PSE,2022,2236300000,
Panama,PAN,1960,101440000,
Panama,PAN,1961,76430000,
Panama,PAN,1962,86610000,
Panama,PAN,1963,137430000,
Panama,PAN,1964,79730000,
Panama,PAN,1965,257160000,
Panama,PAN,1966,137600000,
Panama,PAN,1967,114240000,
Panama,PAN,1968,83760000,
Panama,PAN,1969,102450000,
Panama,PAN,1970,93720000,
Panama,PAN,1971,110180000,
Panama,PAN,1972,69010000,
Panama,PAN,1973,112150000,
Panama,PAN,1974,73050000,
Panama,PAN,1975,92880000,
Panama,PAN,1976,117410000,
Panama,PAN,1977,90490000,
Panama,PAN,1978,71010000,
Panama,PAN,1979,60570000,
Panama,PAN,1980,66190004,
Panama,PAN,1981,60310000,
Panama,PAN,1982,70570000,
Panama,PAN,1983,77660000,
Panama,PAN,1984,150730000,
Panama,PAN,1985,114540000,
Panama,PAN,1986,73590000,
Panama,PAN,1987,70610000,
Panama,PAN,1988,40310000,
Panama,PAN,1989,34990000,
Panama,PAN,1990,193760000,
Panama,PAN,1991,204650000,
Panama,PAN,1992,302120000,
Panama,PAN,1993,124020000,
Panama,PAN,1994,43080000,
Panama,PAN,1995,52610000,
Panama,PAN,1996,52500000,
Panama,PAN,1997,49700000,
Panama,PAN,1998,39530000,
Panama,PAN,1999,31990000,
Panama,PAN,2000,39990000,
Panama,PAN,2001,53330000,
Panama,PAN,2002,43070000,
Panama,PAN,2003,46180000,
Panama,PAN,2004,36800000,
Panama,PAN,2005,33920000,
Panama,PAN,2006,49200000,
Panama,PAN,2007,-101520000,
Panama,PAN,2008,37770000,
Panama,PAN,2009,61980000,
Panama,PAN,2010,100640000,
Panama,PAN,2011,89790000,
Panama,PAN,2012,50640000,
Panama,PAN,2013,12560000,
Panama,PAN,2014,-175440000,
Panama,PAN,2015,13650000,
Panama,PAN,2016,28270000,
Panama,PAN,2017,48630000,
Panama,PAN,2018,41590000,
Panama,PAN,2019,74640000,
Panama,PAN,2020,148930000,
Panama,PAN,2021,83580000,
Panama,PAN,2022,130170000,
Papua New Guinea,PNG,1960,80000,
Papua New Guinea,PNG,1961,80000,
Papua New Guinea,PNG,1963,80000,
Papua New Guinea,PNG,1965,848340030,
Papua New Guinea,PNG,1966,851050000,
Papua New Guinea,PNG,1967,946530050,
Papua New Guinea,PNG,1968,1025250000,
Papua New Guinea,PNG,1969,1045339970,
Papua New Guinea,PNG,1970,1245040000,
Papua New Guinea,PNG,1971,1117760000,
Papua New Guinea,PNG,1972,1335819900,
Papua New Guinea,PNG,1973,997240000,
Papua New Guinea,PNG,1974,1128520100,
Papua New Guinea,PNG,1975,1259189900,
Papua New Guinea,PNG,1976,923640000,
Papua New Guinea,PNG,1977,993720000,
Papua New Guinea,PNG,1978,1023610000,
Papua New Guinea,PNG,1979,917090050,
Papua New Guinea,PNG,1980,919570000,
Papua New Guinea,PNG,1981,852020030,
Papua New Guinea,PNG,1982,828190000,
Papua New Guinea,PNG,1983,906030000,
Papua New Guinea,PNG,1984,856360000,
Papua New Guinea,PNG,1985,802780000,
Papua New Guinea,PNG,1986,768270000,
Papua New Guinea,PNG,1987,780909950,
Papua New Guinea,PNG,1988,748780000,
Papua New Guinea,PNG,1989,640560000,
Papua New Guinea,PNG,1990,689430000,
Papua New Guinea,PNG,1991,632130000,
Papua New Guinea,PNG,1992,739380030,
Papua New Guinea,PNG,1993,577290000,
Papua New Guinea,PNG,1994,568229950,
Papua New Guinea,PNG,1995,603280000,
Papua New Guinea,PNG,1996,577669950,
Papua New Guinea,PNG,1997,571080000,
Papua New Guinea,PNG,1998,703860000,
Papua New Guinea,PNG,1999,405130020,
Papua New Guinea,PNG,2000,544000000,
Papua New Guinea,PNG,2001,464330000,
Papua New Guinea,PNG,2002,459490000,
Papua New Guinea,PNG,2003,421170020,
Papua New Guinea,PNG,2004,421090000,
Papua New Guinea,PNG,2005,393380000,
Papua New Guinea,PNG,2006,390910000,
Papua New Guinea,PNG,2007,405170020,
Papua New Guinea,PNG,2008,386780000,
Papua New Guinea,PNG,2009,476580000,
Papua New Guinea,PNG,2010,513740000,
Papua New Guinea,PNG,2011,536780030,
Papua New Guinea,PNG,2012,601070000,
Papua New Guinea,PNG,2013,614970000,
Papua New Guinea,PNG,2014,565099970,
Papua New Guinea,PNG,2015,679940030,
Papua New Guinea,PNG,2016,598619970,
Papua New Guinea,PNG,2017,577210050,
Papua New Guinea,PNG,2018,838460000,
Papua New Guinea,PNG,2019,710950000,
Papua New Guinea,PNG,2020,1104550000,
Papua New Guinea,PNG,2021,1117910000,
Papua New Guinea,PNG,2022,666120000,
Paraguay,PRY,1960,86750000,
Paraguay,PRY,1961,78380000,
Paraguay,PRY,1962,23010000,
Paraguay,PRY,1963,63140000,
Paraguay,PRY,1964,62620000,
Paraguay,PRY,1965,65620004,
Paraguay,PRY,1966,64339996,
Paraguay,PRY,1967,83310000,
Paraguay,PRY,1968,68060000,
Paraguay,PRY,1969,87180000,
Paraguay,PRY,1970,88030000,
Paraguay,PRY,1971,94630000,
Paraguay,PRY,1972,84400000,
Paraguay,PRY,1973,71190000,
Paraguay,PRY,1974,98860000,
Paraguay,PRY,1975,66110000,
Paraguay,PRY,1976,79510000,
Paraguay,PRY,1977,97700000,
Paraguay,PRY,1978,76590000,
Paraguay,PRY,1979,59900000,
Paraguay,PRY,1980,64160004,
Paraguay,PRY,1981,94620000,
Paraguay,PRY,1982,165220000,
Paraguay,PRY,1983,99860000,
Paraguay,PRY,1984,92920000,
Paraguay,PRY,1985,75930000,
Paraguay,PRY,1986,84270000,
Paraguay,PRY,1987,79300000,
Paraguay,PRY,1988,77440000,
Paraguay,PRY,1989,109580000,
Paraguay,PRY,1990,75390000,
Paraguay,PRY,1991,162440000,
Paraguay,PRY,1992,72830000,
Paraguay,PRY,1993,99660000,
Paraguay,PRY,1994,78190000,
Paraguay,PRY,1995,105090000,
Paraguay,PRY,1996,71240000,
Paraguay,PRY,1997,98090000,
Paraguay,PRY,1998,77870000,
Paraguay,PRY,1999,89100000,
Paraguay,PRY,2000,88120000,
Paraguay,PRY,2001,87080000,
Paraguay,PRY,2002,85860000,
Paraguay,PRY,2003,79220000,
Paraguay,PRY,2004,47150000,
Paraguay,PRY,2005,66930000,
Paraguay,PRY,2006,75010000,
Paraguay,PRY,2007,127030000,
Paraguay,PRY,2008,138220000,
Paraguay,PRY,2009,155560000,
Paraguay,PRY,2010,120560000,
Paraguay,PRY,2011,92130000,
Paraguay,PRY,2012,117740000,
Paraguay,PRY,2013,132940000,
Paraguay,PRY,2014,66800004,
Paraguay,PRY,2015,67420000,
Paraguay,PRY,2016,98020000,
Paraguay,PRY,2017,155110000,
Paraguay,PRY,2018,166140000,
Paraguay,PRY,2019,127510000,
Paraguay,PRY,2020,302630000,
Paraguay,PRY,2021,164380000,
Paraguay,PRY,2022,96720000,
Peru,PER,1960,-75900000,
Peru,PER,1961,-126680000,
Peru,PER,1962,53780000,
Peru,PER,1963,69710000,
Peru,PER,1964,151230000,
Peru,PER,1965,390450020,
Peru,PER,1966,304180000,
Peru,PER,1967,298840000,
Peru,PER,1968,222850000,
Peru,PER,1969,211010000,
Peru,PER,1970,287170020,
Peru,PER,1971,232950000,
Peru,PER,1972,207380000,
Peru,PER,1973,361460000,
Peru,PER,1974,276160000,
Peru,PER,1975,250850000,
Peru,PER,1976,275920000,
Peru,PER,1977,314920000,
Peru,PER,1978,393360000,
Peru,PER,1979,486490000,
Peru,PER,1980,453970020,
Peru,PER,1981,521549980,
Peru,PER,1982,411930000,
Peru,PER,1983,622580030,
Peru,PER,1984,692460000,
Peru,PER,1985,770150000,
Peru,PER,1986,582000000,
Peru,PER,1987,552850000,
Peru,PER,1988,500070000,
Peru,PER,1989,541930000,
Peru,PER,1990,622100000,
Peru,PER,1991,832720000,
Peru,PER,1992,554299970,
Peru,PER,1993,789050000,
Peru,PER,1994,494520000,
Peru,PER,1995,502570020,
Peru,PER,1996,432100000,
Peru,PER,1997,591620000,
Peru,PER,1998,704669950,
Peru,PER,1999,578080000,
Peru,PER,2000,507040000,
Peru,PER,2001,635260000,
Peru,PER,2002,681120000,
Peru,PER,2003,671990000,
Peru,PER,2004,589360000,
Peru,PER,2005,569060000,
Peru,PER,2006,561210050,
Peru,PER,2007,411490000,
Peru,PER,2008,481989980,
Peru,PER,2009,472810000,
Peru,PER,2010,-55590000,
Peru,PER,2011,564810000,
Peru,PER,2012,412290020,
Peru,PER,2013,384570020,
Peru,PER,2014,350080000,
Peru,PER,2015,388330000,
Peru,PER,2016,381890020,
Peru,PER,2017,104820000,
Peru,PER,2018,467970020,
Peru,PER,2019,495210000,
Peru,PER,2020,517590000,
Peru,PER,2021,315780000,
Peru,PER,2022,829360000,
Philippines,PHL,1960,488160000,
Philippines,PHL,1961,167580000,
Philippines,PHL,1962,243270000,
Philippines,PHL,1963,184360000,
Philippines,PHL,1964,562680000,
Philippines,PHL,1965,710940000,
Philippines,PHL,1966,349120000,
Philippines,PHL,1967,629540000,
Philippines,PHL,1968,439680000,
Philippines,PHL,1969,528099970,
Philippines,PHL,1970,285230000,
Philippines,PHL,1971,412820000,
Philippines,PHL,1972,826080000,
Philippines,PHL,1973,937390000,
Philippines,PHL,1974,611190000,
Philippines,PHL,1975,667739970,
Philippines,PHL,1976,648440000,
Philippines,PHL,1977,624560000,
Philippines,PHL,1978,709310000,
Philippines,PHL,1979,676150000,
Philippines,PHL,1980,678539970,
Philippines,PHL,1981,799640000,
Philippines,PHL,1982,774450000,
Philippines,PHL,1983,970600000,
Philippines,PHL,1984,854619970,
Philippines,PHL,1985,993380030,
Philippines,PHL,1986,1589360000,
Philippines,PHL,1987,1107940000,
Philippines,PHL,1988,1015430000,
Philippines,PHL,1989,1133650000,
Philippines,PHL,1990,1561440000,
Philippines,PHL,1991,1284260000,
Philippines,PHL,1992,1874949900,
Philippines,PHL,1993,1632180100,
Philippines,PHL,1994,1082849900,
Philippines,PHL,1995,928280000,
Philippines,PHL,1996,932010000,
Philippines,PHL,1997,736539970,
Philippines,PHL,1998,740990000,
Philippines,PHL,1999,734570000,
Philippines,PHL,2000,665810000,
Philippines,PHL,2001,708140000,
Philippines,PHL,2002,684480000,
Philippines,PHL,2003,745430000,
Philippines,PHL,2004,516400030,
Philippines,PHL,2005,633419970,
Philippines,PHL,2006,651099970,
Philippines,PHL,2007,678750000,
Philippines,PHL,2008,180160000,
Philippines,PHL,2009,414589980,
Philippines,PHL,2010,636380000,
Philippines,PHL,2011,75750000,
Philippines,PHL,2012,151830000,
Philippines,PHL,2013,282709980,
Philippines,PHL,2014,712340030,
Philippines,PHL,2015,584380000,
Philippines,PHL,2016,384460000,
Philippines,PHL,2017,212280000,
Philippines,PHL,2018,553360000,
Philippines,PHL,2019,834430000,
Philippines,PHL,2020,1345560000,
Philippines,PHL,2021,1471930100,
Philippines,PHL,2022,1612770000,
Polynesia (OECD),,1960,80000,
Polynesia (OECD),,1961,410000,
Polynesia (OECD),,1962,1280000,
Polynesia (OECD),,1963,1710000,
Polynesia (OECD),,1964,2060000,
Polynesia (OECD),,1965,5790000,
Polynesia (OECD),,1966,101640000,
Polynesia (OECD),,1967,118120000,
Polynesia (OECD),,1968,143760000,
Polynesia (OECD),,1969,127180000,
Polynesia (OECD),,1970,146030000,
Polynesia (OECD),,1971,132280000,
Polynesia (OECD),,1972,207770000,
Polynesia (OECD),,1973,278829980,
Polynesia (OECD),,1974,270429980,
Polynesia (OECD),,1975,355080000,
Polynesia (OECD),,1976,405760000,
Polynesia (OECD),,1977,432510000,
Polynesia (OECD),,1978,381989980,
Polynesia (OECD),,1979,535989980,
Polynesia (OECD),,1980,490429980,
Polynesia (OECD),,1981,512130020,
Polynesia (OECD),,1982,612870000,
Polynesia (OECD),,1983,640110000,
Polynesia (OECD),,1984,631250000,
Polynesia (OECD),,1985,619690000,
Polynesia (OECD),,1986,670460000,
Polynesia (OECD),,1987,702480000,
Polynesia (OECD),,1988,680340030,
Polynesia (OECD),,1989,624500000,
Polynesia (OECD),,1990,515930000,
Polynesia (OECD),,1991,591890000,
Polynesia (OECD),,1992,589170000,
Polynesia (OECD),,1993,607160000,
Polynesia (OECD),,1994,632850000,
Polynesia (OECD),,1995,668140000,
Polynesia (OECD),,1996,601990000,
Polynesia (OECD),,1997,609290000,
Polynesia (OECD),,1998,679280000,
Polynesia (OECD),,1999,663860000,
Polynesia (OECD),,2000,190830000,
Polynesia (OECD),,2001,220030000,
Polynesia (OECD),,2002,214320000,
Polynesia (OECD),,2003,191530000,
Polynesia (OECD),,2004,204820000,
Polynesia (OECD),,2005,238610000,
Polynesia (OECD),,2006,272160000,
Polynesia (OECD),,2007,235330000,
Polynesia (OECD),,2008,251720000,
Polynesia (OECD),,2009,259100000,
Polynesia (OECD),,2010,361320000,
Polynesia (OECD),,2011,359530000,
Polynesia (OECD),,2012,366210000,
Polynesia (OECD),,2013,358580000,
Polynesia (OECD),,2014,341220000,
Polynesia (OECD),,2015,402650000,
Polynesia (OECD),,2016,349440000,
Polynesia (OECD),,2017,395040000,
Polynesia (OECD),,2018,387360000,
Polynesia (OECD),,2019,462000000,
Polynesia (OECD),,2020,538920000,
Polynesia (OECD),,2021,367029980,
Polynesia (OECD),,2022,622600000,
Qatar,QAT,1963,-160000,
Qatar,QAT,1966,70000,
Qatar,QAT,1967,70000,
Qatar,QAT,1969,270000,
Qatar,QAT,1970,390000,
Qatar,QAT,1971,610000,
Qatar,QAT,1972,1110000,
Qatar,QAT,1973,1440000,
Qatar,QAT,1974,2230000,
Qatar,QAT,1975,2950000,
Qatar,QAT,1976,4500000,
Qatar,QAT,1977,2770000,
Qatar,QAT,1978,340000,
Qatar,QAT,1979,390000,
Qatar,QAT,1980,1140000,
Qatar,QAT,1981,1920000,
Qatar,QAT,1982,2040000,
Qatar,QAT,1983,2630000,
Qatar,QAT,1984,3500000,
Qatar,QAT,1985,4700000,
Qatar,QAT,1986,4200000,
Qatar,QAT,1987,4320000,
Qatar,QAT,1988,2710000,
Qatar,QAT,1989,6720000,
Qatar,QAT,1990,4110000.2,
Qatar,QAT,1991,3890000,
Qatar,QAT,1992,3680000,
Qatar,QAT,1993,5100000,
Qatar,QAT,1994,3820000,
Qatar,QAT,1995,4020000,
Recipients not classified by income group (OECD),,1960,6745740300,
Recipients not classified by income group (OECD),,1961,8290179600,
Recipients not classified by income group (OECD),,1962,7574100000,
Recipients not classified by income group (OECD),,1963,7778790000,
Recipients not classified by income group (OECD),,1964,5374410000,
Recipients not classified by income group (OECD),,1965,5050900000,
Recipients not classified by income group (OECD),,1966,4551490000,
Recipients not classified by income group (OECD),,1967,4658730000,
Recipients not classified by income group (OECD),,1968,3407760100,
Recipients not classified by income group (OECD),,1969,4012640000,
Recipients not classified by income group (OECD),,1970,5440950300,
Recipients not classified by income group (OECD),,1971,7237410300,
Recipients not classified by income group (OECD),,1972,7568839700,
Recipients not classified by income group (OECD),,1973,9701720000,
Recipients not classified by income group (OECD),,1974,9869700000,
Recipients not classified by income group (OECD),,1975,9140100000,
Recipients not classified by income group (OECD),,1976,7123580000,
Recipients not classified by income group (OECD),,1977,6446240300,
Recipients not classified by income group (OECD),,1978,16510480000,
Recipients not classified by income group (OECD),,1979,12467991000,
Recipients not classified by income group (OECD),,1980,14968379000,
Recipients not classified by income group (OECD),,1981,14260650000,
Recipients not classified by income group (OECD),,1982,11219310000,
Recipients not classified by income group (OECD),,1983,11219020000,
Recipients not classified by income group (OECD),,1984,14126580000,
Recipients not classified by income group (OECD),,1985,13710680000,
Recipients not classified by income group (OECD),,1986,14344849000,
Recipients not classified by income group (OECD),,1987,14901610000,
Recipients not classified by income group (OECD),,1988,15529371000,
Recipients not classified by income group (OECD),,1989,15458580000,
Recipients not classified by income group (OECD),,1990,13596639000,
Recipients not classified by income group (OECD),,1991,14485701000,
Recipients not classified by income group (OECD),,1992,15945760000,
Recipients not classified by income group (OECD),,1993,16931519000,
Recipients not classified by income group (OECD),,1994,15203481000,
Recipients not classified by income group (OECD),,1995,14802490000,
Recipients not classified by income group (OECD),,1996,14763210000,
Recipients not classified by income group (OECD),,1997,15809360000,
Recipients not classified by income group (OECD),,1998,16567779000,
Recipients not classified by income group (OECD),,1999,17716722000,
Recipients not classified by income group (OECD),,2000,19348429000,
Recipients not classified by income group (OECD),,2001,17687920000,
Recipients not classified by income group (OECD),,2002,23534740000,
Recipients not classified by income group (OECD),,2003,23206330000,
Recipients not classified by income group (OECD),,2004,25667539000,
Recipients not classified by income group (OECD),,2005,25775230000,
Recipients not classified by income group (OECD),,2006,27997610000,
Recipients not classified by income group (OECD),,2007,29463740000,
Recipients not classified by income group (OECD),,2008,37425353000,
Recipients not classified by income group (OECD),,2009,38902820000,
Recipients not classified by income group (OECD),,2010,41442198000,
Recipients not classified by income group (OECD),,2011,42961400000,
Recipients not classified by income group (OECD),,2012,40061910000,
Recipients not classified by income group (OECD),,2013,46057783000,
Recipients not classified by income group (OECD),,2014,58252763000,
Recipients not classified by income group (OECD),,2015,53269148000,
Recipients not classified by income group (OECD),,2016,60055460000,
Recipients not classified by income group (OECD),,2017,59312300000,
Recipients not classified by income group (OECD),,2018,57591610000,
Recipients not classified by income group (OECD),,2019,58291960000,
Recipients not classified by income group (OECD),,2020,61102490000,
Recipients not classified by income group (OECD),,2021,67052642000,
Recipients not classified by income group (OECD),,2022,94418960000,
Rwanda,RWA,1960,76750000,
Rwanda,RWA,1961,72520000,
Rwanda,RWA,1962,105350000,
Rwanda,RWA,1963,65379996,
Rwanda,RWA,1964,67050004,
Rwanda,RWA,1965,70590000,
Rwanda,RWA,1966,99210000,
Rwanda,RWA,1967,109180000,
Rwanda,RWA,1968,126220000,
Rwanda,RWA,1969,134140000,
Rwanda,RWA,1970,156940000,
Rwanda,RWA,1971,168880000,
Rwanda,RWA,1972,177860000,
Rwanda,RWA,1973,194940000,
Rwanda,RWA,1974,205200000,
Rwanda,RWA,1975,340549980,
Rwanda,RWA,1976,287210000,
Rwanda,RWA,1977,317460000,
Rwanda,RWA,1978,360280000,
Rwanda,RWA,1979,371450020,
Rwanda,RWA,1980,361670000,
Rwanda,RWA,1981,400640000,
Rwanda,RWA,1982,411500000,
Rwanda,RWA,1983,403580000,
Rwanda,RWA,1984,461440000,
Rwanda,RWA,1985,499350000,
Rwanda,RWA,1986,449900000,
Rwanda,RWA,1987,445120000,
Rwanda,RWA,1988,434829980,
Rwanda,RWA,1989,397800000,
Rwanda,RWA,1990,447250000,
Rwanda,RWA,1991,555349950,
Rwanda,RWA,1992,490690020,
Rwanda,RWA,1993,522320000,
Rwanda,RWA,1994,1093089900,
Rwanda,RWA,1995,943570000,
Rwanda,RWA,1996,644219970,
Rwanda,RWA,1997,350680000,
Rwanda,RWA,1998,514320000,
Rwanda,RWA,1999,543170000,
Rwanda,RWA,2000,497760000,
Rwanda,RWA,2001,485040000,
Rwanda,RWA,2002,545340000,
Rwanda,RWA,2003,452090000,
Rwanda,RWA,2004,594299970,
Rwanda,RWA,2005,667060000,
Rwanda,RWA,2006,683570000,
Rwanda,RWA,2007,647520000,
Rwanda,RWA,2008,803760000,
Rwanda,RWA,2009,863760000,
Rwanda,RWA,2010,1090240000,
Rwanda,RWA,2011,1267370000,
Rwanda,RWA,2012,906690000,
Rwanda,RWA,2013,1085150100,
Rwanda,RWA,2014,1034270000,
Rwanda,RWA,2015,1193610000,
Rwanda,RWA,2016,1274030100,
Rwanda,RWA,2017,1333740000,
Rwanda,RWA,2018,1163710000,
Rwanda,RWA,2019,1230150000,
Rwanda,RWA,2020,1665840000,
Rwanda,RWA,2021,1280080000,
Rwanda,RWA,2022,1073940000,
Sahel and West Africa Club,,1960,10310000,
Sahel and West Africa Club,,1961,154810000,
Sahel and West Africa Club,,1962,382680000,
Sahel and West Africa Club,,1963,345840000,
Sahel and West Africa Club,,1964,1052319940,
Sahel and West Africa Club,,1965,1014040000,
Sahel and West Africa Club,,1966,1179240000,
Sahel and West Africa Club,,1967,1023460030,
Sahel and West Africa Club,,1968,1260130000,
Sahel and West Africa Club,,1969,1156520100,
Sahel and West Africa Club,,1970,991560000,
Sahel and West Africa Club,,1971,1250540000,
Sahel and West Africa Club,,1972,1171610000,
Sahel and West Africa Club,,1973,1773880000,
Sahel and West Africa Club,,1974,3024300000,
Sahel and West Africa Club,,1975,2618470000,
Sahel and West Africa Club,,1976,2723730000,
Sahel and West Africa Club,,1977,2661480000,
Sahel and West Africa Club,,1978,3451820000,
Sahel and West Africa Club,,1979,3216840200,
Sahel and West Africa Club,,1980,3022959900,
Sahel and West Africa Club,,1981,3760899800,
Sahel and West Africa Club,,1982,3565150000,
Sahel and West Africa Club,,1983,3472129800,
Sahel and West Africa Club,,1984,4039470000,
Sahel and West Africa Club,,1985,4592020000,
Sahel and West Africa Club,,1986,4754050000,
Sahel and West Africa Club,,1987,4318980000,
Sahel and West Africa Club,,1988,4140810000,
Sahel and West Africa Club,,1989,4386080300,
Sahel and West Africa Club,,1990,4366650000,
Sahel and West Africa Club,,1991,3962750000,
Sahel and West Africa Club,,1992,3671170000,
Sahel and West Africa Club,,1993,3619560000,
Sahel and West Africa Club,,1994,3734220000,
Sahel and West Africa Club,,1995,3302420000,
Sahel and West Africa Club,,1996,3351210000,
Sahel and West Africa Club,,1997,3225480000,
Sahel and West Africa Club,,1998,3032100000,
Sahel and West Africa Club,,1999,2992020000,
Sahel and West Africa Club,,2000,2617540000,
Sahel and West Africa Club,,2001,3308680000,
Sahel and West Africa Club,,2002,3650450000,
Sahel and West Africa Club,,2003,3773350100,
Sahel and West Africa Club,,2004,4313000000,
Sahel and West Africa Club,,2005,4103060000,
Sahel and West Africa Club,,2006,4483770000,
Sahel and West Africa Club,,2007,3895000000,
Sahel and West Africa Club,,2008,4329819600,
Sahel and West Africa Club,,2009,4378660400,
Sahel and West Africa Club,,2010,5404169700,
Sahel and West Africa Club,,2011,5131050000,
Sahel and West Africa Club,,2012,5533910000,
Sahel and West Africa Club,,2013,5384930300,
Sahel and West Africa Club,,2014,5416110000,
Sahel and West Africa Club,,2015,5789370400,
Sahel and West Africa Club,,2016,5809530000,
Sahel and West Africa Club,,2017,6297049600,
Sahel and West Africa Club,,2018,7091529700,
Sahel and West Africa Club,,2019,7710070000,
Sahel and West Africa Club,,2020,9344430000,
Sahel and West Africa Club,,2021,7707710000,
Sahel and West Africa Club,,2022,7617830000,
Saint Helena,SHN,1960,4760000,
Saint Helena,SHN,1961,510000,
Saint Helena,SHN,1962,7780000,
Saint Helena,SHN,1963,4380000,
Saint Helena,SHN,1964,6500000,
Saint Helena,SHN,1965,5840000,
Saint Helena,SHN,1966,19910000,
Saint Helena,SHN,1967,9000000,
Saint Helena,SHN,1968,7990000,
Saint Helena,SHN,1969,8279999.5,
Saint Helena,SHN,1970,8140000.5,
Saint Helena,SHN,1971,8660000,
Saint Helena,SHN,1972,11300000,
Saint Helena,SHN,1973,10720000,
Saint Helena,SHN,1974,14400000,
Saint Helena,SHN,1975,12760000,
Saint Helena,SHN,1976,13750000,
Saint Helena,SHN,1977,18300000,
Saint Helena,SHN,1978,25650000,
Saint Helena,SHN,1979,23700000,
Saint Helena,SHN,1980,19020000,
Saint Helena,SHN,1981,18410000,
Saint Helena,SHN,1982,24160000,
Saint Helena,SHN,1983,25570000,
Saint Helena,SHN,1984,27900000,
Saint Helena,SHN,1985,33349998,
Saint Helena,SHN,1986,31120000,
Saint Helena,SHN,1987,39260000,
Saint Helena,SHN,1988,45940000,
Saint Helena,SHN,1989,80420000,
Saint Helena,SHN,1990,35930000,
Saint Helena,SHN,1991,21050000,
Saint Helena,SHN,1992,20990000,
Saint Helena,SHN,1993,22200000,
Saint Helena,SHN,1994,20390000,
Saint Helena,SHN,1995,17190000,
Saint Helena,SHN,1996,21140000,
Saint Helena,SHN,1997,19150000,
Saint Helena,SHN,1998,19750000,
Saint Helena,SHN,1999,17280000,
Saint Helena,SHN,2000,24760000,
Saint Helena,SHN,2001,20910000,
Saint Helena,SHN,2002,18050000,
Saint Helena,SHN,2003,20850000,
Saint Helena,SHN,2004,26390000,
Saint Helena,SHN,2005,22190000,
Saint Helena,SHN,2006,27280000,
Saint Helena,SHN,2007,37910000,
Saint Helena,SHN,2008,59880000,
Saint Helena,SHN,2009,35770000,
Saint Helena,SHN,2010,55230000,
Saint Helena,SHN,2011,81170000,
Saint Helena,SHN,2012,162610000,
Saint Helena,SHN,2013,132970000,
Saint Helena,SHN,2014,118260000,
Saint Helena,SHN,2015,78870000,
Saint Helena,SHN,2016,113890000,
Saint Helena,SHN,2017,72160000,
Saint Helena,SHN,2018,69140000,
Saint Helena,SHN,2019,53410000,
Saint Helena,SHN,2020,69730000,
Saint Helena,SHN,2021,50840000,
Saint Helena,SHN,2022,51610000,
Saint Kitts and Nevis,KNA,1973,50000,
Saint Kitts and Nevis,KNA,1974,19230000,
Saint Kitts and Nevis,KNA,1975,7000000,
Saint Kitts and Nevis,KNA,1976,11460000,
Saint Kitts and Nevis,KNA,1977,8210000,
Saint Kitts and Nevis,KNA,1978,7060000,
Saint Kitts and Nevis,KNA,1979,5110000,
Saint Kitts and Nevis,KNA,1980,15270000,
Saint Kitts and Nevis,KNA,1981,9480000,
Saint Kitts and Nevis,KNA,1982,7940000,
Saint Kitts and Nevis,KNA,1983,7370000,
Saint Kitts and Nevis,KNA,1984,9590000,
Saint Kitts and Nevis,KNA,1985,11780000,
Saint Kitts and Nevis,KNA,1986,12490000,
Saint Kitts and Nevis,KNA,1987,14840000,
Saint Kitts and Nevis,KNA,1988,26670000,
Saint Kitts and Nevis,KNA,1989,25780000,
Saint Kitts and Nevis,KNA,1990,13630000,
Saint Kitts and Nevis,KNA,1991,11080000,
Saint Kitts and Nevis,KNA,1992,11320000,
Saint Kitts and Nevis,KNA,1993,15600000,
Saint Kitts and Nevis,KNA,1994,8670000,
Saint Kitts and Nevis,KNA,1995,4570000,
Saint Kitts and Nevis,KNA,1996,8580000,
Saint Kitts and Nevis,KNA,1997,9940000,
Saint Kitts and Nevis,KNA,1998,9250000,
Saint Kitts and Nevis,KNA,1999,6460000,
Saint Kitts and Nevis,KNA,2000,5740000,
Saint Kitts and Nevis,KNA,2001,14950000,
Saint Kitts and Nevis,KNA,2002,37910000,
Saint Kitts and Nevis,KNA,2003,0,
Saint Kitts and Nevis,KNA,2004,-440000,
Saint Kitts and Nevis,KNA,2005,2920000,
Saint Kitts and Nevis,KNA,2006,4530000,
Saint Kitts and Nevis,KNA,2007,3540000,
Saint Kitts and Nevis,KNA,2008,41240000,
Saint Kitts and Nevis,KNA,2009,3220000,
Saint Kitts and Nevis,KNA,2010,10820000,
Saint Kitts and Nevis,KNA,2011,13800000,
Saint Kitts and Nevis,KNA,2012,20740000,
Saint Kitts and Nevis,KNA,2013,28990000,
Saint Lucia,LCA,1973,430000,
Saint Lucia,LCA,1974,36650000,
Saint Lucia,LCA,1975,38190000,
Saint Lucia,LCA,1976,30910000,
Saint Lucia,LCA,1977,16059999,
Saint Lucia,LCA,1978,11900000,
Saint Lucia,LCA,1979,6060000,
Saint Lucia,LCA,1980,20710000,
Saint Lucia,LCA,1981,29010000,
Saint Lucia,LCA,1982,21160000,
Saint Lucia,LCA,1983,17750000,
Saint Lucia,LCA,1984,15170000,
Saint Lucia,LCA,1985,18340000,
Saint Lucia,LCA,1986,25480000,
Saint Lucia,LCA,1987,21650000,
Saint Lucia,LCA,1988,31480000,
Saint Lucia,LCA,1989,30200000,
Saint Lucia,LCA,1990,19070000,
Saint Lucia,LCA,1991,34270000,
Saint Lucia,LCA,1992,37480000,
Saint Lucia,LCA,1993,35550000,
Saint Lucia,LCA,1994,45810000,
Saint Lucia,LCA,1995,62240000,
Saint Lucia,LCA,1996,47430000,
Saint Lucia,LCA,1997,33660000,
Saint Lucia,LCA,1998,7780000,
Saint Lucia,LCA,1999,30710000,
Saint Lucia,LCA,2000,11430000,
Saint Lucia,LCA,2001,26440000,
Saint Lucia,LCA,2002,44890000,
Saint Lucia,LCA,2003,18680000,
Saint Lucia,LCA,2004,-21020000,
Saint Lucia,LCA,2005,12190000,
Saint Lucia,LCA,2006,20880000,
Saint Lucia,LCA,2007,15970000,
Saint Lucia,LCA,2008,14240000,
Saint Lucia,LCA,2009,37230000,
Saint Lucia,LCA,2010,40480000,
Saint Lucia,LCA,2011,32580002,
Saint Lucia,LCA,2012,25680000,
Saint Lucia,LCA,2013,24150000,
Saint Lucia,LCA,2014,18740000,
Saint Lucia,LCA,2015,14560000,
Saint Lucia,LCA,2016,15050000,
Saint Lucia,LCA,2017,15510000,
Saint Lucia,LCA,2018,8400000,
Saint Lucia,LCA,2019,33189998,
Saint Lucia,LCA,2020,100710000,
Saint Lucia,LCA,2021,95950000,
Saint Lucia,LCA,2022,33410000,
Saint Vincent and the Grenadines,VCT,1973,580000,
Saint Vincent and the Grenadines,VCT,1974,18940000,
Saint Vincent and the Grenadines,VCT,1975,26160000,
Saint Vincent and the Grenadines,VCT,1976,19190000,
Saint Vincent and the Grenadines,VCT,1977,15520000,
Saint Vincent and the Grenadines,VCT,1978,15590000,
Saint Vincent and the Grenadines,VCT,1979,16150000,
Saint Vincent and the Grenadines,VCT,1980,23420000,
Saint Vincent and the Grenadines,VCT,1981,22810000,
Saint Vincent and the Grenadines,VCT,1982,19560000,
Saint Vincent and the Grenadines,VCT,1983,13960000,
Saint Vincent and the Grenadines,VCT,1984,10490000,
Saint Vincent and the Grenadines,VCT,1985,14490000,
Saint Vincent and the Grenadines,VCT,1986,29080000,
Saint Vincent and the Grenadines,VCT,1987,26180000,
Saint Vincent and the Grenadines,VCT,1988,29360000,
Saint Vincent and the Grenadines,VCT,1989,24600000,
Saint Vincent and the Grenadines,VCT,1990,23820000,
Saint Vincent and the Grenadines,VCT,1991,23780000,
Saint Vincent and the Grenadines,VCT,1992,25840000,
Saint Vincent and the Grenadines,VCT,1993,19410000,
Saint Vincent and the Grenadines,VCT,1994,15310000,
Saint Vincent and the Grenadines,VCT,1995,56950000,
Saint Vincent and the Grenadines,VCT,1996,31910000,
Saint Vincent and the Grenadines,VCT,1997,5690000,
Saint Vincent and the Grenadines,VCT,1998,28310000,
Saint Vincent and the Grenadines,VCT,1999,20230000,
Saint Vincent and the Grenadines,VCT,2000,7560000,
Saint Vincent and the Grenadines,VCT,2001,12750000,
Saint Vincent and the Grenadines,VCT,2002,6500000,
Saint Vincent and the Grenadines,VCT,2003,7450000,
Saint Vincent and the Grenadines,VCT,2004,10020000,
Saint Vincent and the Grenadines,VCT,2005,8370000,
Saint Vincent and the Grenadines,VCT,2006,4940000,
Saint Vincent and the Grenadines,VCT,2007,61670000,
Saint Vincent and the Grenadines,VCT,2008,22320000,
Saint Vincent and the Grenadines,VCT,2009,27030000,
Saint Vincent and the Grenadines,VCT,2010,16639999,
Saint Vincent and the Grenadines,VCT,2011,16270000,
Saint Vincent and the Grenadines,VCT,2012,7830000,
Saint Vincent and the Grenadines,VCT,2013,8180000.5,
Saint Vincent and the Grenadines,VCT,2014,9570000,
Saint Vincent and the Grenadines,VCT,2015,14200000,
Saint Vincent and the Grenadines,VCT,2016,8820000,
Saint Vincent and the Grenadines,VCT,2017,12340000,
Saint Vincent and the Grenadines,VCT,2018,18640000,
Saint Vincent and the Grenadines,VCT,2019,88580000,
Saint Vincent and the Grenadines,VCT,2020,77980000,
Saint Vincent and the Grenadines,VCT,2021,122160000,
Saint Vincent and the Grenadines,VCT,2022,15490000,
Samoa,WSM,1961,250000,
Samoa,WSM,1962,720000,
Samoa,WSM,1963,1330000,
Samoa,WSM,1964,1600000,
Samoa,WSM,1965,1720000,
Samoa,WSM,1966,3240000,
Samoa,WSM,1967,5640000,
Samoa,WSM,1968,7460000,
Samoa,WSM,1969,3720000,
Samoa,WSM,1970,6600000,
Samoa,WSM,1971,6980000,
Samoa,WSM,1972,15100000,
Samoa,WSM,1973,16410000,
Samoa,WSM,1974,26270000,
Samoa,WSM,1975,54120000,
Samoa,WSM,1976,42700000,
Samoa,WSM,1977,68580000,
Samoa,WSM,1978,52900000,
Samoa,WSM,1979,74390000,
Samoa,WSM,1980,55440000,
Samoa,WSM,1981,56120000,
Samoa,WSM,1982,57470000,
Samoa,WSM,1983,64730004,
Samoa,WSM,1984,48600000,
Samoa,WSM,1985,53940000,
Samoa,WSM,1986,45930000,
Samoa,WSM,1987,64610000,
Samoa,WSM,1988,48840000,
Samoa,WSM,1989,47900000,
Samoa,WSM,1990,58620000,
Samoa,WSM,1991,65030000,
Samoa,WSM,1992,75750000,
Samoa,WSM,1993,69960000,
Samoa,WSM,1994,55360000,
Samoa,WSM,1995,49300000,
Samoa,WSM,1996,41600000,
Samoa,WSM,1997,40510000,
Samoa,WSM,1998,49790000,
Samoa,WSM,1999,38920000,
Samoa,WSM,2000,49300000,
Samoa,WSM,2001,66879996,
Samoa,WSM,2002,59310000,
Samoa,WSM,2003,46220000,
Samoa,WSM,2004,41970000,
Samoa,WSM,2005,51200000,
Samoa,WSM,2006,56830000,
Samoa,WSM,2007,37210000,
Samoa,WSM,2008,41030000,
Samoa,WSM,2009,70080000,
Samoa,WSM,2010,120180000,
Samoa,WSM,2011,76800000,
Samoa,WSM,2012,104490000,
Samoa,WSM,2013,107180000,
Samoa,WSM,2014,88640000,
Samoa,WSM,2015,103160000,
Samoa,WSM,2016,94960000,
Samoa,WSM,2017,140890000,
Samoa,WSM,2018,129190000,
Samoa,WSM,2019,125150000,
Samoa,WSM,2020,173420000,
Samoa,WSM,2021,80970000,
Samoa,WSM,2022,126270000,
Sao Tome and Principe,STP,1960,930000,
Sao Tome and Principe,STP,1961,12020000,
Sao Tome and Principe,STP,1966,11120000,
Sao Tome and Principe,STP,1967,3840000,
Sao Tome and Principe,STP,1968,1450000,
Sao Tome and Principe,STP,1975,3230000,
Sao Tome and Principe,STP,1976,43450000,
Sao Tome and Principe,STP,1977,10260000,
Sao Tome and Principe,STP,1978,11470000,
Sao Tome and Principe,STP,1979,7310000,
Sao Tome and Principe,STP,1980,9000000,
Sao Tome and Principe,STP,1981,14930000,
Sao Tome and Principe,STP,1982,25290000,
Sao Tome and Principe,STP,1983,31990000,
Sao Tome and Principe,STP,1984,31690000,
Sao Tome and Principe,STP,1985,33210000,
Sao Tome and Principe,STP,1986,23160000,
Sao Tome and Principe,STP,1987,30780000,
Sao Tome and Principe,STP,1988,41040000,
Sao Tome and Principe,STP,1989,84720000,
Sao Tome and Principe,STP,1990,87980000,
Sao Tome and Principe,STP,1991,77920000,
Sao Tome and Principe,STP,1992,80570000,
Sao Tome and Principe,STP,1993,65589996,
Sao Tome and Principe,STP,1994,68860000,
Sao Tome and Principe,STP,1995,112770000,
Sao Tome and Principe,STP,1996,61880000,
Sao Tome and Principe,STP,1997,48430000,
Sao Tome and Principe,STP,1998,40680000,
Sao Tome and Principe,STP,1999,41540000,
Sao Tome and Principe,STP,2000,55990000,
Sao Tome and Principe,STP,2001,63020000,
Sao Tome and Principe,STP,2002,40230000,
Sao Tome and Principe,STP,2003,48340000,
Sao Tome and Principe,STP,2004,39170000,
Sao Tome and Principe,STP,2005,37050000,
Sao Tome and Principe,STP,2006,25270000,
Sao Tome and Principe,STP,2007,48120000,
Sao Tome and Principe,STP,2008,34870000,
Sao Tome and Principe,STP,2009,27950000,
Sao Tome and Principe,STP,2010,48200000,
Sao Tome and Principe,STP,2011,68670000,
Sao Tome and Principe,STP,2012,49260000,
Sao Tome and Principe,STP,2013,51380000,
Sao Tome and Principe,STP,2014,39460000,
Sao Tome and Principe,STP,2015,53750000,
Sao Tome and Principe,STP,2016,51040000,
Sao Tome and Principe,STP,2017,42470000,
Sao Tome and Principe,STP,2018,52760000,
Sao Tome and Principe,STP,2019,52770000,
Sao Tome and Principe,STP,2020,93190000,
Sao Tome and Principe,STP,2021,68740000,
Sao Tome and Principe,STP,2022,53690000,
Saudi Arabia,SAU,1960,61030000,
Saudi Arabia,SAU,1961,-2280000,
Saudi Arabia,SAU,1962,-76400000,
Saudi Arabia,SAU,1963,-18830000,
Saudi Arabia,SAU,1964,-3190000,
Saudi Arabia,SAU,1965,2730000,
Saudi Arabia,SAU,1966,2450000,
Saudi Arabia,SAU,1967,3220000,
Saudi Arabia,SAU,1968,3330000,
Saudi Arabia,SAU,1969,9070000,
Saudi Arabia,SAU,1970,9630000,
Saudi Arabia,SAU,1971,11830000,
Saudi Arabia,SAU,1972,12500000,
Saudi Arabia,SAU,1973,13050000,
Saudi Arabia,SAU,1974,15170000,
Saudi Arabia,SAU,1975,11540000,
Saudi Arabia,SAU,1976,6500000,
Saudi Arabia,SAU,1977,22410000,
Saudi Arabia,SAU,1978,16750000,
Saudi Arabia,SAU,1979,23790000,
Saudi Arabia,SAU,1980,26920000,
Saudi Arabia,SAU,1981,59920000,
Saudi Arabia,SAU,1982,104090000,
Saudi Arabia,SAU,1983,86960000,
Saudi Arabia,SAU,1984,75570000,
Saudi Arabia,SAU,1985,63650000,
Saudi Arabia,SAU,1986,52060000,
Saudi Arabia,SAU,1987,36100000,
Saudi Arabia,SAU,1988,26680000,
Saudi Arabia,SAU,1989,20470000,
Saudi Arabia,SAU,1990,18310000,
Saudi Arabia,SAU,1991,16750000,
Saudi Arabia,SAU,1992,46690000,
Saudi Arabia,SAU,1993,30670000,
Saudi Arabia,SAU,1994,17050000,
Saudi Arabia,SAU,1995,15540000,
Saudi Arabia,SAU,1996,12520000,
Saudi Arabia,SAU,1997,4470000,
Saudi Arabia,SAU,1998,18260000,
Saudi Arabia,SAU,1999,22440000,
Saudi Arabia,SAU,2000,22270000,
Saudi Arabia,SAU,2001,15470000,
Saudi Arabia,SAU,2002,19640000,
Saudi Arabia,SAU,2003,15610000,
Saudi Arabia,SAU,2004,20640000,
Saudi Arabia,SAU,2005,23070000,
Saudi Arabia,SAU,2006,22060000,
Saudi Arabia,SAU,2007,-119450000,
Senegal,SEN,1960,1120000,
Senegal,SEN,1961,2130000,
Senegal,SEN,1962,113690000,
Senegal,SEN,1963,93100000,
Senegal,SEN,1964,433070000,
Senegal,SEN,1965,358140000,
Senegal,SEN,1966,322770000,
Senegal,SEN,1967,341149980,
Senegal,SEN,1968,343109980,
Senegal,SEN,1969,353100000,
Senegal,SEN,1970,280989980,
Senegal,SEN,1971,334309980,
Senegal,SEN,1972,261920020,
Senegal,SEN,1973,389780000,
Senegal,SEN,1974,601040000,
Senegal,SEN,1975,505290020,
Senegal,SEN,1976,425670000,
Senegal,SEN,1977,399780000,
Senegal,SEN,1978,630280000,
Senegal,SEN,1979,803280000,
Senegal,SEN,1980,602859970,
Senegal,SEN,1981,989440000,
Senegal,SEN,1982,741590000,
Senegal,SEN,1983,841580000,
Senegal,SEN,1984,970050000,
Senegal,SEN,1985,768930000,
Senegal,SEN,1986,1248060000,
Senegal,SEN,1987,1218449900,
Senegal,SEN,1988,1016530050,
Senegal,SEN,1989,1177960000,
Senegal,SEN,1990,1201860000,
Senegal,SEN,1991,909580000,
Senegal,SEN,1992,883990000,
Senegal,SEN,1993,701400000,
Senegal,SEN,1994,836510000,
Senegal,SEN,1995,771550000,
Senegal,SEN,1996,729060000,
Senegal,SEN,1997,591430000,
Senegal,SEN,1998,696600000,
Senegal,SEN,1999,743820000,
Senegal,SEN,2000,646380000,
Senegal,SEN,2001,661530050,
Senegal,SEN,2002,659090050,
Senegal,SEN,2003,593490000,
Senegal,SEN,2004,1220689900,
Senegal,SEN,2005,803320000,
Senegal,SEN,2006,960070000,
Senegal,SEN,2007,744130000,
Senegal,SEN,2008,907400000,
Senegal,SEN,2009,881640000,
Senegal,SEN,2010,950660000,
Senegal,SEN,2011,1006510000,
Senegal,SEN,2012,1057069950,
Senegal,SEN,2013,1000530050,
Senegal,SEN,2014,1117900000,
Senegal,SEN,2015,977659970,
Senegal,SEN,2016,809150000,
Senegal,SEN,2017,966690000,
Senegal,SEN,2018,1035199940,
Senegal,SEN,2019,1511740000,
Senegal,SEN,2020,1634180100,
Senegal,SEN,2021,1335520000,
Senegal,SEN,2022,1453239900,
Serbia,SRB,1994,68080000,
Serbia,SRB,1995,121890000,
Serbia,SRB,1996,84220000,
Serbia,SRB,1997,137100000,
Serbia,SRB,1998,167330000,
Serbia,SRB,1999,1205370000,
Serbia,SRB,2000,1917210000,
Serbia,SRB,2001,2193980000,
Serbia,SRB,2002,3141260000,
Serbia,SRB,2003,1753339900,
Serbia,SRB,2004,1442470000,
Serbia,SRB,2005,1243130000,
Serbia,SRB,2006,1786380000,
Serbia,SRB,2007,832020030,
Serbia,SRB,2008,903730000,
Serbia,SRB,2009,591200000,
Serbia,SRB,2010,671010000,
Serbia,SRB,2011,1263430000,
Serbia,SRB,2012,1059780030,
Serbia,SRB,2013,701870000,
Serbia,SRB,2014,330750000,
Serbia,SRB,2015,330309980,
Serbia,SRB,2016,678219970,
Serbia,SRB,2017,1807579900,
Serbia,SRB,2018,1078400000,
Serbia,SRB,2019,580669950,
Serbia,SRB,2020,473980000,
Serbia,SRB,2021,491240000,
Serbia,SRB,2022,510130020,
Seychelles,SYC,1960,11600000,
Seychelles,SYC,1961,10200000,
Seychelles,SYC,1962,4810000,
Seychelles,SYC,1963,6210000,
Seychelles,SYC,1964,8830000,
Seychelles,SYC,1965,13670000,
Seychelles,SYC,1966,7780000,
Seychelles,SYC,1967,18580000,
Seychelles,SYC,1968,22480000,
Seychelles,SYC,1969,11000000,
Seychelles,SYC,1970,31480000,
Seychelles,SYC,1971,54940000,
Seychelles,SYC,1972,56310000,
Seychelles,SYC,1973,48300000,
Seychelles,SYC,1974,46400000,
Seychelles,SYC,1975,34030000,
Seychelles,SYC,1976,35440000,
Seychelles,SYC,1977,45690000,
Seychelles,SYC,1978,52790000,
Seychelles,SYC,1979,64480004,
Seychelles,SYC,1980,47340000,
Seychelles,SYC,1981,39860000,
Seychelles,SYC,1982,45300000,
Seychelles,SYC,1983,40270000,
Seychelles,SYC,1984,40730000,
Seychelles,SYC,1985,64000000,
Seychelles,SYC,1986,63340000,
Seychelles,SYC,1987,44940000,
Seychelles,SYC,1988,34460000,
Seychelles,SYC,1989,35870000,
Seychelles,SYC,1990,56810000,
Seychelles,SYC,1991,32890000,
Seychelles,SYC,1992,28870000,
Seychelles,SYC,1993,28850000,
Seychelles,SYC,1994,18870000,
Seychelles,SYC,1995,13600000,
Seychelles,SYC,1996,24720000,
Seychelles,SYC,1997,23830000,
Seychelles,SYC,1998,33520000,
Seychelles,SYC,1999,17970000,
Seychelles,SYC,2000,35250000,
Seychelles,SYC,2001,18000000,
Seychelles,SYC,2002,85590000,
Seychelles,SYC,2003,11560000,
Seychelles,SYC,2004,11550000,
Seychelles,SYC,2005,19380000,
Seychelles,SYC,2006,14670000,
Seychelles,SYC,2007,6420000,
Seychelles,SYC,2008,6670000,
Seychelles,SYC,2009,19490000,
Seychelles,SYC,2010,50360000,
Seychelles,SYC,2011,20870000,
Seychelles,SYC,2012,33610000,
Seychelles,SYC,2013,25970000,
Seychelles,SYC,2014,11520000,
Seychelles,SYC,2015,7170000,
Seychelles,SYC,2016,6500000,
Seychelles,SYC,2017,16160000,
Sierra Leone,SLE,1960,70460000,
Sierra Leone,SLE,1961,149920000,
Sierra Leone,SLE,1962,70240000,
Sierra Leone,SLE,1963,87370000,
Sierra Leone,SLE,1964,85200000,
Sierra Leone,SLE,1965,129030000,
Sierra Leone,SLE,1966,75340000,
Sierra Leone,SLE,1967,54110000,
Sierra Leone,SLE,1968,70690000,
Sierra Leone,SLE,1969,58180000,
Sierra Leone,SLE,1970,43530000,
Sierra Leone,SLE,1971,64370004,
Sierra Leone,SLE,1972,57490000,
Sierra Leone,SLE,1973,68140000,
Sierra Leone,SLE,1974,45260000,
Sierra Leone,SLE,1975,64629996,
Sierra Leone,SLE,1976,50380000,
Sierra Leone,SLE,1977,92260000,
Sierra Leone,SLE,1978,119920000,
Sierra Leone,SLE,1979,139620000,
Sierra Leone,SLE,1980,207990000,
Sierra Leone,SLE,1981,152500000,
Sierra Leone,SLE,1982,212790000,
Sierra Leone,SLE,1983,175190000,
Sierra Leone,SLE,1984,156250000,
Sierra Leone,SLE,1985,172050000,
Sierra Leone,SLE,1986,197570000,
Sierra Leone,SLE,1987,125450000,
Sierra Leone,SLE,1988,177210000,
Sierra Leone,SLE,1989,169210000,
Sierra Leone,SLE,1990,87880000,
Sierra Leone,SLE,1991,151270000,
Sierra Leone,SLE,1992,185790000,
Sierra Leone,SLE,1993,312580000,
Sierra Leone,SLE,1994,375500000,
Sierra Leone,SLE,1995,268220000,
Sierra Leone,SLE,1996,243790000,
Sierra Leone,SLE,1997,173240000,
Sierra Leone,SLE,1998,155930000,
Sierra Leone,SLE,1999,114430000,
Sierra Leone,SLE,2000,273950000,
Sierra Leone,SLE,2001,534669980,
Sierra Leone,SLE,2002,581680000,
Sierra Leone,SLE,2003,448220000,
Sierra Leone,SLE,2004,445880000,
Sierra Leone,SLE,2005,389780000,
Sierra Leone,SLE,2006,410650000,
Sierra Leone,SLE,2007,506540000,
Sierra Leone,SLE,2008,316720000,
Sierra Leone,SLE,2009,406820000,
Sierra Leone,SLE,2010,471440000,
Sierra Leone,SLE,2011,406010020,
Sierra Leone,SLE,2012,433920000,
Sierra Leone,SLE,2013,432050000,
Sierra Leone,SLE,2014,861590000,
Sierra Leone,SLE,2015,1003120000,
Sierra Leone,SLE,2016,765650050,
Sierra Leone,SLE,2017,591090050,
Sierra Leone,SLE,2018,526610000,
Sierra Leone,SLE,2019,595210050,
Sierra Leone,SLE,2020,856360000,
Sierra Leone,SLE,2021,685650050,
Sierra Leone,SLE,2022,517740000,
Singapore,SGP,1960,-2750000,
Singapore,SGP,1961,-400000,
Singapore,SGP,1962,9380000,
Singapore,SGP,1963,5350000,
Singapore,SGP,1964,4139999.8,
Singapore,SGP,1965,20290000,
Singapore,SGP,1966,19560000,
Singapore,SGP,1967,60400000,
Singapore,SGP,1968,37140000,
Singapore,SGP,1969,127550000,
Singapore,SGP,1970,211930000,
Singapore,SGP,1971,206620000,
Singapore,SGP,1972,178520000,
Singapore,SGP,1973,138980000,
Singapore,SGP,1974,80230000,
Singapore,SGP,1975,40630000,
Singapore,SGP,1976,37030000,
Singapore,SGP,1977,33630000,
Singapore,SGP,1978,14990000,
Singapore,SGP,1979,12530000,
Singapore,SGP,1980,31020000,
Singapore,SGP,1981,47840000,
Singapore,SGP,1982,49530000,
Singapore,SGP,1983,35880000,
Singapore,SGP,1984,85140000,
Singapore,SGP,1985,61380000,
Singapore,SGP,1986,54320000,
Singapore,SGP,1987,37850000,
Singapore,SGP,1988,31940000,
Singapore,SGP,1989,161980000,
Singapore,SGP,1990,5060000,
Singapore,SGP,1991,6790000,
Singapore,SGP,1992,22230000,
Singapore,SGP,1993,23600000,
Singapore,SGP,1994,14650000,
Singapore,SGP,1995,13520000,
Slovenia,SVN,1993,10670000,
Slovenia,SVN,1994,45610000,
Slovenia,SVN,1995,65800004,
Slovenia,SVN,1996,103450000,
Slovenia,SVN,1997,137300000,
Slovenia,SVN,1998,55910000,
Slovenia,SVN,1999,48280000,
Slovenia,SVN,2000,101280000,
Slovenia,SVN,2001,211250000,
Slovenia,SVN,2002,82380000,
Small island states (OECD),,1960,397410020,
Small island states (OECD),,1961,718789950,
Small island states (OECD),,1962,858360000,
Small island states (OECD),,1963,1069880000,
Small island states (OECD),,1964,857099970,
Small island states (OECD),,1965,2242679800,
Small island states (OECD),,1966,2246520000,
Small island states (OECD),,1967,2583410000,
Small island states (OECD),,1968,2794000000,
Small island states (OECD),,1969,2874700000,
Small island states (OECD),,1970,3300090000,
Small island states (OECD),,1971,3234750000,
Small island states (OECD),,1972,3569130000,
Small island states (OECD),,1973,3163980000,
Small island states (OECD),,1974,3693260000,
Small island states (OECD),,1975,3921940000,
Small island states (OECD),,1976,4648720400,
Small island states (OECD),,1977,4027280100,
Small island states (OECD),,1978,4532280000,
Small island states (OECD),,1979,4619870000,
Small island states (OECD),,1980,5018589700,
Small island states (OECD),,1981,5129880000,
Small island states (OECD),,1982,5318420000,
Small island states (OECD),,1983,5344770000,
Small island states (OECD),,1984,5431780000,
Small island states (OECD),,1985,5154980000,
Small island states (OECD),,1986,5216859600,
Small island states (OECD),,1987,4999689700,
Small island states (OECD),,1988,4459430400,
Small island states (OECD),,1989,4895850000,
Small island states (OECD),,1990,4632750000,
Small island states (OECD),,1991,4056550100,
Small island states (OECD),,1992,3912120000,
Small island states (OECD),,1993,4018260000,
Small island states (OECD),,1994,5303920000,
Small island states (OECD),,1995,5050070000,
Small island states (OECD),,1996,4374480000,
Small island states (OECD),,1997,4380650000,
Small island states (OECD),,1998,4560380000,
Small island states (OECD),,1999,3984370200,
Small island states (OECD),,2000,2910959900,
Small island states (OECD),,2001,3055670000,
Small island states (OECD),,2002,2956170000,
Small island states (OECD),,2003,2739560000,
Small island states (OECD),,2004,2814780000,
Small island states (OECD),,2005,3016450000,
Small island states (OECD),,2006,3176500000,
Small island states (OECD),,2007,3404770000,
Small island states (OECD),,2008,3691400000,
Small island states (OECD),,2009,4140710000,
Small island states (OECD),,2010,6672190000,
Small island states (OECD),,2011,4828290000,
Small island states (OECD),,2012,4697110000,
Small island states (OECD),,2013,4448600000,
Small island states (OECD),,2014,4055639800,
Small island states (OECD),,2015,4518950400,
Small island states (OECD),,2016,6427030000,
Small island states (OECD),,2017,4300950000,
Small island states (OECD),,2018,4790410000,
Small island states (OECD),,2019,4232360000,
Small island states (OECD),,2020,6167970300,
Small island states (OECD),,2021,6095010000,
Small island states (OECD),,2022,5058650000,
Solomon Islands,SLB,1960,19460000,
Solomon Islands,SLB,1961,20420000,
Solomon Islands,SLB,1962,22590000,
Solomon Islands,SLB,1963,28540000,
Solomon Islands,SLB,1964,27260000,
Solomon Islands,SLB,1965,36930000,
Solomon Islands,SLB,1966,43980000,
Solomon Islands,SLB,1967,48780000,
Solomon Islands,SLB,1968,59780000,
Solomon Islands,SLB,1969,64059996,
Solomon Islands,SLB,1970,64250000,
Solomon Islands,SLB,1971,50020000,
Solomon Islands,SLB,1972,80790000,
Solomon Islands,SLB,1973,69880000,
Solomon Islands,SLB,1974,64890000,
Solomon Islands,SLB,1975,99290000,
Solomon Islands,SLB,1976,92590000,
Solomon Islands,SLB,1977,71690000,
Solomon Islands,SLB,1978,91960000,
Solomon Islands,SLB,1979,67730000,
Solomon Islands,SLB,1980,97590000,
Solomon Islands,SLB,1981,65339996,
Solomon Islands,SLB,1982,65620004,
Solomon Islands,SLB,1983,68990000,
Solomon Islands,SLB,1984,51660000,
Solomon Islands,SLB,1985,54520000,
Solomon Islands,SLB,1986,71120000,
Solomon Islands,SLB,1987,104600000,
Solomon Islands,SLB,1988,86350000,
Solomon Islands,SLB,1989,74780000,
Solomon Islands,SLB,1990,66180000,
Solomon Islands,SLB,1991,54410000,
Solomon Islands,SLB,1992,66900000,
Solomon Islands,SLB,1993,69680000,
Solomon Islands,SLB,1994,63900000,
Solomon Islands,SLB,1995,58880000,
Solomon Islands,SLB,1996,51620000,
Solomon Islands,SLB,1997,52670000,
Solomon Islands,SLB,1998,45290000,
Solomon Islands,SLB,1999,61440000,
Solomon Islands,SLB,2000,124220000,
Solomon Islands,SLB,2001,122420000,
Solomon Islands,SLB,2002,59930000,
Solomon Islands,SLB,2003,133720000,
Solomon Islands,SLB,2004,190970000,
Solomon Islands,SLB,2005,272670000,
Solomon Islands,SLB,2006,272220000,
Solomon Islands,SLB,2007,289160000,
Solomon Islands,SLB,2008,261459980,
Solomon Islands,SLB,2009,255610000,
Solomon Islands,SLB,2010,333040000,
Solomon Islands,SLB,2011,281840000,
Solomon Islands,SLB,2012,267340000,
Solomon Islands,SLB,2013,264880000,
Solomon Islands,SLB,2014,191860000,
Solomon Islands,SLB,2015,214410000,
Solomon Islands,SLB,2016,195480000,
Solomon Islands,SLB,2017,199270000,
Solomon Islands,SLB,2018,205110000,
Solomon Islands,SLB,2019,246780000,
Solomon Islands,SLB,2020,228210000,
Solomon Islands,SLB,2021,252930000,
Solomon Islands,SLB,2022,253580000,
Somalia,SOM,1960,234300000,
Somalia,SOM,1961,248410000,
Somalia,SOM,1962,224200000,
Somalia,SOM,1963,279989980,
Somalia,SOM,1964,178460000,
Somalia,SOM,1965,232840000,
Somalia,SOM,1966,376810000,
Somalia,SOM,1967,103180000,
Somalia,SOM,1968,244350000,
Somalia,SOM,1969,233930000,
Somalia,SOM,1970,189770000,
Somalia,SOM,1971,200010000,
Somalia,SOM,1972,175130000,
Somalia,SOM,1973,261670020,
Somalia,SOM,1974,364490000,
Somalia,SOM,1975,644450000,
Somalia,SOM,1976,395380000,
Somalia,SOM,1977,822669950,
Somalia,SOM,1978,798970000,
Somalia,SOM,1979,733700030,
Somalia,SOM,1980,1197350000,
Somalia,SOM,1981,994710000,
Somalia,SOM,1982,1252770000,
Somalia,SOM,1983,904730000,
Somalia,SOM,1984,964600000,
Somalia,SOM,1985,935430000,
Somalia,SOM,1986,1087720000,
Somalia,SOM,1987,1077540100,
Somalia,SOM,1988,738229950,
Somalia,SOM,1989,719580000,
Somalia,SOM,1990,793700030,
Somalia,SOM,1991,265459980,
Somalia,SOM,1992,1071920060,
Somalia,SOM,1993,1506740000,
Somalia,SOM,1994,902349950,
Somalia,SOM,1995,270140000,
Somalia,SOM,1996,119360000,
Somalia,SOM,1997,124680000,
Somalia,SOM,1998,125600000,
Somalia,SOM,1999,182140000,
Somalia,SOM,2000,179170000,
Somalia,SOM,2001,251190000,
Somalia,SOM,2002,251200000,
Somalia,SOM,2003,257010020,
Somalia,SOM,2004,258230020,
Somalia,SOM,2005,294180000,
Somalia,SOM,2006,465280000,
Somalia,SOM,2007,419790000,
Somalia,SOM,2008,811800000,
Somalia,SOM,2009,712450000,
Somalia,SOM,2010,516830000,
Somalia,SOM,2011,1020890000,
Somalia,SOM,2012,970880000,
Somalia,SOM,2013,1019720000,
Somalia,SOM,2014,1068330000,
Somalia,SOM,2015,1275990000,
Somalia,SOM,2016,1300680100,
Somalia,SOM,2017,1923950000,
Somalia,SOM,2018,1661760000,
Somalia,SOM,2019,1861480000,
Somalia,SOM,2020,3167000000,
Somalia,SOM,2021,2332290000,
Somalia,SOM,2022,1949690000,
South Africa,ZAF,1993,439029980,
South Africa,ZAF,1994,467730020,
South Africa,ZAF,1995,570640000,
South Africa,ZAF,1996,516020030,
South Africa,ZAF,1997,735380030,
South Africa,ZAF,1998,765440000,
South Africa,ZAF,1999,811659970,
South Africa,ZAF,2000,789550000,
South Africa,ZAF,2001,707210050,
South Africa,ZAF,2002,793760000,
South Africa,ZAF,2003,848219970,
South Africa,ZAF,2004,758560000,
South Africa,ZAF,2005,803739970,
South Africa,ZAF,2006,833480000,
South Africa,ZAF,2007,880530050,
South Africa,ZAF,2008,1198839900,
South Africa,ZAF,2009,1246990000,
South Africa,ZAF,2010,1199329900,
South Africa,ZAF,2011,1490000000,
South Africa,ZAF,2012,1185260000,
South Africa,ZAF,2013,1354740000,
South Africa,ZAF,2014,1163520000,
South Africa,ZAF,2015,1595920000,
South Africa,ZAF,2016,1348130000,
South Africa,ZAF,2017,1152390000,
South Africa,ZAF,2018,1018880000,
South Africa,ZAF,2019,1039170050,
South Africa,ZAF,2020,1297390000,
South Africa,ZAF,2021,1077430000,
South Africa,ZAF,2022,1028580000,
South America (OECD),,1960,1191520000,
South America (OECD),,1961,4408279600,
South America (OECD),,1962,4512960000,
South America (OECD),,1963,4410230000,
South America (OECD),,1964,3230690000,
South America (OECD),,1965,3468930000,
South America (OECD),,1966,4747510000,
South America (OECD),,1967,3672340000,
South America (OECD),,1968,3965200000,
South America (OECD),,1969,3190540000,
South America (OECD),,1970,3177250000,
South America (OECD),,1971,2597960000,
South America (OECD),,1972,2496000000,
South America (OECD),,1973,2236460000,
South America (OECD),,1974,2180150000,
South America (OECD),,1975,2282430000,
South America (OECD),,1976,1924840000,
South America (OECD),,1977,1580430100,
South America (OECD),,1978,1603420000,
South America (OECD),,1979,1647800000,
South America (OECD),,1980,1570359900,
South America (OECD),,1981,2207810000,
South America (OECD),,1982,2091600100,
South America (OECD),,1983,1884560000,
South America (OECD),,1984,2113610100,
South America (OECD),,1985,2304429800,
South America (OECD),,1986,2244240000,
South America (OECD),,1987,2484909800,
South America (OECD),,1988,2586740000,
South America (OECD),,1989,3006440000,
South America (OECD),,1990,2982060000,
South America (OECD),,1991,3479840000,
South America (OECD),,1992,2603430000,
South America (OECD),,1993,3435720000,
South America (OECD),,1994,2845540000,
South America (OECD),,1995,2968970000,
South America (OECD),,1996,3156550100,
South America (OECD),,1997,3212429800,
South America (OECD),,1998,2989550000,
South America (OECD),,1999,2761560000,
South America (OECD),,2000,3144429800,
South America (OECD),,2001,3713870000,
South America (OECD),,2002,3472870100,
South America (OECD),,2003,4121660200,
South America (OECD),,2004,3723850000,
South America (OECD),,2005,3366880000,
South America (OECD),,2006,3911690000,
South America (OECD),,2007,3190260000,
South America (OECD),,2008,3794530000,
South America (OECD),,2009,3854580000,
South America (OECD),,2010,2919270100,
South America (OECD),,2011,3962679800,
South America (OECD),,2012,4412310000,
South America (OECD),,2013,3926630000,
South America (OECD),,2014,4180970200,
South America (OECD),,2015,4810190000,
South America (OECD),,2016,4257770000,
South America (OECD),,2017,3401910000,
South America (OECD),,2018,4826450400,
South America (OECD),,2019,3915880000,
South America (OECD),,2020,5229870000,
South America (OECD),,2021,5219790000,
South America (OECD),,2022,5529350000,
South Asia (OECD),,2005,550000,
South Asia (OECD),,2006,111330000,
South Asia (OECD),,2007,129649990,
South Asia (OECD),,2008,176250000,
South Asia (OECD),,2009,176250000,
South Asia (OECD),,2010,106620000,
South Asia (OECD),,2011,111310000,
South Asia (OECD),,2012,147720000,
South Asia (OECD),,2013,67440000,
South Asia (OECD),,2014,83490000,
South Asia (OECD),,2015,117240000,
South Asia (OECD),,2016,272900000,
South Asia (OECD),,2017,84500000,
South Asia (OECD),,2018,90790000,
South Asia (OECD),,2019,104540000,
South Asia (OECD),,2020,129289990,
South Asia (OECD),,2021,159220000,
South Asia (OECD),,2022,182150000,
South Korea,KOR,1960,1918580000,
South Korea,KOR,1961,1735200000,
South Korea,KOR,1962,1763110000,
South Korea,KOR,1963,1948280000,
South Korea,KOR,1964,1243810000,
South Korea,KOR,1965,1630810100,
South Korea,KOR,1966,1636080000,
South Korea,KOR,1967,1786290000,
South Korea,KOR,1968,1577860000,
South Korea,KOR,1969,2145139800,
South Korea,KOR,1970,1653650000,
South Korea,KOR,1971,1850350000,
South Korea,KOR,1972,1901070000,
South Korea,KOR,1973,1214810100,
South Korea,KOR,1974,936080000,
South Korea,KOR,1975,923590000,
South Korea,KOR,1976,820250000,
South Korea,KOR,1977,752030000,
South Korea,KOR,1978,440900000,
South Korea,KOR,1979,322610000,
South Korea,KOR,1980,301080000,
South Korea,KOR,1981,612059970,
South Korea,KOR,1982,86450000,
South Korea,KOR,1983,31010000,
South Korea,KOR,1984,-44940000,
South Korea,KOR,1985,-7400000,
South Korea,KOR,1986,-27810000,
South Korea,KOR,1987,6270000,
South Korea,KOR,1988,-4200000,
South Korea,KOR,1989,50740000,
South Korea,KOR,1990,38880000,
South Korea,KOR,1991,45950000,
South Korea,KOR,1992,-34360000,
South Korea,KOR,1993,-58560000,
South Korea,KOR,1994,-112040000,
South Korea,KOR,1995,8490000,
South Korea,KOR,1996,-148850000,
South Korea,KOR,1997,-157030000,
South Korea,KOR,1998,-59030000,
South Korea,KOR,1999,-57600000,
South Sudan,SSD,2011,428290020,
South Sudan,SSD,2012,1235680000,
South Sudan,SSD,2013,1436380000,
South Sudan,SSD,2014,2067080100,
South Sudan,SSD,2015,1869920000,
South Sudan,SSD,2016,1806270100,
South Sudan,SSD,2017,2461140000,
South Sudan,SSD,2018,1718209900,
South Sudan,SSD,2019,1827200000,
South Sudan,SSD,2020,1958699900,
South Sudan,SSD,2021,2127760000,
South Sudan,SSD,2022,2076430000,
South and Central Asia (OECD),,1960,8493780500,
South and Central Asia (OECD),,1961,7473390000,
South and Central Asia (OECD),,1962,8652510000,
South and Central Asia (OECD),,1963,11984900000,
South and Central Asia (OECD),,1964,13679630000,
South and Central Asia (OECD),,1965,13932130000,
South and Central Asia (OECD),,1966,12883110000,
South and Central Asia (OECD),,1967,14181130000,
South and Central Asia (OECD),,1968,10080559000,
South and Central Asia (OECD),,1969,9105679000,
South and Central Asia (OECD),,1970,8818680000,
South and Central Asia (OECD),,1971,10028820000,
South and Central Asia (OECD),,1972,7779060000,
South and Central Asia (OECD),,1973,8399429600,
South and Central Asia (OECD),,1974,10851010000,
South and Central Asia (OECD),,1975,14611130000,
South and Central Asia (OECD),,1976,13690220000,
South and Central Asia (OECD),,1977,9679290000,
South and Central Asia (OECD),,1978,10145231000,
South and Central Asia (OECD),,1979,10582200000,
South and Central Asia (OECD),,1980,13011849000,
South and Central Asia (OECD),,1981,11490630000,
South and Central Asia (OECD),,1982,11868830000,
South and Central Asia (OECD),,1983,11200300000,
South and Central Asia (OECD),,1984,11143241000,
South and Central Asia (OECD),,1985,11172330000,
South and Central Asia (OECD),,1986,11004911000,
South and Central Asia (OECD),,1987,8982330000,
South and Central Asia (OECD),,1988,9756210000,
South and Central Asia (OECD),,1989,9435180000,
South and Central Asia (OECD),,1990,8119830000,
South and Central Asia (OECD),,1991,10595210000,
South and Central Asia (OECD),,1992,8367410000,
South and Central Asia (OECD),,1993,7246500000,
South and Central Asia (OECD),,1994,9131360000,
South and Central Asia (OECD),,1995,6426960000,
South and Central Asia (OECD),,1996,6992930300,
South and Central Asia (OECD),,1997,6999089700,
South and Central Asia (OECD),,1998,7332100000,
South and Central Asia (OECD),,1999,7092720000,
South and Central Asia (OECD),,2000,6856520000,
South and Central Asia (OECD),,2001,10340250000,
South and Central Asia (OECD),,2002,11761870000,
South and Central Asia (OECD),,2003,9623370000,
South and Central Asia (OECD),,2004,10948040000,
South and Central Asia (OECD),,2005,13321990000,
South and Central Asia (OECD),,2006,12523360000,
South and Central Asia (OECD),,2007,12054530000,
South and Central Asia (OECD),,2008,13930571000,
South and Central Asia (OECD),,2009,15652440000,
South and Central Asia (OECD),,2010,18840510000,
South and Central Asia (OECD),,2011,19578130000,
South and Central Asia (OECD),,2012,17337710000,
South and Central Asia (OECD),,2013,19562830000,
South and Central Asia (OECD),,2014,19307390000,
South and Central Asia (OECD),,2015,21027971000,
South and Central Asia (OECD),,2016,19182221000,
South and Central Asia (OECD),,2017,19935382000,
South and Central Asia (OECD),,2018,17139151000,
South and Central Asia (OECD),,2019,20605360000,
South and Central Asia (OECD),,2020,23441869000,
South and Central Asia (OECD),,2021,21990382000,
South and Central Asia (OECD),,2022,20639320000,
South of Sahara (OECD),,1960,5584200000,
South of Sahara (OECD),,1961,7362930000,
South of Sahara (OECD),,1962,7720520000,
South of Sahara (OECD),,1963,7465380000,
South of Sahara (OECD),,1964,8030080000,
South of Sahara (OECD),,1965,8287990300,
South of Sahara (OECD),,1966,8469920000,
South of Sahara (OECD),,1967,9365420000,
South of Sahara (OECD),,1968,8358440400,
South of Sahara (OECD),,1969,7630670000,
South of Sahara (OECD),,1970,7819870000,
South of Sahara (OECD),,1971,8400920000,
South of Sahara (OECD),,1972,8076060000,
South of Sahara (OECD),,1973,8629450000,
South of Sahara (OECD),,1974,11366810000,
South of Sahara (OECD),,1975,13126240000,
South of Sahara (OECD),,1976,11936610000,
South of Sahara (OECD),,1977,13003200000,
South of Sahara (OECD),,1978,15408420000,
South of Sahara (OECD),,1979,16910381000,
South of Sahara (OECD),,1980,18049980000,
South of Sahara (OECD),,1981,18693300000,
South of Sahara (OECD),,1982,20197750000,
South of Sahara (OECD),,1983,19797410000,
South of Sahara (OECD),,1984,21574850000,
South of Sahara (OECD),,1985,24399071000,
South of Sahara (OECD),,1986,23596610000,
South of Sahara (OECD),,1987,23253070000,
South of Sahara (OECD),,1988,24609880000,
South of Sahara (OECD),,1989,26164552000,
South of Sahara (OECD),,1990,27026770000,
South of Sahara (OECD),,1991,25946750000,
South of Sahara (OECD),,1992,26663630000,
South of Sahara (OECD),,1993,25297090000,
South of Sahara (OECD),,1994,26492670000,
South of Sahara (OECD),,1995,23031200000,
South of Sahara (OECD),,1996,20715741000,
South of Sahara (OECD),,1997,20190650000,
South of Sahara (OECD),,1998,19934180000,
South of Sahara (OECD),,1999,18323410000,
South of Sahara (OECD),,2000,19206080000,
South of Sahara (OECD),,2001,22252000000,
South of Sahara (OECD),,2002,28621801000,
South of Sahara (OECD),,2003,32966020000,
South of Sahara (OECD),,2004,31633120000,
South of Sahara (OECD),,2005,37578940000,
South of Sahara (OECD),,2006,45811680000,
South of Sahara (OECD),,2007,31965380000,
South of Sahara (OECD),,2008,36200650000,
South of Sahara (OECD),,2009,39591674000,
South of Sahara (OECD),,2010,45688672000,
South of Sahara (OECD),,2011,45507510000,
South of Sahara (OECD),,2012,46155280000,
South of Sahara (OECD),,2013,46538180000,
South of Sahara (OECD),,2014,44627538000,
South of Sahara (OECD),,2015,47325570000,
South of Sahara (OECD),,2016,46720942000,
South of Sahara (OECD),,2017,51302430000,
South of Sahara (OECD),,2018,50317967000,
South of Sahara (OECD),,2019,53673090000,
South of Sahara (OECD),,2020,66082476000,
South of Sahara (OECD),,2021,58668143000,
South of Sahara (OECD),,2022,57769030000,
Southern Africa (OECD),,1960,142590000,
Southern Africa (OECD),,1961,214890000,
Southern Africa (OECD),,1962,173090000,
Southern Africa (OECD),,1963,167380000,
Southern Africa (OECD),,1964,256049980,
Southern Africa (OECD),,1965,308230000,
Southern Africa (OECD),,1966,336600000,
Southern Africa (OECD),,1967,337960000,
Southern Africa (OECD),,1968,330829980,
Southern Africa (OECD),,1969,298190000,
Southern Africa (OECD),,1970,207360000,
Southern Africa (OECD),,1971,235870000,
Southern Africa (OECD),,1972,310620000,
Southern Africa (OECD),,1973,308450020,
Southern Africa (OECD),,1974,336320000,
Southern Africa (OECD),,1975,375690020,
Southern Africa (OECD),,1976,345260000,
Southern Africa (OECD),,1977,405800000,
Southern Africa (OECD),,1978,512710000,
Southern Africa (OECD),,1979,578680000,
Southern Africa (OECD),,1980,607130000,
Southern Africa (OECD),,1981,596020030,
Southern Africa (OECD),,1982,573010000,
Southern Africa (OECD),,1983,640000000,
Southern Africa (OECD),,1984,626140000,
Southern Africa (OECD),,1985,592550000,
Southern Africa (OECD),,1986,530140000,
Southern Africa (OECD),,1987,634410000,
Southern Africa (OECD),,1988,575310000,
Southern Africa (OECD),,1989,695750000,
Southern Africa (OECD),,1990,737970000,
Southern Africa (OECD),,1991,768980000,
Southern Africa (OECD),,1992,669090050,
Southern Africa (OECD),,1993,1173490000,
Southern Africa (OECD),,1994,1048740000,
Southern Africa (OECD),,1995,1156400000,
Southern Africa (OECD),,1996,1032640000,
Southern Africa (OECD),,1997,1318660100,
Southern Africa (OECD),,1998,1307790100,
Southern Africa (OECD),,1999,1241880000,
Southern Africa (OECD),,2000,1159150100,
Southern Africa (OECD),,2001,1063050050,
Southern Africa (OECD),,2002,1210040000,
Southern Africa (OECD),,2003,1232830000,
Southern Africa (OECD),,2004,1177089900,
Southern Africa (OECD),,2005,1131400100,
Southern Africa (OECD),,2006,1211950000,
Southern Africa (OECD),,2007,1421719900,
Southern Africa (OECD),,2008,2396240000,
Southern Africa (OECD),,2009,2123230000,
Southern Africa (OECD),,2010,2033040000,
Southern Africa (OECD),,2011,2321379800,
Southern Africa (OECD),,2012,1969880000,
Southern Africa (OECD),,2013,2253300000,
Southern Africa (OECD),,2014,1737550100,
Southern Africa (OECD),,2015,2042010000,
Southern Africa (OECD),,2016,1944420100,
Southern Africa (OECD),,2017,1804330000,
Southern Africa (OECD),,2018,1584849900,
Southern Africa (OECD),,2019,1504980000,
Southern Africa (OECD),,2020,1923150100,
Southern Africa (OECD),,2021,1712220000,
Southern Africa (OECD),,2022,1753610000,
Sri Lanka,LKA,1960,86350000,
Sri Lanka,LKA,1961,86320000,
Sri Lanka,LKA,1962,104900000,
Sri Lanka,LKA,1963,85560000,
Sri Lanka,LKA,1964,69700000,
Sri Lanka,LKA,1965,116220000,
Sri Lanka,LKA,1966,229590000,
Sri Lanka,LKA,1967,336450020,
Sri Lanka,LKA,1968,369269980,
Sri Lanka,LKA,1969,343450020,
Sri Lanka,LKA,1970,338050000,
Sri Lanka,LKA,1971,339850020,
Sri Lanka,LKA,1972,309869980,
Sri Lanka,LKA,1973,264019980,
Sri Lanka,LKA,1974,318070000,
Sri Lanka,LKA,1975,539110000,
Sri Lanka,LKA,1976,592570000,
Sri Lanka,LKA,1977,595970000,
Sri Lanka,LKA,1978,870539970,
Sri Lanka,LKA,1979,799000000,
Sri Lanka,LKA,1980,913340000,
Sri Lanka,LKA,1981,885870000,
Sri Lanka,LKA,1982,989020000,
Sri Lanka,LKA,1983,1104090000,
Sri Lanka,LKA,1984,1098970000,
Sri Lanka,LKA,1985,1104730000,
Sri Lanka,LKA,1986,1011240000,
Sri Lanka,LKA,1987,735570000,
Sri Lanka,LKA,1988,868650050,
Sri Lanka,LKA,1989,829000000,
Sri Lanka,LKA,1990,903390000,
Sri Lanka,LKA,1991,997810000,
Sri Lanka,LKA,1992,702400000,
Sri Lanka,LKA,1993,736950000,
Sri Lanka,LKA,1994,601430000,
Sri Lanka,LKA,1995,461060000,
Sri Lanka,LKA,1996,389610000,
Sri Lanka,LKA,1997,296149980,
Sri Lanka,LKA,1998,372320000,
Sri Lanka,LKA,1999,193650000,
Sri Lanka,LKA,2000,233670000,
Sri Lanka,LKA,2001,307220000,
Sri Lanka,LKA,2002,321070000,
Sri Lanka,LKA,2003,625040000,
Sri Lanka,LKA,2004,433010020,
Sri Lanka,LKA,2005,1146830000,
Sri Lanka,LKA,2006,738750000,
Sri Lanka,LKA,2007,453650000,
Sri Lanka,LKA,2008,534730000,
Sri Lanka,LKA,2009,471400000,
Sri Lanka,LKA,2010,525750000,
Sri Lanka,LKA,2011,530669980,
Sri Lanka,LKA,2012,416890020,
Sri Lanka,LKA,2013,376100000,
Sri Lanka,LKA,2014,459429980,
Sri Lanka,LKA,2015,475709980,
Sri Lanka,LKA,2016,413180000,
Sri Lanka,LKA,2017,335560000,
Sri Lanka,LKA,2018,-257940000,
Sri Lanka,LKA,2019,195010000,
Sri Lanka,LKA,2020,210900000,
Sri Lanka,LKA,2021,155510000,
Sri Lanka,LKA,2022,11010000,
"States of the former Yugoslavia, unspecified (OECD)",,1960,564490000,
"States of the former Yugoslavia, unspecified (OECD)",,1961,1490340000,
"States of the former Yugoslavia, unspecified (OECD)",,1962,1352640000,
"States of the former Yugoslavia, unspecified (OECD)",,1963,1225110000,
"States of the former Yugoslavia, unspecified (OECD)",,1964,772880000,
"States of the former Yugoslavia, unspecified (OECD)",,1965,561150000,
"States of the former Yugoslavia, unspecified (OECD)",,1966,879310000,
"States of the former Yugoslavia, unspecified (OECD)",,1967,41750000,
"States of the former Yugoslavia, unspecified (OECD)",,1968,-50680000,
"States of the former Yugoslavia, unspecified (OECD)",,1969,90650000,
"States of the former Yugoslavia, unspecified (OECD)",,1970,-246000000,
"States of the former Yugoslavia, unspecified (OECD)",,1971,-14970000,
"States of the former Yugoslavia, unspecified (OECD)",,1972,195830000,
"States of the former Yugoslavia, unspecified (OECD)",,1973,538539970,
"States of the former Yugoslavia, unspecified (OECD)",,1974,200650000,
"States of the former Yugoslavia, unspecified (OECD)",,1975,73610000,
"States of the former Yugoslavia, unspecified (OECD)",,1976,99240000,
"States of the former Yugoslavia, unspecified (OECD)",,1977,-19970000,
"States of the former Yugoslavia, unspecified (OECD)",,1978,-158290000,
"States of the former Yugoslavia, unspecified (OECD)",,1979,-96910000,
"States of the former Yugoslavia, unspecified (OECD)",,1980,-49960000,
"States of the former Yugoslavia, unspecified (OECD)",,1981,-40200000,
"States of the former Yugoslavia, unspecified (OECD)",,1982,-19080000,
"States of the former Yugoslavia, unspecified (OECD)",,1983,16810000,
"States of the former Yugoslavia, unspecified (OECD)",,1984,7330000,
"States of the former Yugoslavia, unspecified (OECD)",,1985,30610000,
"States of the former Yugoslavia, unspecified (OECD)",,1986,39210000,
"States of the former Yugoslavia, unspecified (OECD)",,1987,62950000,
"States of the former Yugoslavia, unspecified (OECD)",,1988,74510000,
"States of the former Yugoslavia, unspecified (OECD)",,1989,70940000,
"States of the former Yugoslavia, unspecified (OECD)",,1990,65910004,
"States of the former Yugoslavia, unspecified (OECD)",,1991,225620000,
"States of the former Yugoslavia, unspecified (OECD)",,1992,1977890000,
"States of the former Yugoslavia, unspecified (OECD)",,1993,3685260000,
"States of the former Yugoslavia, unspecified (OECD)",,1994,1451569900,
"States of the former Yugoslavia, unspecified (OECD)",,1995,580630000,
"States of the former Yugoslavia, unspecified (OECD)",,1996,400490000,
"States of the former Yugoslavia, unspecified (OECD)",,1997,96440000,
"States of the former Yugoslavia, unspecified (OECD)",,1998,156910000,
"States of the former Yugoslavia, unspecified (OECD)",,1999,639780030,
"States of the former Yugoslavia, unspecified (OECD)",,2000,499790000,
"States of the former Yugoslavia, unspecified (OECD)",,2001,245280000,
"States of the former Yugoslavia, unspecified (OECD)",,2002,1374040000,
"States of the former Yugoslavia, unspecified (OECD)",,2003,155160000,
"States of the former Yugoslavia, unspecified (OECD)",,2004,113830000,
"States of the former Yugoslavia, unspecified (OECD)",,2005,72480000,
"States of the former Yugoslavia, unspecified (OECD)",,2006,178150000,
"States of the former Yugoslavia, unspecified (OECD)",,2007,46280000,
"States of the former Yugoslavia, unspecified (OECD)",,2008,46040000,
"States of the former Yugoslavia, unspecified (OECD)",,2009,16570000,
"States of the former Yugoslavia, unspecified (OECD)",,2010,17200000,
"States of the former Yugoslavia, unspecified (OECD)",,2011,14710000,
"States of the former Yugoslavia, unspecified (OECD)",,2012,3660000,
"States of the former Yugoslavia, unspecified (OECD)",,2013,3980000,
"States of the former Yugoslavia, unspecified (OECD)",,2014,8250000,
"States of the former Yugoslavia, unspecified (OECD)",,2015,6900000,
"States of the former Yugoslavia, unspecified (OECD)",,2016,6750000,
"States of the former Yugoslavia, unspecified (OECD)",,2017,6270000,
"States of the former Yugoslavia, unspecified (OECD)",,2018,5830000,
"States of the former Yugoslavia, unspecified (OECD)",,2019,10000000,
"States of the former Yugoslavia, unspecified (OECD)",,2020,11690000,
"States of the former Yugoslavia, unspecified (OECD)",,2021,24260000,
"States of the former Yugoslavia, unspecified (OECD)",,2022,17040000,
Sudan,SDN,1960,234030000,
Sudan,SDN,1961,98830000,
Sudan,SDN,1962,61270000,
Sudan,SDN,1963,115240000,
Sudan,SDN,1964,160610000,
Sudan,SDN,1965,209470000,
Sudan,SDN,1966,274520000,
Sudan,SDN,1967,107220000,
Sudan,SDN,1968,237510000,
Sudan,SDN,1969,62570000,
Sudan,SDN,1970,54810000,
Sudan,SDN,1971,59200000,
Sudan,SDN,1972,357829980,
Sudan,SDN,1973,183640000,
Sudan,SDN,1974,912520000,
Sudan,SDN,1975,1135420000,
Sudan,SDN,1976,999860000,
Sudan,SDN,1977,1054829950,
Sudan,SDN,1978,1117060100,
Sudan,SDN,1979,1821500000,
Sudan,SDN,1980,1631610000,
Sudan,SDN,1981,1608360000,
Sudan,SDN,1982,1945350000,
Sudan,SDN,1983,2489550000,
Sudan,SDN,1984,1622060000,
Sudan,SDN,1985,2944020000,
Sudan,SDN,1986,2043590000,
Sudan,SDN,1987,1634010000,
Sudan,SDN,1988,1614170000,
Sudan,SDN,1989,1312610000,
Sudan,SDN,1990,1354970000,
Sudan,SDN,1991,1308119900,
Sudan,SDN,1992,752330050,
Sudan,SDN,1993,663210050,
Sudan,SDN,1994,581870000,
Sudan,SDN,1995,304580000,
Sudan,SDN,1996,291380000,
Sudan,SDN,1997,210510000,
Sudan,SDN,1998,328000000,
Sudan,SDN,1999,387130020,
Sudan,SDN,2000,355730020,
Sudan,SDN,2001,319850020,
Sudan,SDN,2002,482989980,
Sudan,SDN,2003,855890000,
Sudan,SDN,2004,1306080000,
Sudan,SDN,2005,2328370200,
Sudan,SDN,2006,2478760000,
Sudan,SDN,2007,2373920000,
Sudan,SDN,2008,2768310000,
Sudan,SDN,2009,2655760100,
Sudan,SDN,2010,2220600000,
Sudan,SDN,2011,1828520100,
Sudan,SDN,2012,1415200000,
Sudan,SDN,2013,1636240000,
Sudan,SDN,2014,895780030,
Sudan,SDN,2015,1069339970,
Sudan,SDN,2016,900660000,
Sudan,SDN,2017,933940030,
Sudan,SDN,2018,1013600000,
Sudan,SDN,2019,1638310000,
Sudan,SDN,2020,2430270000,
Sudan,SDN,2021,3754800000,
Sudan,SDN,2022,1545460000,
Suriname,SUR,1960,126660000,
Suriname,SUR,1961,139550000,
Suriname,SUR,1962,115940000,
Suriname,SUR,1963,167060000,
Suriname,SUR,1964,131850010,
Suriname,SUR,1965,166440000,
Suriname,SUR,1966,30300000,
Suriname,SUR,1967,31770000,
Suriname,SUR,1968,160310000,
Suriname,SUR,1969,151250000,
Suriname,SUR,1970,205640000,
Suriname,SUR,1971,198660000,
Suriname,SUR,1972,218460000,
Suriname,SUR,1973,150440000,
Suriname,SUR,1974,212170000,
Suriname,SUR,1975,197840000,
Suriname,SUR,1976,371740000,
Suriname,SUR,1977,282300000,
Suriname,SUR,1978,172340000,
Suriname,SUR,1979,219330000,
Suriname,SUR,1980,180700000,
Suriname,SUR,1981,251690000,
Suriname,SUR,1982,268209980,
Suriname,SUR,1983,12380000,
Suriname,SUR,1984,16049999,
Suriname,SUR,1985,26910000,
Suriname,SUR,1986,29830000,
Suriname,SUR,1987,35220000,
Suriname,SUR,1988,39170000,
Suriname,SUR,1989,98070000,
Suriname,SUR,1990,99160000,
Suriname,SUR,1991,66760004,
Suriname,SUR,1992,120510000,
Suriname,SUR,1993,121600000,
Suriname,SUR,1994,90890000,
Suriname,SUR,1995,101220000,
Suriname,SUR,1996,146210000,
Suriname,SUR,1997,111830000,
Suriname,SUR,1998,82400000,
Suriname,SUR,1999,51760000,
Suriname,SUR,2000,49800000,
Suriname,SUR,2001,39320000,
Suriname,SUR,2002,19040000,
Suriname,SUR,2003,14460000,
Suriname,SUR,2004,28360000,
Suriname,SUR,2005,49000000,
Suriname,SUR,2006,68740000,
Suriname,SUR,2007,144210000,
Suriname,SUR,2008,90700000,
Suriname,SUR,2009,146020000,
Suriname,SUR,2010,99070000,
Suriname,SUR,2011,70460000,
Suriname,SUR,2012,39310000,
Suriname,SUR,2013,28580000,
Suriname,SUR,2014,12510000,
Suriname,SUR,2015,17600000,
Suriname,SUR,2016,18210000,
Suriname,SUR,2017,21410000,
Suriname,SUR,2018,14290000,
Suriname,SUR,2019,24020000,
Suriname,SUR,2020,27670000,
Suriname,SUR,2021,27690000,
Suriname,SUR,2022,54830000,
Syria,SYR,1960,143400000,
Syria,SYR,1961,125540000,
Syria,SYR,1962,186000000,
Syria,SYR,1963,22280000,
Syria,SYR,1964,36590000,
Syria,SYR,1965,30280000,
Syria,SYR,1966,147590000,
Syria,SYR,1967,41310000,
Syria,SYR,1968,35900000,
Syria,SYR,1969,73210000,
Syria,SYR,1970,147040000,
Syria,SYR,1971,134300000,
Syria,SYR,1972,306480000,
Syria,SYR,1973,2046900000,
Syria,SYR,1974,3372080000,
Syria,SYR,1975,3200120000,
Syria,SYR,1976,2966420000,
Syria,SYR,1977,3571760000,
Syria,SYR,1978,2772810000,
Syria,SYR,1979,5446310000,
Syria,SYR,1980,4638020000,
Syria,SYR,1981,4495640000,
Syria,SYR,1982,2946379800,
Syria,SYR,1983,2258050000,
Syria,SYR,1984,1668250000,
Syria,SYR,1985,1579530000,
Syria,SYR,1986,1536040100,
Syria,SYR,1987,1412490000,
Syria,SYR,1988,243930000,
Syria,SYR,1989,187170000,
Syria,SYR,1990,1351060100,
Syria,SYR,1991,725110000,
Syria,SYR,1992,266720000,
Syria,SYR,1993,317020000,
Syria,SYR,1994,794349950,
Syria,SYR,1995,361040000,
Syria,SYR,1996,256850000,
Syria,SYR,1997,236890000,
Syria,SYR,1998,193740000,
Syria,SYR,1999,239120000,
Syria,SYR,2000,193540000,
Syria,SYR,2001,263519980,
Syria,SYR,2002,84720000,
Syria,SYR,2003,154690000,
Syria,SYR,2004,130369990,
Syria,SYR,2005,93120000,
Syria,SYR,2006,27130000,
Syria,SYR,2007,87560000,
Syria,SYR,2008,161090000,
Syria,SYR,2009,131590000,
Syria,SYR,2010,144190000,
Syria,SYR,2011,278709980,
Syria,SYR,2012,1296900000,
Syria,SYR,2013,3128810000,
Syria,SYR,2014,3460650000,
Syria,SYR,2015,4522520000,
Syria,SYR,2016,8002130000,
Syria,SYR,2017,9630910000,
Syria,SYR,2018,9928710000,
Syria,SYR,2019,10269550000,
Syria,SYR,2020,10640621000,
Syria,SYR,2021,9956030000,
Syria,SYR,2022,7181390300,
Taiwan,TWN,1960,782580030,
Taiwan,TWN,1961,851800000,
Taiwan,TWN,1962,583410000,
Taiwan,TWN,1963,568040000,
Taiwan,TWN,1964,374740000,
Taiwan,TWN,1965,413130020,
Taiwan,TWN,1966,488580000,
Taiwan,TWN,1967,415620000,
Taiwan,TWN,1968,312780000,
Taiwan,TWN,1969,134920000,
Taiwan,TWN,1970,64900000,
Taiwan,TWN,1971,59270000,
Taiwan,TWN,1972,31930000,
Taiwan,TWN,1973,-107750000,
Taiwan,TWN,1974,-68210000,
Taiwan,TWN,1975,-72110000,
Taiwan,TWN,1976,-69300000,
Taiwan,TWN,1977,64500000,
Taiwan,TWN,1978,25370000,
Taiwan,TWN,1979,9950000,
Taiwan,TWN,1980,-13650000,
Taiwan,TWN,1981,17650000,
Taiwan,TWN,1982,-13940000,
Taiwan,TWN,1983,22370000,
Taiwan,TWN,1984,17720000,
Taiwan,TWN,1985,-22270000,
Taiwan,TWN,1986,-21590000,
Taiwan,TWN,1987,-17470000,
Taiwan,TWN,1988,-13480000,
Taiwan,TWN,1989,2430000,
Taiwan,TWN,1990,53300000,
Taiwan,TWN,1991,2820000,
Taiwan,TWN,1992,4900000,
Taiwan,TWN,1993,8430000,
Taiwan,TWN,1994,4990000,
Taiwan,TWN,1995,-3490000,
Taiwan,TWN,1996,8210000,
Tajikistan,TJK,1992,21210000,
Tajikistan,TJK,1993,45020000,
Tajikistan,TJK,1994,102060000,
Tajikistan,TJK,1995,91770000,
Tajikistan,TJK,1996,143490000,
Tajikistan,TJK,1997,126500000,
Tajikistan,TJK,1998,234930000,
Tajikistan,TJK,1999,165690000,
Tajikistan,TJK,2000,171610000,
Tajikistan,TJK,2001,257260020,
Tajikistan,TJK,2002,224140000,
Tajikistan,TJK,2003,186570000,
Tajikistan,TJK,2004,289970020,
Tajikistan,TJK,2005,276930000,
Tajikistan,TJK,2006,242160000,
Tajikistan,TJK,2007,171180000,
Tajikistan,TJK,2008,217190000,
Tajikistan,TJK,2009,258000000,
Tajikistan,TJK,2010,394790000,
Tajikistan,TJK,2011,263660000,
Tajikistan,TJK,2012,375770000,
Tajikistan,TJK,2013,370970020,
Tajikistan,TJK,2014,332510000,
Tajikistan,TJK,2015,447780000,
Tajikistan,TJK,2016,376050000,
Tajikistan,TJK,2017,335000000,
Tajikistan,TJK,2018,401840000,
Tajikistan,TJK,2019,364589980,
Tajikistan,TJK,2020,714010000,
Tajikistan,TJK,2021,535970000,
Tajikistan,TJK,2022,593220000,
Tanzania,TZA,1960,108150000,
Tanzania,TZA,1961,386190000,
Tanzania,TZA,1962,440970020,
Tanzania,TZA,1963,283520000,
Tanzania,TZA,1964,381700000,
Tanzania,TZA,1965,309269980,
Tanzania,TZA,1966,260000000,
Tanzania,TZA,1967,299520000,
Tanzania,TZA,1968,295530000,
Tanzania,TZA,1969,252870000,
Tanzania,TZA,1970,348120000,
Tanzania,TZA,1971,391010020,
Tanzania,TZA,1972,339070000,
Tanzania,TZA,1973,464380000,
Tanzania,TZA,1974,688299970,
Tanzania,TZA,1975,1110010000,
Tanzania,TZA,1976,959310000,
Tanzania,TZA,1977,1140119900,
Tanzania,TZA,1978,1245950000,
Tanzania,TZA,1979,1500100000,
Tanzania,TZA,1980,1590120000,
Tanzania,TZA,1981,1758490000,
Tanzania,TZA,1982,1781480000,
Tanzania,TZA,1983,1604960000,
Tanzania,TZA,1984,1570240000,
Tanzania,TZA,1985,1372380000,
Tanzania,TZA,1986,1506270100,
Tanzania,TZA,1987,1704920000,
Tanzania,TZA,1988,1735080000,
Tanzania,TZA,1989,1587690000,
Tanzania,TZA,1990,1809969900,
Tanzania,TZA,1991,1609520000,
Tanzania,TZA,1992,1899270000,
Tanzania,TZA,1993,1421700000,
Tanzania,TZA,1994,1364270100,
Tanzania,TZA,1995,1093830000,
Tanzania,TZA,1996,1125000000,
Tanzania,TZA,1997,1343410000,
Tanzania,TZA,1998,1419630000,
Tanzania,TZA,1999,1436080000,
Tanzania,TZA,2000,1497329900,
Tanzania,TZA,2001,1838949900,
Tanzania,TZA,2002,1918430100,
Tanzania,TZA,2003,2239030000,
Tanzania,TZA,2004,2099560100,
Tanzania,TZA,2005,1728459900,
Tanzania,TZA,2006,2127520000,
Tanzania,TZA,2007,2303510000,
Tanzania,TZA,2008,1911780000,
Tanzania,TZA,2009,2428810000,
Tanzania,TZA,2010,3135020000,
Tanzania,TZA,2011,2465230000,
Tanzania,TZA,2012,2890640000,
Tanzania,TZA,2013,3499560000,
Tanzania,TZA,2014,2680139800,
Tanzania,TZA,2015,2833389800,
Tanzania,TZA,2016,2548680000,
Tanzania,TZA,2017,2839490000,
Tanzania,TZA,2018,2597280000,
Tanzania,TZA,2019,2284980000,
Tanzania,TZA,2020,2394760000,
Tanzania,TZA,2021,2571400000,
Tanzania,TZA,2022,2643730000,
Thailand,THA,1960,334790000,
Thailand,THA,1961,223640000,
Thailand,THA,1962,291269980,
Thailand,THA,1963,274410020,
Thailand,THA,1964,233370000,
Thailand,THA,1965,379320000,
Thailand,THA,1966,325860000,
Thailand,THA,1967,414950000,
Thailand,THA,1968,433240000,
Thailand,THA,1969,437700000,
Thailand,THA,1970,482440000,
Thailand,THA,1971,370790000,
Thailand,THA,1972,292980000,
Thailand,THA,1973,285820000,
Thailand,THA,1974,302940000,
Thailand,THA,1975,307530000,
Thailand,THA,1976,599970000,
Thailand,THA,1977,413460000,
Thailand,THA,1978,668270000,
Thailand,THA,1979,896150000,
Thailand,THA,1980,910440000,
Thailand,THA,1981,870160000,
Thailand,THA,1982,892100000,
Thailand,THA,1983,911780030,
Thailand,THA,1984,1016040000,
Thailand,THA,1985,996290000,
Thailand,THA,1986,782400000,
Thailand,THA,1987,660040000,
Thailand,THA,1988,669430000,
Thailand,THA,1989,862310000,
Thailand,THA,1990,1023680000,
Thailand,THA,1991,874170000,
Thailand,THA,1992,835990000,
Thailand,THA,1993,637080000,
Thailand,THA,1994,571750000,
Thailand,THA,1995,681020000,
Thailand,THA,1996,728080000,
Thailand,THA,1997,623620000,
Thailand,THA,1998,715909950,
Thailand,THA,1999,903810000,
Thailand,THA,2000,596219970,
Thailand,THA,2001,317530000,
Thailand,THA,2002,326510000,
Thailand,THA,2003,-747680000,
Thailand,THA,2004,92870000,
Thailand,THA,2005,-73630000,
Thailand,THA,2006,-124900000,
Thailand,THA,2007,-231740000,
Thailand,THA,2008,-443740000,
Thailand,THA,2009,25840000,
Thailand,THA,2010,41370000,
Thailand,THA,2011,-70910000,
Thailand,THA,2012,-32500000,
Thailand,THA,2013,78790000,
Thailand,THA,2014,334510000,
Thailand,THA,2015,80520000,
Thailand,THA,2016,224240000,
Thailand,THA,2017,253870000,
Thailand,THA,2018,-333420000,
Thailand,THA,2019,-258630000,
Thailand,THA,2020,203360000,
Thailand,THA,2021,140680000,
Thailand,THA,2022,554000000,
Togo,TGO,1960,970000,
Togo,TGO,1961,22600000,
Togo,TGO,1962,37640000,
Togo,TGO,1963,53980000,
Togo,TGO,1964,110160000,
Togo,TGO,1965,97450000,
Togo,TGO,1966,84240000,
Togo,TGO,1967,96270000,
Togo,TGO,1968,133039990,
Togo,TGO,1969,115410000,
Togo,TGO,1970,116830000,
Togo,TGO,1971,119520000,
Togo,TGO,1972,120750000,
Togo,TGO,1973,123540000,
Togo,TGO,1974,168060000,
Togo,TGO,1975,155190000,
Togo,TGO,1976,162730000,
Togo,TGO,1977,214350000,
Togo,TGO,1978,292730020,
Togo,TGO,1979,283850020,
Togo,TGO,1980,208320000,
Togo,TGO,1981,155880000,
Togo,TGO,1982,196830000,
Togo,TGO,1983,292360000,
Togo,TGO,1984,300269980,
Togo,TGO,1985,298589980,
Togo,TGO,1986,351530000,
Togo,TGO,1987,220140000,
Togo,TGO,1988,341560000,
Togo,TGO,1989,335460000,
Togo,TGO,1990,381960000,
Togo,TGO,1991,288309980,
Togo,TGO,1992,308029980,
Togo,TGO,1993,133890000,
Togo,TGO,1994,169940000,
Togo,TGO,1995,233640000,
Togo,TGO,1996,181460000,
Togo,TGO,1997,157250000,
Togo,TGO,1998,173480000,
Togo,TGO,1999,95930000,
Togo,TGO,2000,102330000,
Togo,TGO,2001,72090000,
Togo,TGO,2002,78260000,
Togo,TGO,2003,65300004,
Togo,TGO,2004,77360000,
Togo,TGO,2005,94440000,
Togo,TGO,2006,87470000,
Togo,TGO,2007,124050000,
Togo,TGO,2008,259450020,
Togo,TGO,2009,497120000,
Togo,TGO,2010,392340000,
Togo,TGO,2011,510220000,
Togo,TGO,2012,235320000,
Togo,TGO,2013,215670000,
Togo,TGO,2014,201490000,
Togo,TGO,2015,218270000,
Togo,TGO,2016,183540000,
Togo,TGO,2017,366530000,
Togo,TGO,2018,340400000,
Togo,TGO,2019,420630000,
Togo,TGO,2020,571270000,
Togo,TGO,2021,334800000,
Togo,TGO,2022,428470000,
Tokelau,TKL,1972,3140000,
Tokelau,TKL,1973,2680000,
Tokelau,TKL,1974,5030000,
Tokelau,TKL,1975,1220000,
Tokelau,TKL,1976,7010000,
Tokelau,TKL,1977,5980000,
Tokelau,TKL,1978,4060000,
Tokelau,TKL,1979,6770000,
Tokelau,TKL,1980,6570000,
Tokelau,TKL,1981,4730000,
Tokelau,TKL,1982,6550000,
Tokelau,TKL,1983,6330000,
Tokelau,TKL,1984,7030000,
Tokelau,TKL,1985,6610000,
Tokelau,TKL,1986,5820000,
Tokelau,TKL,1987,4300000,
Tokelau,TKL,1988,7540000,
Tokelau,TKL,1989,9650000,
Tokelau,TKL,1990,9750000,
Tokelau,TKL,1991,9220000,
Tokelau,TKL,1992,9410000,
Tokelau,TKL,1993,6030000,
Tokelau,TKL,1994,5890000,
Tokelau,TKL,1995,6440000,
Tokelau,TKL,1996,7900000,
Tokelau,TKL,1997,7470000,
Tokelau,TKL,1998,7390000,
Tokelau,TKL,1999,9750000,
Tokelau,TKL,2000,8290000,
Tokelau,TKL,2001,9560000,
Tokelau,TKL,2002,10540000,
Tokelau,TKL,2003,11230000,
Tokelau,TKL,2004,12620000,
Tokelau,TKL,2005,21880000,
Tokelau,TKL,2006,15730000,
Tokelau,TKL,2007,15720000,
Tokelau,TKL,2008,26800000,
Tokelau,TKL,2009,13320000,
Tokelau,TKL,2010,16680000,
Tokelau,TKL,2011,20200000,
Tokelau,TKL,2012,18640000,
Tokelau,TKL,2013,23060000,
Tokelau,TKL,2014,17380000,
Tokelau,TKL,2015,9620000,
Tokelau,TKL,2016,15570000,
Tokelau,TKL,2017,7600000,
Tokelau,TKL,2018,28350000,
Tokelau,TKL,2019,20360000,
Tokelau,TKL,2020,17380000,
Tokelau,TKL,2021,14280000,
Tokelau,TKL,2022,8870000,
Tonga,TON,1960,80000,
Tonga,TON,1961,160000,
Tonga,TON,1962,560000,
Tonga,TON,1963,390000,
Tonga,TON,1964,460000,
Tonga,TON,1965,4070000.2,
Tonga,TON,1966,4840000,
Tonga,TON,1967,10060000,
Tonga,TON,1968,12630000,
Tonga,TON,1969,4980000,
Tonga,TON,1970,10610000,
Tonga,TON,1971,5100000,
Tonga,TON,1972,7740000,
Tonga,TON,1973,7720000,
Tonga,TON,1974,14610000,
Tonga,TON,1975,15780000,
Tonga,TON,1976,19640000,
Tonga,TON,1977,27180000,
Tonga,TON,1978,29320000,
Tonga,TON,1979,62220000,
Tonga,TON,1980,40730000,
Tonga,TON,1981,43820000,
Tonga,TON,1982,47330000,
Tonga,TON,1983,48160000,
Tonga,TON,1984,40880000,
Tonga,TON,1985,39730000,
Tonga,TON,1986,33560000,
Tonga,TON,1987,41870000,
Tonga,TON,1988,32259998,
Tonga,TON,1989,40600000,
Tonga,TON,1990,43120000,
Tonga,TON,1991,29300000,
Tonga,TON,1992,36890000,
Tonga,TON,1993,42170000,
Tonga,TON,1994,43320000,
Tonga,TON,1995,40440000,
Tonga,TON,1996,38510000,
Tonga,TON,1997,37580000,
Tonga,TON,1998,34290000,
Tonga,TON,1999,31500000,
Tonga,TON,2000,26930000,
Tonga,TON,2001,32849998,
Tonga,TON,2002,32779998,
Tonga,TON,2003,32430000,
Tonga,TON,2004,27790000,
Tonga,TON,2005,38570000,
Tonga,TON,2006,28930000,
Tonga,TON,2007,32710000,
Tonga,TON,2008,28000000,
Tonga,TON,2009,38450000,
Tonga,TON,2010,61450000,
Tonga,TON,2011,76890000,
Tonga,TON,2012,69620000,
Tonga,TON,2013,76840000,
Tonga,TON,2014,75490000,
Tonga,TON,2015,75230000,
Tonga,TON,2016,88850000,
Tonga,TON,2017,89430000,
Tonga,TON,2018,100320000,
Tonga,TON,2019,112360000,
Tonga,TON,2020,166750000,
Tonga,TON,2021,108400000,
Tonga,TON,2022,295050000,
Trinidad and Tobago,TTO,1961,820000,
Trinidad and Tobago,TTO,1962,5260000,
Trinidad and Tobago,TTO,1963,90500000,
Trinidad and Tobago,TTO,1964,94890000,
Trinidad and Tobago,TTO,1965,114060000,
Trinidad and Tobago,TTO,1966,66830000,
Trinidad and Tobago,TTO,1967,39820000,
Trinidad and Tobago,TTO,1968,31680000,
Trinidad and Tobago,TTO,1969,52810000,
Trinidad and Tobago,TTO,1970,38030000,
Trinidad and Tobago,TTO,1971,26180000,
Trinidad and Tobago,TTO,1972,17540000,
Trinidad and Tobago,TTO,1973,10950000,
Trinidad and Tobago,TTO,1974,15110000,
Trinidad and Tobago,TTO,1975,17790000,
Trinidad and Tobago,TTO,1976,15420000,
Trinidad and Tobago,TTO,1977,7070000,
Trinidad and Tobago,TTO,1978,9880000,
Trinidad and Tobago,TTO,1979,8840000,
Trinidad and Tobago,TTO,1980,8680000,
Trinidad and Tobago,TTO,1981,-5420000,
Trinidad and Tobago,TTO,1982,12450000,
Trinidad and Tobago,TTO,1983,15720000,
Trinidad and Tobago,TTO,1984,14090000,
Trinidad and Tobago,TTO,1985,21200000,
Trinidad and Tobago,TTO,1986,42670000,
Trinidad and Tobago,TTO,1987,62620000,
Trinidad and Tobago,TTO,1988,11530000,
Trinidad and Tobago,TTO,1989,8770000,
Trinidad and Tobago,TTO,1990,26040000,
Trinidad and Tobago,TTO,1991,-2920000,
Trinidad and Tobago,TTO,1992,8860000,
Trinidad and Tobago,TTO,1993,2160000,
Trinidad and Tobago,TTO,1994,27830000,
Trinidad and Tobago,TTO,1995,30540000,
Trinidad and Tobago,TTO,1996,19090000,
Trinidad and Tobago,TTO,1997,46570000,
Trinidad and Tobago,TTO,1998,20310000,
Trinidad and Tobago,TTO,1999,38290000,
Trinidad and Tobago,TTO,2000,-4640000,
Trinidad and Tobago,TTO,2001,-11520000,
Trinidad and Tobago,TTO,2002,-16080000,
Trinidad and Tobago,TTO,2003,-4570000,
Trinidad and Tobago,TTO,2004,-1420000,
Trinidad and Tobago,TTO,2005,-2610000,
Trinidad and Tobago,TTO,2006,13260000,
Trinidad and Tobago,TTO,2007,20270000,
Trinidad and Tobago,TTO,2008,8640000,
Trinidad and Tobago,TTO,2009,7040000,
Trinidad and Tobago,TTO,2010,4720000,
Tunisia,TUN,1960,395280000,
Tunisia,TUN,1961,722900030,
Tunisia,TUN,1962,532909980,
Tunisia,TUN,1963,667500000,
Tunisia,TUN,1964,515869980,
Tunisia,TUN,1965,654450000,
Tunisia,TUN,1966,590520000,
Tunisia,TUN,1967,652789950,
Tunisia,TUN,1968,466340000,
Tunisia,TUN,1969,745840000,
Tunisia,TUN,1970,720090050,
Tunisia,TUN,1971,639240000,
Tunisia,TUN,1972,606940000,
Tunisia,TUN,1973,623700030,
Tunisia,TUN,1974,744789950,
Tunisia,TUN,1975,783120000,
Tunisia,TUN,1976,788690000,
Tunisia,TUN,1977,799099970,
Tunisia,TUN,1978,883520000,
Tunisia,TUN,1979,504480000,
Tunisia,TUN,1980,535640000,
Tunisia,TUN,1981,599700030,
Tunisia,TUN,1982,530989980,
Tunisia,TUN,1983,538460000,
Tunisia,TUN,1984,473480000,
Tunisia,TUN,1985,439700000,
Tunisia,TUN,1986,466790000,
Tunisia,TUN,1987,514240000,
Tunisia,TUN,1988,531170000,
Tunisia,TUN,1989,475970020,
Tunisia,TUN,1990,575340000,
Tunisia,TUN,1991,498090000,
Tunisia,TUN,1992,509040000,
Tunisia,TUN,1993,345760000,
Tunisia,TUN,1994,145170000,
Tunisia,TUN,1995,89320000,
Tunisia,TUN,1996,153610000,
Tunisia,TUN,1997,263180000,
Tunisia,TUN,1998,191110000,
Tunisia,TUN,1999,344680000,
Tunisia,TUN,2000,299540000,
Tunisia,TUN,2001,540110000,
Tunisia,TUN,2002,292149980,
Tunisia,TUN,2003,339080000,
Tunisia,TUN,2004,347740000,
Tunisia,TUN,2005,380690020,
Tunisia,TUN,2006,455780000,
Tunisia,TUN,2007,307500000,
Tunisia,TUN,2008,334670000,
Tunisia,TUN,2009,449480000,
Tunisia,TUN,2010,513840030,
Tunisia,TUN,2011,821480000,
Tunisia,TUN,2012,1015620000,
Tunisia,TUN,2013,664730000,
Tunisia,TUN,2014,799190000,
Tunisia,TUN,2015,558619970,
Tunisia,TUN,2016,718219970,
Tunisia,TUN,2017,864070000,
Tunisia,TUN,2018,809060000,
Tunisia,TUN,2019,1004520000,
Tunisia,TUN,2020,983789950,
Tunisia,TUN,2021,1035360000,
Tunisia,TUN,2022,1212300000,
Turkey,TUR,1960,1049349950,
Turkey,TUR,1961,1433819900,
Turkey,TUR,1962,1687500000,
Turkey,TUR,1963,1662910100,
Turkey,TUR,1964,1180710000,
Turkey,TUR,1965,1391210000,
Turkey,TUR,1966,1498839900,
Turkey,TUR,1967,1439370000,
Turkey,TUR,1968,1263150100,
Turkey,TUR,1969,1141200000,
Turkey,TUR,1970,1132310000,
Turkey,TUR,1971,1222610000,
Turkey,TUR,1972,1267560100,
Turkey,TUR,1973,391700000,
Turkey,TUR,1974,196890000,
Turkey,TUR,1975,215110000,
Turkey,TUR,1976,511790000,
Turkey,TUR,1977,321000000,
Turkey,TUR,1978,449090000,
Turkey,TUR,1979,1522390000,
Turkey,TUR,1980,2367210000,
Turkey,TUR,1981,1838820000,
Turkey,TUR,1982,1665170000,
Turkey,TUR,1983,913930000,
Turkey,TUR,1984,604310000,
Turkey,TUR,1985,472520000,
Turkey,TUR,1986,690349950,
Turkey,TUR,1987,544909950,
Turkey,TUR,1988,357470000,
Turkey,TUR,1989,190110000,
Turkey,TUR,1990,1781490000,
Turkey,TUR,1991,2248390000,
Turkey,TUR,1992,433620000,
Turkey,TUR,1993,678880000,
Turkey,TUR,1994,230910000,
Turkey,TUR,1995,413630000,
Turkey,TUR,1996,271869980,
Turkey,TUR,1997,-6130000,
Turkey,TUR,1998,35770000,
Turkey,TUR,1999,42320000,
Turkey,TUR,2000,415090000,
Turkey,TUR,2001,282860000,
Turkey,TUR,2002,440290020,
Turkey,TUR,2003,206460000,
Turkey,TUR,2004,326520000,
Turkey,TUR,2005,457840000,
Turkey,TUR,2006,591810000,
Turkey,TUR,2007,755330050,
Turkey,TUR,2008,962630000,
Turkey,TUR,2009,1204990000,
Turkey,TUR,2010,860430000,
Turkey,TUR,2011,2995459800,
Turkey,TUR,2012,3028010000,
Turkey,TUR,2013,2676440000,
Turkey,TUR,2014,3210570000,
Turkey,TUR,2015,2364419800,
Turkey,TUR,2016,3942820000,
Turkey,TUR,2017,3340000000,
Turkey,TUR,2018,1211850000,
Turkey,TUR,2019,751469950,
Turkey,TUR,2020,571480000,
Turkey,TUR,2021,999690000,
Turkey,TUR,2022,800280000,
Turkmenistan,TKM,1992,11030000,
Turkmenistan,TKM,1993,51490000,
Turkmenistan,TKM,1994,42430000,
Turkmenistan,TKM,1995,45960000,
Turkmenistan,TKM,1996,35350000,
Turkmenistan,TKM,1997,28960000,
Turkmenistan,TKM,1998,35610000,
Turkmenistan,TKM,1999,36850000,
Turkmenistan,TKM,2000,52230000,
Turkmenistan,TKM,2001,104960000,
Turkmenistan,TKM,2002,60140000,
Turkmenistan,TKM,2003,35890000,
Turkmenistan,TKM,2004,60620000,
Turkmenistan,TKM,2005,30910000,
Turkmenistan,TKM,2006,40850000,
Turkmenistan,TKM,2007,22420000,
Turkmenistan,TKM,2008,12450000,
Turkmenistan,TKM,2009,40810000,
Turkmenistan,TKM,2010,40470000,
Turkmenistan,TKM,2011,38450000,
Turkmenistan,TKM,2012,35090000,
Turkmenistan,TKM,2013,31830000,
Turkmenistan,TKM,2014,32150002,
Turkmenistan,TKM,2015,24070000,
Turkmenistan,TKM,2016,34630000,
Turkmenistan,TKM,2017,30050000,
Turkmenistan,TKM,2018,20770000,
Turkmenistan,TKM,2019,26390000,
Turkmenistan,TKM,2020,35100000,
Turkmenistan,TKM,2021,27850000,
Turkmenistan,TKM,2022,15090000,
Turks and Caicos Islands,TCA,1974,13080000,
Turks and Caicos Islands,TCA,1975,14830000,
Turks and Caicos Islands,TCA,1976,18250000,
Turks and Caicos Islands,TCA,1977,15180000,
Turks and Caicos Islands,TCA,1978,9930000,
Turks and Caicos Islands,TCA,1979,6560000,
Turks and Caicos Islands,TCA,1980,7420000,
Turks and Caicos Islands,TCA,1981,15780000,
Turks and Caicos Islands,TCA,1982,24460000,
Turks and Caicos Islands,TCA,1983,17400000,
Turks and Caicos Islands,TCA,1984,18860000,
Turks and Caicos Islands,TCA,1985,15110000,
Turks and Caicos Islands,TCA,1986,20300000,
Turks and Caicos Islands,TCA,1987,18710000,
Turks and Caicos Islands,TCA,1988,13410000,
Turks and Caicos Islands,TCA,1989,14980000,
Turks and Caicos Islands,TCA,1990,17130000,
Turks and Caicos Islands,TCA,1991,24180000,
Turks and Caicos Islands,TCA,1992,19710000,
Turks and Caicos Islands,TCA,1993,16379999,
Turks and Caicos Islands,TCA,1994,22930000,
Turks and Caicos Islands,TCA,1995,7610000,
Turks and Caicos Islands,TCA,1996,5550000,
Turks and Caicos Islands,TCA,1997,5350000,
Turks and Caicos Islands,TCA,1998,7670000,
Turks and Caicos Islands,TCA,1999,9670000,
Turks and Caicos Islands,TCA,2000,9070000,
Turks and Caicos Islands,TCA,2001,9530000,
Turks and Caicos Islands,TCA,2002,5660000,
Turks and Caicos Islands,TCA,2003,2720000,
Turks and Caicos Islands,TCA,2004,3530000,
Turks and Caicos Islands,TCA,2005,5910000,
Turks and Caicos Islands,TCA,2006,-470000,
Turks and Caicos Islands,TCA,2007,15340000,
Tuvalu,TUV,1975,190000,
Tuvalu,TUV,1976,14280000,
Tuvalu,TUV,1977,10460000,
Tuvalu,TUV,1978,10050000,
Tuvalu,TUV,1979,12510000,
Tuvalu,TUV,1980,12120000,
Tuvalu,TUV,1981,12560000,
Tuvalu,TUV,1982,15390000,
Tuvalu,TUV,1983,11510000,
Tuvalu,TUV,1984,15770000,
Tuvalu,TUV,1985,9990000,
Tuvalu,TUV,1986,11470000,
Tuvalu,TUV,1987,58550000,
Tuvalu,TUV,1988,24890000,
Tuvalu,TUV,1989,10640000,
Tuvalu,TUV,1990,8660000,
Tuvalu,TUV,1991,8860000,
Tuvalu,TUV,1992,11990000,
Tuvalu,TUV,1993,8000000,
Tuvalu,TUV,1994,10480000,
Tuvalu,TUV,1995,11690000,
Tuvalu,TUV,1996,13050000,
Tuvalu,TUV,1997,11240000,
Tuvalu,TUV,1998,9520000,
Tuvalu,TUV,1999,7270000,
Tuvalu,TUV,2000,7930000,
Tuvalu,TUV,2001,12150000,
Tuvalu,TUV,2002,15240000,
Tuvalu,TUV,2003,8700000,
Tuvalu,TUV,2004,10880000,
Tuvalu,TUV,2005,11330000,
Tuvalu,TUV,2006,15300000,
Tuvalu,TUV,2007,11740000,
Tuvalu,TUV,2008,16219999,
Tuvalu,TUV,2009,15200000,
Tuvalu,TUV,2010,12860000,
Tuvalu,TUV,2011,27290000,
Tuvalu,TUV,2012,21980000,
Tuvalu,TUV,2013,24790000,
Tuvalu,TUV,2014,32050000,
Tuvalu,TUV,2015,53040000,
Tuvalu,TUV,2016,26720000,
Tuvalu,TUV,2017,30380000,
Tuvalu,TUV,2018,28340000,
Tuvalu,TUV,2019,38660000,
Tuvalu,TUV,2020,44960000,
Tuvalu,TUV,2021,34540000,
Tuvalu,TUV,2022,63560000,
UNDP,,1968,468040000,
UNDP,,1969,1237320000,
UNDP,,1970,1454140000,
UNDP,,1971,1454790000,
UNDP,,1972,1638000000,
UNDP,,1973,1516360000,
UNDP,,1974,1480710000,
UNDP,,1975,1587840000,
UNDP,,1976,1765010000,
UNDP,,1977,1555479900,
UNDP,,1978,1753110000,
UNDP,,1979,1573290000,
UNDP,,1980,1671189900,
UNDP,,1981,1820800000,
UNDP,,1982,1780100000,
UNDP,,1983,1752380000,
UNDP,,1984,1725750000,
UNDP,,1985,1734710000,
UNDP,,1986,1712730000,
UNDP,,1987,1700360000,
UNDP,,1988,1691220000,
UNDP,,1989,1662020000,
UNDP,,1990,1718750000,
UNDP,,1991,1599860000,
UNDP,,1992,1577000000,
UNDP,,1993,1444449900,
UNDP,,1994,1423210000,
UNDP,,1995,1239120000,
UNDP,,1996,1217410000,
UNDP,,1997,1161329900,
UNDP,,1998,1174110000,
UNDP,,1999,1097920000,
UNDP,,2000,1067550100,
UNDP,,2001,1198910100,
UNDP,,2002,1257189900,
UNDP,,2003,1198870000,
UNDP,,2004,1221140000,
UNDP,,2005,1454620000,
UNDP,,2006,1170330000,
UNDP,,2007,1254930000,
UNDP,,2008,1122680000,
UNDP,,2009,1026370000,
UNDP,,2010,1009640000,
UNDP,,2011,937700030,
UNDP,,2012,868500000,
UNDP,,2013,863469950,
UNDP,,2014,753550000,
UNDP,,2015,843860000,
UNDP,,2016,664080000,
UNDP,,2017,688650050,
UNDP,,2018,667840000,
UNDP,,2019,736960000,
UNDP,,2020,789380030,
UNDP,,2021,615210050,
UNDP,,2022,602780000,
UNFPA,,1976,192060000,
UNFPA,,1977,201640000,
UNFPA,,1978,201540000,
UNFPA,,1979,292210000,
UNFPA,,1980,429980000,
UNFPA,,1981,387269980,
UNFPA,,1982,361910000,
UNFPA,,1983,357510000,
UNFPA,,1984,352320000,
UNFPA,,1985,342700000,
UNFPA,,1986,333060000,
UNFPA,,1987,291470000,
UNFPA,,1988,299480000,
UNFPA,,1989,329630000,
UNFPA,,1990,326680000,
UNFPA,,1991,353210000,
UNFPA,,1992,343640000,
UNFPA,,1993,351840000,
UNFPA,,1994,410070000,
UNFPA,,1995,396989980,
UNFPA,,1996,403810000,
UNFPA,,1997,392860000,
UNFPA,,1998,448989980,
UNFPA,,1999,352320000,
UNFPA,,2000,447549980,
UNFPA,,2001,498829980,
UNFPA,,2002,382300000,
UNFPA,,2003,373850020,
UNFPA,,2004,418420000,
UNFPA,,2005,413020000,
UNFPA,,2006,399840000,
UNFPA,,2007,431930000,
UNFPA,,2008,392690020,
UNFPA,,2009,472610000,
UNFPA,,2010,489040000,
UNFPA,,2011,437040000,
UNFPA,,2012,469149980,
UNFPA,,2013,460070000,
UNFPA,,2014,479620000,
UNFPA,,2015,415260000,
UNFPA,,2016,415600000,
UNFPA,,2017,373480000,
UNFPA,,2018,416050000,
UNFPA,,2019,396240000,
UNFPA,,2020,456380000,
UNFPA,,2021,416370000,
UNFPA,,2022,451660000,
UNHCR,,1969,32130002,
UNHCR,,1970,33349998,
UNHCR,,1971,75630000,
UNHCR,,1972,72300000,
UNHCR,,1973,940000,
UNHCR,,1974,42090000,
UNHCR,,1975,81480000,
UNHCR,,1976,88010000,
UNHCR,,1977,57570000,
UNHCR,,1978,110940000,
UNHCR,,1979,357520000,
UNHCR,,1980,537800000,
UNHCR,,1981,665010000,
UNHCR,,1982,498790000,
UNHCR,,1983,546710000,
UNHCR,,1984,578490000,
UNHCR,,1985,557030000,
UNHCR,,1986,510869980,
UNHCR,,1987,512270000,
UNHCR,,1988,528490000,
UNHCR,,1989,587760000,
UNHCR,,1990,698920000,
UNHCR,,1991,745550000,
UNHCR,,1992,975530050,
UNHCR,,1993,811210050,
UNHCR,,1994,1027650050,
UNHCR,,1995,963590000,
UNHCR,,1996,916610000,
UNHCR,,1997,705200000,
UNHCR,,1998,841460030,
UNHCR,,1999,487860000,
UNHCR,,2000,777789950,
UNHCR,,2001,882340030,
UNHCR,,2002,950530050,
UNHCR,,2003,744480000,
UNHCR,,2004,370140000,
UNHCR,,2005,421090000,
UNHCR,,2006,341720000,
UNHCR,,2007,397790000,
UNHCR,,2008,355000000,
UNHCR,,2009,402850020,
UNHCR,,2010,391530000,
UNHCR,,2011,407070000,
UNHCR,,2012,363320000,
UNHCR,,2013,372680000,
UNHCR,,2014,409780000,
UNHCR,,2015,494429980,
UNHCR,,2016,422600000,
UNHCR,,2017,496180000,
UNHCR,,2018,487460000,
UNHCR,,2019,474790000,
UNHCR,,2020,469720000,
UNHCR,,2021,503200000,
UNHCR,,2022,511290020,
UNICEF,,1968,82230000,
UNICEF,,1969,188100000,
UNICEF,,1970,187250000,
UNICEF,,1971,242700000,
UNICEF,,1972,322610000,
UNICEF,,1973,313250000,
UNICEF,,1974,265709980,
UNICEF,,1975,344470000,
UNICEF,,1976,303829980,
UNICEF,,1977,324280000,
UNICEF,,1978,362109980,
UNICEF,,1979,387230000,
UNICEF,,1980,431690020,
UNICEF,,1981,427720000,
UNICEF,,1982,421250000,
UNICEF,,1983,428020000,
UNICEF,,1984,471190000,
UNICEF,,1985,504880000,
UNICEF,,1986,513940000,
UNICEF,,1987,542210050,
UNICEF,,1988,679380030,
UNICEF,,1989,577690000,
UNICEF,,1990,723950000,
UNICEF,,1991,568510000,
UNICEF,,1992,699909950,
UNICEF,,1993,615970000,
UNICEF,,1994,621990000,
UNICEF,,1995,528950000,
UNICEF,,1996,552349950,
UNICEF,,1997,570660000,
UNICEF,,1998,595630000,
UNICEF,,1999,560570000,
UNICEF,,2000,644640000,
UNICEF,,2001,726510000,
UNICEF,,2002,775080000,
UNICEF,,2003,725170000,
UNICEF,,2004,836410000,
UNICEF,,2005,845349950,
UNICEF,,2006,779460030,
UNICEF,,2007,634990000,
UNICEF,,2008,592420000,
UNICEF,,2009,657300000,
UNICEF,,2010,638920000,
UNICEF,,2011,680590000,
UNICEF,,2012,631530050,
UNICEF,,2013,618070000,
UNICEF,,2014,694260030,
UNICEF,,2015,600830000,
UNICEF,,2016,682770050,
UNICEF,,2017,623530050,
UNICEF,,2018,663850000,
UNICEF,,2019,621930000,
UNICEF,,2020,685200000,
UNICEF,,2021,488860000,
UNICEF,,2022,735260000,
UNRWA,,1968,72580000,
UNRWA,,1969,289040000,
UNRWA,,1970,294950000,
UNRWA,,1971,319390000,
UNRWA,,1972,300700000,
UNRWA,,1973,229890000,
UNRWA,,1974,366410020,
UNRWA,,1975,284390000,
UNRWA,,1976,354709980,
UNRWA,,1977,348910000,
UNRWA,,1978,353780000,
UNRWA,,1979,312330000,
UNRWA,,1980,328940000,
UNRWA,,1981,370269980,
UNRWA,,1982,341570020,
UNRWA,,1983,333000000,
UNRWA,,1984,339610000,
UNRWA,,1985,337620000,
UNRWA,,1986,314730020,
UNRWA,,1987,293070000,
UNRWA,,1988,278269980,
UNRWA,,1989,379180000,
UNRWA,,1990,314440000,
UNRWA,,1991,378510000,
UNRWA,,1992,379850020,
UNRWA,,1993,334510000,
UNRWA,,1994,343029980,
UNRWA,,1995,302490000,
UNRWA,,1996,287580000,
UNRWA,,1997,251870000,
UNRWA,,1998,288330000,
UNRWA,,1999,177400000,
UNRWA,,2000,425060000,
UNRWA,,2001,469470000,
UNRWA,,2002,488130020,
UNRWA,,2003,498770000,
UNRWA,,2004,287000000,
UNRWA,,2005,280650000,
UNRWA,,2006,292549980,
UNRWA,,2007,283109980,
UNRWA,,2008,268960000,
UNRWA,,2009,320580000,
UNRWA,,2010,339340000,
UNRWA,,2011,306970020,
UNRWA,,2012,340100000,
UNRWA,,2013,319760000,
UNRWA,,2014,219590000,
UNRWA,,2015,256459980,
UNRWA,,2016,201120000,
UNRWA,,2017,379280000,
UNRWA,,2018,438240000,
UNRWA,,2019,420970020,
UNRWA,,2020,456380000,
UNRWA,,2021,262010020,
UNRWA,,2022,286190000,
Uganda,UGA,1960,216740000,
Uganda,UGA,1961,216240000,
Uganda,UGA,1962,274829980,
Uganda,UGA,1963,186120000,
Uganda,UGA,1964,202240000,
Uganda,UGA,1965,168940000,
Uganda,UGA,1966,181090000,
Uganda,UGA,1967,171460000,
Uganda,UGA,1968,172970000,
Uganda,UGA,1969,202070000,
Uganda,UGA,1970,236390000,
Uganda,UGA,1971,207940000,
Uganda,UGA,1972,243050000,
Uganda,UGA,1973,108800000,
Uganda,UGA,1974,73840000,
Uganda,UGA,1975,199560000,
Uganda,UGA,1976,78480000,
Uganda,UGA,1977,60060000,
Uganda,UGA,1978,118910000,
Uganda,UGA,1979,126830000,
Uganda,UGA,1980,279690020,
Uganda,UGA,1981,342680000,
Uganda,UGA,1982,344460000,
Uganda,UGA,1983,361549980,
Uganda,UGA,1984,442240000,
Uganda,UGA,1985,482930000,
Uganda,UGA,1986,419930000,
Uganda,UGA,1987,560720000,
Uganda,UGA,1988,682600000,
Uganda,UGA,1989,897360000,
Uganda,UGA,1990,1027220000,
Uganda,UGA,1991,982570000,
Uganda,UGA,1992,1021730000,
Uganda,UGA,1993,905550000,
Uganda,UGA,1994,1065720000,
Uganda,UGA,1995,1074020000,
Uganda,UGA,1996,892440000,
Uganda,UGA,1997,1159200000,
Uganda,UGA,1998,960190000,
Uganda,UGA,1999,879490000,
Uganda,UGA,2000,1299819900,
Uganda,UGA,2001,1309360000,
Uganda,UGA,2002,1118930000,
Uganda,UGA,2003,1346630000,
Uganda,UGA,2004,1508209900,
Uganda,UGA,2005,1450100000,
Uganda,UGA,2006,1817079900,
Uganda,UGA,2007,1470580000,
Uganda,UGA,2008,1512449900,
Uganda,UGA,2009,1511930100,
Uganda,UGA,2010,1807210000,
Uganda,UGA,2011,1614860000,
Uganda,UGA,2012,1709510000,
Uganda,UGA,2013,1766860000,
Uganda,UGA,2014,1680130000,
Uganda,UGA,2015,1814830000,
Uganda,UGA,2016,1981980000,
Uganda,UGA,2017,2219570200,
Uganda,UGA,2018,2066159900,
Uganda,UGA,2019,2171449900,
Uganda,UGA,2020,3213330200,
Uganda,UGA,2021,2520590000,
Uganda,UGA,2022,2155390000,
Ukraine,UKR,2005,498670000,
Ukraine,UKR,2006,575560000,
Ukraine,UKR,2007,457210000,
Ukraine,UKR,2008,617060000,
Ukraine,UKR,2009,664150000,
Ukraine,UKR,2010,692260030,
Ukraine,UKR,2011,726080000,
Ukraine,UKR,2012,795800000,
Ukraine,UKR,2013,781860000,
Ukraine,UKR,2014,1370570000,
Ukraine,UKR,2015,1649870000,
Ukraine,UKR,2016,1600920000,
Ukraine,UKR,2017,1285870000,
Ukraine,UKR,2018,1267819900,
Ukraine,UKR,2019,1173130000,
Ukraine,UKR,2020,2339560000,
Ukraine,UKR,2021,2124530000,
Ukraine,UKR,2022,28696711000,
United Arab Emirates,ARE,1960,4340000,
United Arab Emirates,ARE,1961,5520000,
United Arab Emirates,ARE,1962,4230000,
United Arab Emirates,ARE,1963,3790000,
United Arab Emirates,ARE,1964,5010000,
United Arab Emirates,ARE,1965,140000,
United Arab Emirates,ARE,1966,10970000,
United Arab Emirates,ARE,1967,13130000,
United Arab Emirates,ARE,1968,10370000,
United Arab Emirates,ARE,1969,7460000,
United Arab Emirates,ARE,1970,34690000,
United Arab Emirates,ARE,1971,34340000,
United Arab Emirates,ARE,1972,26090000,
United Arab Emirates,ARE,1973,3760000,
United Arab Emirates,ARE,1974,2610000,
United Arab Emirates,ARE,1975,15600000,
United Arab Emirates,ARE,1976,3480000,
United Arab Emirates,ARE,1977,118980000,
United Arab Emirates,ARE,1978,4400000,
United Arab Emirates,ARE,1979,16920000,
United Arab Emirates,ARE,1980,9080000,
United Arab Emirates,ARE,1981,-1020000,
United Arab Emirates,ARE,1982,11060000,
United Arab Emirates,ARE,1983,10450000,
United Arab Emirates,ARE,1984,8370000,
United Arab Emirates,ARE,1985,10120000,
United Arab Emirates,ARE,1986,73310000,
United Arab Emirates,ARE,1987,203520000,
United Arab Emirates,ARE,1988,-21920000,
United Arab Emirates,ARE,1989,-11770000,
United Arab Emirates,ARE,1990,4650000,
United Arab Emirates,ARE,1991,-14030000,
United Arab Emirates,ARE,1992,-13640000,
United Arab Emirates,ARE,1993,-14610000,
United Arab Emirates,ARE,1994,-11710000,
United Arab Emirates,ARE,1995,4990000,
Upper middle-income countries (OECD),,1960,3873710000,
Upper middle-income countries (OECD),,1961,7392630000,
Upper middle-income countries (OECD),,1962,7393150000,
Upper middle-income countries (OECD),,1963,6867710000,
Upper middle-income countries (OECD),,1964,5125900000,
Upper middle-income countries (OECD),,1965,6846210000,
Upper middle-income countries (OECD),,1966,7640330000,
Upper middle-income countries (OECD),,1967,6638140000,
Upper middle-income countries (OECD),,1968,6641900000,
Upper middle-income countries (OECD),,1969,5685060000,
Upper middle-income countries (OECD),,1970,6144330000,
Upper middle-income countries (OECD),,1971,5577000000,
Upper middle-income countries (OECD),,1972,5630960000,
Upper middle-income countries (OECD),,1973,5042150000,
Upper middle-income countries (OECD),,1974,5922480000,
Upper middle-income countries (OECD),,1975,6237020000,
Upper middle-income countries (OECD),,1976,6733950000,
Upper middle-income countries (OECD),,1977,5654210000,
Upper middle-income countries (OECD),,1978,6437950000,
Upper middle-income countries (OECD),,1979,10094500000,
Upper middle-income countries (OECD),,1980,11312800000,
Upper middle-income countries (OECD),,1981,12930880000,
Upper middle-income countries (OECD),,1982,11169910000,
Upper middle-income countries (OECD),,1983,10358731000,
Upper middle-income countries (OECD),,1984,10590340000,
Upper middle-income countries (OECD),,1985,10791290000,
Upper middle-income countries (OECD),,1986,9733349000,
Upper middle-income countries (OECD),,1987,10228050000,
Upper middle-income countries (OECD),,1988,9567790000,
Upper middle-income countries (OECD),,1989,10122350000,
Upper middle-income countries (OECD),,1990,12999269000,
Upper middle-income countries (OECD),,1991,14148410000,
Upper middle-income countries (OECD),,1992,10526550000,
Upper middle-income countries (OECD),,1993,12250450000,
Upper middle-income countries (OECD),,1994,12381830000,
Upper middle-income countries (OECD),,1995,13196930000,
Upper middle-income countries (OECD),,1996,12122270000,
Upper middle-income countries (OECD),,1997,11785800000,
Upper middle-income countries (OECD),,1998,12921680000,
Upper middle-income countries (OECD),,1999,14699460000,
Upper middle-income countries (OECD),,2000,13796290000,
Upper middle-income countries (OECD),,2001,14337299000,
Upper middle-income countries (OECD),,2002,16137460000,
Upper middle-income countries (OECD),,2003,17122609000,
Upper middle-income countries (OECD),,2004,18705400000,
Upper middle-income countries (OECD),,2005,39642410000,
Upper middle-income countries (OECD),,2006,24965929000,
Upper middle-income countries (OECD),,2007,23306131000,
Upper middle-income countries (OECD),,2008,25401160000,
Upper middle-income countries (OECD),,2009,18926000000,
Upper middle-income countries (OECD),,2010,16230840000,
Upper middle-income countries (OECD),,2011,19597429000,
Upper middle-income countries (OECD),,2012,18302589000,
Upper middle-income countries (OECD),,2013,16623651000,
Upper middle-income countries (OECD),,2014,18413620000,
Upper middle-income countries (OECD),,2015,18675930000,
Upper middle-income countries (OECD),,2016,23067530000,
Upper middle-income countries (OECD),,2017,21273150000,
Upper middle-income countries (OECD),,2018,18702670000,
Upper middle-income countries (OECD),,2019,16982830000,
Upper middle-income countries (OECD),,2020,22226840000,
Upper middle-income countries (OECD),,2021,21148990000,
Upper middle-income countries (OECD),,2022,19734600000,
Upper middle-income countries (WB),,1960,3731790000,
Upper middle-income countries (WB),,1961,7586100000,
Upper middle-income countries (WB),,1962,7385170000,
Upper middle-income countries (WB),,1963,6601220000,
Upper middle-income countries (WB),,1964,5425290000,
Upper middle-income countries (WB),,1965,6357750000,
Upper middle-income countries (WB),,1966,7410240000,
Upper middle-income countries (WB),,1967,7670050000,
Upper middle-income countries (WB),,1968,8317730300,
Upper middle-income countries (WB),,1969,7367060000,
Upper middle-income countries (WB),,1970,8410309600,
Upper middle-income countries (WB),,1971,8574330000,
Upper middle-income countries (WB),,1972,7584450000,
Upper middle-income countries (WB),,1973,6634180000,
Upper middle-income countries (WB),,1974,6439970300,
Upper middle-income countries (WB),,1975,6640089600,
Upper middle-income countries (WB),,1976,6641609700,
Upper middle-income countries (WB),,1977,5232830000,
Upper middle-income countries (WB),,1978,5984750000,
Upper middle-income countries (WB),,1979,7668990500,
Upper middle-income countries (WB),,1980,8930590000,
Upper middle-income countries (WB),,1981,10999250000,
Upper middle-income countries (WB),,1982,10816230000,
Upper middle-income countries (WB),,1983,10075050000,
Upper middle-income countries (WB),,1984,10623941000,
Upper middle-income countries (WB),,1985,11121970000,
Upper middle-income countries (WB),,1986,10327599000,
Upper middle-income countries (WB),,1987,11396960000,
Upper middle-income countries (WB),,1988,11196361000,
Upper middle-income countries (WB),,1989,12147821000,
Upper middle-income countries (WB),,1990,13275590000,
Upper middle-income countries (WB),,1991,14942650000,
Upper middle-income countries (WB),,1992,12013629000,
Upper middle-income countries (WB),,1993,14126429000,
Upper middle-income countries (WB),,1994,14072759000,
Upper middle-income countries (WB),,1995,14325571000,
Upper middle-income countries (WB),,1996,12995210000,
Upper middle-income countries (WB),,1997,12509700000,
Upper middle-income countries (WB),,1998,14091740000,
Upper middle-income countries (WB),,1999,16790580000,
Upper middle-income countries (WB),,2000,15475030000,
Upper middle-income countries (WB),,2001,16717500000,
Upper middle-income countries (WB),,2002,18203670000,
Upper middle-income countries (WB),,2003,17664660000,
Upper middle-income countries (WB),,2004,19260312000,
Upper middle-income countries (WB),,2005,42161960000,
Upper middle-income countries (WB),,2006,26121929000,
Upper middle-income countries (WB),,2007,23930730000,
Upper middle-income countries (WB),,2008,26648600000,
Upper middle-income countries (WB),,2009,21130940000,
Upper middle-income countries (WB),,2010,18587340000,
Upper middle-income countries (WB),,2011,20882840000,
Upper middle-income countries (WB),,2012,18311550000,
Upper middle-income countries (WB),,2013,17239490000,
Upper middle-income countries (WB),,2014,16858000000,
Upper middle-income countries (WB),,2015,17214640000,
Upper middle-income countries (WB),,2016,21443222000,
Upper middle-income countries (WB),,2017,19243860000,
Upper middle-income countries (WB),,2018,17816938000,
Upper middle-income countries (WB),,2019,14307110000,
Upper middle-income countries (WB),,2020,20525090000,
Upper middle-income countries (WB),,2021,18674240000,
Upper middle-income countries (WB),,2022,19158130000,
Uruguay,URY,1960,144710000,
Uruguay,URY,1961,17030000,
Uruguay,URY,1962,27380000,
Uruguay,URY,1963,64129996,
Uruguay,URY,1964,18220000,
Uruguay,URY,1965,21570000,
Uruguay,URY,1966,31730000,
Uruguay,URY,1967,37050000,
Uruguay,URY,1968,158270000,
Uruguay,URY,1969,124060000,
Uruguay,URY,1970,80580000,
Uruguay,URY,1971,53540000,
Uruguay,URY,1972,119420000,
Uruguay,URY,1973,83110000,
Uruguay,URY,1974,22320000,
Uruguay,URY,1975,18070000,
Uruguay,URY,1976,24980000,
Uruguay,URY,1977,46570000,
Uruguay,URY,1978,12690000,
Uruguay,URY,1979,17310000,
Uruguay,URY,1980,19350000,
Uruguay,URY,1981,22900000,
Uruguay,URY,1982,16049999,
Uruguay,URY,1983,14360000,
Uruguay,URY,1984,15990000,
Uruguay,URY,1985,22450000,
Uruguay,URY,1986,59350000,
Uruguay,URY,1987,26720000,
Uruguay,URY,1988,59990000,
Uruguay,URY,1989,49510000,
Uruguay,URY,1990,64699996,
Uruguay,URY,1991,56310000,
Uruguay,URY,1992,82700000,
Uruguay,URY,1993,156070000,
Uruguay,URY,1994,102490000,
Uruguay,URY,1995,82360000,
Uruguay,URY,1996,44610000,
Uruguay,URY,1997,46290000,
Uruguay,URY,1998,37370000,
Uruguay,URY,1999,33990000,
Uruguay,URY,2000,29980000,
Uruguay,URY,2001,22700000,
Uruguay,URY,2002,23710000,
Uruguay,URY,2003,22800000,
Uruguay,URY,2004,27630000,
Uruguay,URY,2005,20100000,
Uruguay,URY,2006,26550000,
Uruguay,URY,2007,36500000,
Uruguay,URY,2008,30880000,
Uruguay,URY,2009,47020000,
Uruguay,URY,2010,41510000,
Uruguay,URY,2011,17040000,
Uruguay,URY,2012,17420000,
Uruguay,URY,2013,35290000,
Uruguay,URY,2014,87730000,
Uruguay,URY,2015,25020000,
Uruguay,URY,2016,19540000,
Uruguay,URY,2017,44330000,
Uzbekistan,UZB,1992,1390000,
Uzbekistan,UZB,1993,11440000,
Uzbekistan,UZB,1994,39540000,
Uzbekistan,UZB,1995,88870000,
Uzbekistan,UZB,1996,98050000,
Uzbekistan,UZB,1997,150280000,
Uzbekistan,UZB,1998,172340000,
Uzbekistan,UZB,1999,178840000,
Uzbekistan,UZB,2000,224060000,
Uzbekistan,UZB,2001,217090000,
Uzbekistan,UZB,2002,262970000,
Uzbekistan,UZB,2003,242120000,
Uzbekistan,UZB,2004,272690020,
Uzbekistan,UZB,2005,189500000,
Uzbekistan,UZB,2006,177240000,
Uzbekistan,UZB,2007,153620000,
Uzbekistan,UZB,2008,158900000,
Uzbekistan,UZB,2009,141640000,
Uzbekistan,UZB,2010,201120000,
Uzbekistan,UZB,2011,140890000,
Uzbekistan,UZB,2012,260150000,
Uzbekistan,UZB,2013,288890020,
Uzbekistan,UZB,2014,317370000,
Uzbekistan,UZB,2015,471730020,
Uzbekistan,UZB,2016,516419970,
Uzbekistan,UZB,2017,629890000,
Uzbekistan,UZB,2018,1056300000,
Uzbekistan,UZB,2019,1110000000,
Uzbekistan,UZB,2020,1419530000,
Uzbekistan,UZB,2021,1078120000,
Uzbekistan,UZB,2022,1583220000,
Vanuatu,VUT,1960,1590000,
Vanuatu,VUT,1961,2860000,
Vanuatu,VUT,1962,4040000,
Vanuatu,VUT,1963,4960000,
Vanuatu,VUT,1964,6100000,
Vanuatu,VUT,1965,5150000,
Vanuatu,VUT,1966,18290000,
Vanuatu,VUT,1967,16760000,
Vanuatu,VUT,1968,21120000,
Vanuatu,VUT,1969,27050000,
Vanuatu,VUT,1970,24900000,
Vanuatu,VUT,1971,32509998,
Vanuatu,VUT,1972,39370000,
Vanuatu,VUT,1973,44310000,
Vanuatu,VUT,1974,75210000,
Vanuatu,VUT,1975,52000000,
Vanuatu,VUT,1976,117980000,
Vanuatu,VUT,1977,59440000,
Vanuatu,VUT,1978,63900000,
Vanuatu,VUT,1979,96620000,
Vanuatu,VUT,1980,94130000,
Vanuatu,VUT,1981,73430000,
Vanuatu,VUT,1982,64250000,
Vanuatu,VUT,1983,70050000,
Vanuatu,VUT,1984,66670000,
Vanuatu,VUT,1985,60170000,
Vanuatu,VUT,1986,55870000,
Vanuatu,VUT,1987,97460000,
Vanuatu,VUT,1988,68080000,
Vanuatu,VUT,1989,65820000,
Vanuatu,VUT,1990,73920000,
Vanuatu,VUT,1991,69570000,
Vanuatu,VUT,1992,61660000,
Vanuatu,VUT,1993,57370000,
Vanuatu,VUT,1994,55910000,
Vanuatu,VUT,1995,57160000,
Vanuatu,VUT,1996,45350000,
Vanuatu,VUT,1997,41670000,
Vanuatu,VUT,1998,50080000,
Vanuatu,VUT,1999,50680000,
Vanuatu,VUT,2000,61320000,
Vanuatu,VUT,2001,56970000,
Vanuatu,VUT,2002,50420000,
Vanuatu,VUT,2003,53360000,
Vanuatu,VUT,2004,53970000,
Vanuatu,VUT,2005,53070000,
Vanuatu,VUT,2006,64059996,
Vanuatu,VUT,2007,64170000,
Vanuatu,VUT,2008,105110000,
Vanuatu,VUT,2009,120260000,
Vanuatu,VUT,2010,112670000,
Vanuatu,VUT,2011,81910000,
Vanuatu,VUT,2012,88990000,
Vanuatu,VUT,2013,82980000,
Vanuatu,VUT,2014,95390000,
Vanuatu,VUT,2015,205520000,
Vanuatu,VUT,2016,137260000,
Vanuatu,VUT,2017,137300000,
Vanuatu,VUT,2018,136300000,
Vanuatu,VUT,2019,140570000,
Vanuatu,VUT,2020,162750000,
Vanuatu,VUT,2021,162430000,
Vanuatu,VUT,2022,125060000,
Venezuela,VEN,1960,-1690000,
Venezuela,VEN,1961,-1070000,
Venezuela,VEN,1962,665380030,
Venezuela,VEN,1963,335490000,
Venezuela,VEN,1964,-413080000,
Venezuela,VEN,1965,51250000,
Venezuela,VEN,1966,198570000,
Venezuela,VEN,1967,172650000,
Venezuela,VEN,1968,119320000,
Venezuela,VEN,1969,73010000,
Venezuela,VEN,1970,32810002,
Venezuela,VEN,1971,49050000,
Venezuela,VEN,1972,47150000,
Venezuela,VEN,1973,39120000,
Venezuela,VEN,1974,20620000,
Venezuela,VEN,1975,12180000,
Venezuela,VEN,1976,-64140000,
Venezuela,VEN,1977,-36030000,
Venezuela,VEN,1978,-62510000,
Venezuela,VEN,1979,23120000,
Venezuela,VEN,1980,40010000,
Venezuela,VEN,1981,42950000,
Venezuela,VEN,1982,48540000,
Venezuela,VEN,1983,47590000,
Venezuela,VEN,1984,49670000,
Venezuela,VEN,1985,46710000,
Venezuela,VEN,1986,43730000,
Venezuela,VEN,1987,39620000,
Venezuela,VEN,1988,44760000,
Venezuela,VEN,1989,112980000,
Venezuela,VEN,1990,117850000,
Venezuela,VEN,1991,43680000,
Venezuela,VEN,1992,43720000,
Venezuela,VEN,1993,55140000,
Venezuela,VEN,1994,34230000,
Venezuela,VEN,1995,52390000,
Venezuela,VEN,1996,43190000,
Venezuela,VEN,1997,4520000,
Venezuela,VEN,1998,55590000,
Venezuela,VEN,1999,62060000,
Venezuela,VEN,2000,125930000,
Venezuela,VEN,2001,71640000,
Venezuela,VEN,2002,87340000,
Venezuela,VEN,2003,107410000,
Venezuela,VEN,2004,55770000,
Venezuela,VEN,2005,57530000,
Venezuela,VEN,2006,64559996,
Venezuela,VEN,2007,75030000,
Venezuela,VEN,2008,58170000,
Venezuela,VEN,2009,59900000,
Venezuela,VEN,2010,53970000,
Venezuela,VEN,2011,47540000,
Venezuela,VEN,2012,51370000,
Venezuela,VEN,2013,37840000,
Venezuela,VEN,2014,41930000,
Venezuela,VEN,2015,40820000,
Venezuela,VEN,2016,48170000,
Venezuela,VEN,2017,92560000,
Venezuela,VEN,2018,151330000,
Venezuela,VEN,2019,274330000,
Venezuela,VEN,2020,324640000,
Venezuela,VEN,2021,273029980,
Venezuela,VEN,2022,272250000,
Vietnam,VNM,1960,1470209900,
Vietnam,VNM,1961,1300610000,
Vietnam,VNM,1962,1350699900,
Vietnam,VNM,1963,1682320000,
Vietnam,VNM,1964,1784060000,
Vietnam,VNM,1965,2236230000,
Vietnam,VNM,1966,3579939800,
Vietnam,VNM,1967,3109860000,
Vietnam,VNM,1968,2923400000,
Vietnam,VNM,1969,2863380000,
Vietnam,VNM,1970,2571330000,
Vietnam,VNM,1971,2604120000,
Vietnam,VNM,1972,3072070100,
Vietnam,VNM,1973,2356120000,
Vietnam,VNM,1974,3180990000,
Vietnam,VNM,1975,1500699900,
Vietnam,VNM,1976,759270000,
Vietnam,VNM,1977,884780000,
Vietnam,VNM,1978,1174140000,
Vietnam,VNM,1979,925229950,
Vietnam,VNM,1980,584570000,
Vietnam,VNM,1981,627979970,
Vietnam,VNM,1982,610710000,
Vietnam,VNM,1983,375070000,
Vietnam,VNM,1984,385800000,
Vietnam,VNM,1985,384670000,
Vietnam,VNM,1986,380300000,
Vietnam,VNM,1987,218780000,
Vietnam,VNM,1988,256859980,
Vietnam,VNM,1989,197000000,
Vietnam,VNM,1990,249680000,
Vietnam,VNM,1991,308540000,
Vietnam,VNM,1992,622700000,
Vietnam,VNM,1993,377210000,
Vietnam,VNM,1994,1224880000,
Vietnam,VNM,1995,882950000,
Vietnam,VNM,1996,1133160100,
Vietnam,VNM,1997,1105060100,
Vietnam,VNM,1998,1334420100,
Vietnam,VNM,1999,1377380000,
Vietnam,VNM,2000,1611040000,
Vietnam,VNM,2001,1706050000,
Vietnam,VNM,2002,1423650000,
Vietnam,VNM,2003,1823910000,
Vietnam,VNM,2004,1764830000,
Vietnam,VNM,2005,1779130000,
Vietnam,VNM,2006,1774100000,
Vietnam,VNM,2007,1572550000,
Vietnam,VNM,2008,1609890000,
Vietnam,VNM,2009,1865890000,
Vietnam,VNM,2010,2581130000,
Vietnam,VNM,2011,2879170000,
Vietnam,VNM,2012,3520660000,
Vietnam,VNM,2013,3768260000,
Vietnam,VNM,2014,3930290000,
Vietnam,VNM,2015,3297850000,
Vietnam,VNM,2016,2896930000,
Vietnam,VNM,2017,2380870100,
Vietnam,VNM,2018,1656010000,
Vietnam,VNM,2019,1112910100,
Vietnam,VNM,2020,1187329900,
Vietnam,VNM,2021,532510000,
Vietnam,VNM,2022,46740000,
WFP,,1968,115060000,
WFP,,1969,393170020,
WFP,,1970,452410020,
WFP,,1971,378160000,
WFP,,1972,339390000,
WFP,,1973,513170000,
WFP,,1974,802510000,
WFP,,1975,1272490000,
WFP,,1976,943419970,
WFP,,1977,1173819900,
WFP,,1978,1139890000,
WFP,,1979,1152280000,
WFP,,1980,1404170000,
WFP,,1981,1302140000,
WFP,,1982,1287020000,
WFP,,1983,1259900000,
WFP,,1984,1445540100,
WFP,,1985,1460220000,
WFP,,1986,1349380000,
WFP,,1987,1185470000,
WFP,,1988,1426199900,
WFP,,1989,1609460000,
WFP,,1990,1381460000,
WFP,,1991,1414180100,
WFP,,1992,1572630000,
WFP,,1993,1535850000,
WFP,,1994,1527530000,
WFP,,1995,1423360000,
WFP,,1996,990859970,
WFP,,1997,1081380000,
WFP,,1998,1026689900,
WFP,,1999,563190000,
WFP,,2000,1481040000,
WFP,,2001,1623830000,
WFP,,2002,669979970,
WFP,,2003,492500000,
WFP,,2004,612770050,
WFP,,2005,565270000,
WFP,,2006,422520000,
WFP,,2007,243030000,
WFP,,2008,293090000,
WFP,,2009,285650000,
WFP,,2010,326040000,
WFP,,2011,347800000,
WFP,,2012,334549980,
WFP,,2013,349130020,
WFP,,2014,390800000,
WFP,,2015,406360000,
WFP,,2016,409549980,
WFP,,2017,397100000,
WFP,,2018,400149980,
WFP,,2019,387869980,
WFP,,2020,408700000,
WFP,,2021,445970020,
WFP,,2022,608229950,
Wallis and Futuna,WLF,1968,4900000,
Wallis and Futuna,WLF,1970,1550000,
Wallis and Futuna,WLF,1971,1190000,
Wallis and Futuna,WLF,1972,1300000,
Wallis and Futuna,WLF,1973,1890000,
Wallis and Futuna,WLF,1974,19810000,
Wallis and Futuna,WLF,1975,7530000,
Wallis and Futuna,WLF,1976,15930000,
Wallis and Futuna,WLF,1977,11200000,
Wallis and Futuna,WLF,1978,6310000,
Wallis and Futuna,WLF,1979,16890000,
Wallis and Futuna,WLF,1980,16190001,
Wallis and Futuna,WLF,1981,19490000,
Wallis and Futuna,WLF,1982,17790000,
Wallis and Futuna,WLF,1983,4710000,
Wallis and Futuna,WLF,1984,4950000,
Wallis and Futuna,WLF,1985,580000,
Wallis and Futuna,WLF,1986,240000,
Wallis and Futuna,WLF,1987,2150000,
Wallis and Futuna,WLF,1988,2040000,
Wallis and Futuna,WLF,1989,100000,
Wallis and Futuna,WLF,1990,1460000,
Wallis and Futuna,WLF,1991,2320000,
Wallis and Futuna,WLF,1992,1050000,
Wallis and Futuna,WLF,1993,10000,
Wallis and Futuna,WLF,1994,70000,
Wallis and Futuna,WLF,1995,1180000,
Wallis and Futuna,WLF,1996,2000000,
Wallis and Futuna,WLF,1997,770000,
Wallis and Futuna,WLF,1998,63090000,
Wallis and Futuna,WLF,1999,69970000,
Wallis and Futuna,WLF,2000,82390000,
Wallis and Futuna,WLF,2001,80260000,
Wallis and Futuna,WLF,2002,78260000,
Wallis and Futuna,WLF,2003,67590000,
Wallis and Futuna,WLF,2004,79240000,
Wallis and Futuna,WLF,2005,76850000,
Wallis and Futuna,WLF,2006,105860000,
Wallis and Futuna,WLF,2007,108230000,
Wallis and Futuna,WLF,2008,111870000,
Wallis and Futuna,WLF,2009,104390000,
Wallis and Futuna,WLF,2010,117770000,
Wallis and Futuna,WLF,2011,113590000,
Wallis and Futuna,WLF,2012,111990000,
Wallis and Futuna,WLF,2013,94490000,
Wallis and Futuna,WLF,2014,88580000,
Wallis and Futuna,WLF,2015,111740000,
Wallis and Futuna,WLF,2016,89130000,
Wallis and Futuna,WLF,2017,91770000,
Wallis and Futuna,WLF,2018,46870000,
Wallis and Futuna,WLF,2019,114600000,
Wallis and Futuna,WLF,2020,112660000,
Wallis and Futuna,WLF,2021,101200000,
Wallis and Futuna,WLF,2022,103910000,
Western Africa (OECD),,1960,522419970,
Western Africa (OECD),,1961,875580000,
Western Africa (OECD),,1962,1522410000,
Western Africa (OECD),,1963,1256610000,
Western Africa (OECD),,1964,2301550000,
Western Africa (OECD),,1965,2904050200,
Western Africa (OECD),,1966,2912670000,
Western Africa (OECD),,1967,2492850200,
Western Africa (OECD),,1968,2874460000,
Western Africa (OECD),,1969,2856879900,
Western Africa (OECD),,1970,2742090000,
Western Africa (OECD),,1971,2885360000,
Western Africa (OECD),,1972,2462320000,
Western Africa (OECD),,1973,2879700000,
Western Africa (OECD),,1974,3998820000,
Western Africa (OECD),,1975,4116799700,
Western Africa (OECD),,1976,3891410000,
Western Africa (OECD),,1977,3861240000,
Western Africa (OECD),,1978,4864500000,
Western Africa (OECD),,1979,4944380000,
Western Africa (OECD),,1980,5030860000,
Western Africa (OECD),,1981,5472380000,
Western Africa (OECD),,1982,5427300000,
Western Africa (OECD),,1983,5229730000,
Western Africa (OECD),,1984,6093270000,
Western Africa (OECD),,1985,6308470300,
Western Africa (OECD),,1986,7087190000,
Western Africa (OECD),,1987,6390140000,
Western Africa (OECD),,1988,6890390000,
Western Africa (OECD),,1989,8041720300,
Western Africa (OECD),,1990,7586050000,
Western Africa (OECD),,1991,7759850000,
Western Africa (OECD),,1992,7250450400,
Western Africa (OECD),,1993,7266440000,
Western Africa (OECD),,1994,8080210000,
Western Africa (OECD),,1995,7020630000,
Western Africa (OECD),,1996,6645050000,
Western Africa (OECD),,1997,5771170000,
Western Africa (OECD),,1998,6611569700,
Western Africa (OECD),,1999,5362720300,
Western Africa (OECD),,2000,5161960000,
Western Africa (OECD),,2001,6149420000,
Western Africa (OECD),,2002,7888770000,
Western Africa (OECD),,2003,6900710000,
Western Africa (OECD),,2004,8058060300,
Western Africa (OECD),,2005,13370920000,
Western Africa (OECD),,2006,19168410000,
Western Africa (OECD),,2007,8025370000,
Western Africa (OECD),,2008,9105901000,
Western Africa (OECD),,2009,10881530000,
Western Africa (OECD),,2010,13020290000,
Western Africa (OECD),,2011,12377840000,
Western Africa (OECD),,2012,14264169000,
Western Africa (OECD),,2013,12535071000,
Western Africa (OECD),,2014,12665440000,
Western Africa (OECD),,2015,14093380000,
Western Africa (OECD),,2016,13248099000,
Western Africa (OECD),,2017,14562610000,
Western Africa (OECD),,2018,14643639000,
Western Africa (OECD),,2019,15786340000,
Western Africa (OECD),,2020,20246220000,
Western Africa (OECD),,2021,16859920000,
Western Africa (OECD),,2022,17718470000,
Yemen,YEM,1960,140310000,
Yemen,YEM,1961,135530000,
Yemen,YEM,1962,162720000,
Yemen,YEM,1963,190380000,
Yemen,YEM,1964,204880000,
Yemen,YEM,1965,270350000,
Yemen,YEM,1966,313470000,
Yemen,YEM,1967,206310000,
Yemen,YEM,1968,54850000,
Yemen,YEM,1969,32419998,
Yemen,YEM,1970,114830000,
Yemen,YEM,1971,201210000,
Yemen,YEM,1972,287190000,
Yemen,YEM,1973,305160000,
Yemen,YEM,1974,796030000,
Yemen,YEM,1975,973520000,
Yemen,YEM,1976,1801600000,
Yemen,YEM,1977,1545040000,
Yemen,YEM,1978,1180370000,
Yemen,YEM,1979,944340030,
Yemen,YEM,1980,1383560100,
Yemen,YEM,1981,1259850000,
Yemen,YEM,1982,1550010000,
Yemen,YEM,1983,1114490000,
Yemen,YEM,1984,1457660000,
Yemen,YEM,1985,1117750000,
Yemen,YEM,1986,734900030,
Yemen,YEM,1987,896160000,
Yemen,YEM,1988,519890020,
Yemen,YEM,1989,613739970,
Yemen,YEM,1990,702210050,
Yemen,YEM,1991,394190000,
Yemen,YEM,1992,342400000,
Yemen,YEM,1993,433510000,
Yemen,YEM,1994,222590000,
Yemen,YEM,1995,204390000,
Yemen,YEM,1996,310429980,
Yemen,YEM,1997,479630000,
Yemen,YEM,1998,528500000,
Yemen,YEM,1999,637480000,
Yemen,YEM,2000,469190000,
Yemen,YEM,2001,579229950,
Yemen,YEM,2002,325930000,
Yemen,YEM,2003,310360000,
Yemen,YEM,2004,318860000,
Yemen,YEM,2005,337810000,
Yemen,YEM,2006,327810000,
Yemen,YEM,2007,155250000,
Yemen,YEM,2008,323720000,
Yemen,YEM,2009,350210000,
Yemen,YEM,2010,686760000,
Yemen,YEM,2011,474760000,
Yemen,YEM,2012,738080000,
Yemen,YEM,2013,1059770050,
Yemen,YEM,2014,1158949900,
Yemen,YEM,2015,1958270100,
Yemen,YEM,2016,2559300000,
Yemen,YEM,2017,3538560000,
Yemen,YEM,2018,8355190300,
Yemen,YEM,2019,4012000000,
Yemen,YEM,2020,2661540000,
Yemen,YEM,2021,3830070000,
Yemen,YEM,2022,3636909800,
Zambia,ZMB,1960,9740000,
Zambia,ZMB,1961,9300000,
Zambia,ZMB,1962,57890000,
Zambia,ZMB,1963,52300000,
Zambia,ZMB,1964,196850000,
Zambia,ZMB,1965,98350000,
Zambia,ZMB,1966,244540000,
Zambia,ZMB,1967,514669980,
Zambia,ZMB,1968,263680000,
Zambia,ZMB,1969,164840000,
Zambia,ZMB,1970,99240000,
Zambia,ZMB,1971,146850000,
Zambia,ZMB,1972,131210010,
Zambia,ZMB,1973,230040000,
Zambia,ZMB,1974,255090000,
Zambia,ZMB,1975,333720000,
Zambia,ZMB,1976,246470000,
Zambia,ZMB,1977,377900000,
Zambia,ZMB,1978,550040000,
Zambia,ZMB,1979,738270000,
Zambia,ZMB,1980,757190000,
Zambia,ZMB,1981,572240000,
Zambia,ZMB,1982,812340030,
Zambia,ZMB,1983,567020000,
Zambia,ZMB,1984,659170000,
Zambia,ZMB,1985,853190000,
Zambia,ZMB,1986,973840000,
Zambia,ZMB,1987,801500000,
Zambia,ZMB,1988,796870000,
Zambia,ZMB,1989,623320000,
Zambia,ZMB,1990,736830000,
Zambia,ZMB,1991,1266590000,
Zambia,ZMB,1992,1431310100,
Zambia,ZMB,1993,1256610000,
Zambia,ZMB,1994,995720000,
Zambia,ZMB,1995,2511210000,
Zambia,ZMB,1996,798750000,
Zambia,ZMB,1997,874229950,
Zambia,ZMB,1998,512909980,
Zambia,ZMB,1999,879640000,
Zambia,ZMB,2000,1210500000,
Zambia,ZMB,2001,880290000,
Zambia,ZMB,2002,1206280100,
Zambia,ZMB,2003,1013099970,
Zambia,ZMB,2004,1317760000,
Zambia,ZMB,2005,1329920000,
Zambia,ZMB,2006,1718920100,
Zambia,ZMB,2007,996380000,
Zambia,ZMB,2008,1090990000,
Zambia,ZMB,2009,1311680000,
Zambia,ZMB,2010,991650050,
Zambia,ZMB,2011,1063530050,
Zambia,ZMB,2012,1011000000,
Zambia,ZMB,2013,1147170000,
Zambia,ZMB,2014,1024290050,
Zambia,ZMB,2015,891920000,
Zambia,ZMB,2016,1085370000,
Zambia,ZMB,2017,1164720000,
Zambia,ZMB,2018,1083329900,
Zambia,ZMB,2019,1015070000,
Zambia,ZMB,2020,1072449900,
Zambia,ZMB,2021,1082150000,
Zambia,ZMB,2022,1822060000,
Zimbabwe,ZWE,1961,100000,
Zimbabwe,ZWE,1963,105420000,
Zimbabwe,ZWE,1964,42430000,
Zimbabwe,ZWE,1965,32340000,
Zimbabwe,ZWE,1966,3150000,
Zimbabwe,ZWE,1967,3010000,
Zimbabwe,ZWE,1968,13480000,
Zimbabwe,ZWE,1969,5130000,
Zimbabwe,ZWE,1970,4390000,
Zimbabwe,ZWE,1971,4320000,
Zimbabwe,ZWE,1972,5000000,
Zimbabwe,ZWE,1973,4770000,
Zimbabwe,ZWE,1974,7620000,
Zimbabwe,ZWE,1975,17030000,
Zimbabwe,ZWE,1976,28170000,
Zimbabwe,ZWE,1977,26920000,
Zimbabwe,ZWE,1978,31720000,
Zimbabwe,ZWE,1979,34870000,
Zimbabwe,ZWE,1980,386109980,
Zimbabwe,ZWE,1981,443750000,
Zimbabwe,ZWE,1982,553410000,
Zimbabwe,ZWE,1983,548130000,
Zimbabwe,ZWE,1984,819410000,
Zimbabwe,ZWE,1985,635220000,
Zimbabwe,ZWE,1986,510709980,
Zimbabwe,ZWE,1987,562469950,
Zimbabwe,ZWE,1988,474660000,
Zimbabwe,ZWE,1989,467940000,
Zimbabwe,ZWE,1990,519690020,
Zimbabwe,ZWE,1991,570400000,
Zimbabwe,ZWE,1992,1141180000,
Zimbabwe,ZWE,1993,748490000,
Zimbabwe,ZWE,1994,815390000,
Zimbabwe,ZWE,1995,622190000,
Zimbabwe,ZWE,1996,481309980,
Zimbabwe,ZWE,1997,470380000,
Zimbabwe,ZWE,1998,379869980,
Zimbabwe,ZWE,1999,321390000,
Zimbabwe,ZWE,2000,243610000,
Zimbabwe,ZWE,2001,250080000,
Zimbabwe,ZWE,2002,295950000,
Zimbabwe,ZWE,2003,246100000,
Zimbabwe,ZWE,2004,224850000,
Zimbabwe,ZWE,2005,441650000,
Zimbabwe,ZWE,2006,309020000,
Zimbabwe,ZWE,2007,517099970,
Zimbabwe,ZWE,2008,669300000,
Zimbabwe,ZWE,2009,830890000,
Zimbabwe,ZWE,2010,761560000,
Zimbabwe,ZWE,2011,735900000,
Zimbabwe,ZWE,2012,1017880000,
Zimbabwe,ZWE,2013,837920000,
Zimbabwe,ZWE,2014,766270000,
Zimbabwe,ZWE,2015,865170000,
Zimbabwe,ZWE,2016,733160000,
Zimbabwe,ZWE,2017,803020000,
Zimbabwe,ZWE,2018,841260000,
Zimbabwe,ZWE,2019,906160000,
Zimbabwe,ZWE,2020,1023650050,
Zimbabwe,ZWE,2021,980310000,
Zimbabwe,ZWE,2022,786580030,